CREATE DATABASE  IF NOT EXISTS `echelon` /*!40100 DEFAULT CHARACTER SET latin1 */;
USE `echelon`;
-- MySQL dump 10.13  Distrib 5.5.41, for debian-linux-gnu (x86_64)
--
-- Host: bbbtimmy.noip.me    Database: echelon
-- ------------------------------------------------------
-- Server version	5.5.41-0+wheezy1

/*!40101 SET @OLD_CHARACTER_SET_CLIENT=@@CHARACTER_SET_CLIENT */;
/*!40101 SET @OLD_CHARACTER_SET_RESULTS=@@CHARACTER_SET_RESULTS */;
/*!40101 SET @OLD_COLLATION_CONNECTION=@@COLLATION_CONNECTION */;
/*!40101 SET NAMES utf8 */;
/*!40103 SET @OLD_TIME_ZONE=@@TIME_ZONE */;
/*!40103 SET TIME_ZONE='+00:00' */;
/*!40014 SET @OLD_UNIQUE_CHECKS=@@UNIQUE_CHECKS, UNIQUE_CHECKS=0 */;
/*!40014 SET @OLD_FOREIGN_KEY_CHECKS=@@FOREIGN_KEY_CHECKS, FOREIGN_KEY_CHECKS=0 */;
/*!40101 SET @OLD_SQL_MODE=@@SQL_MODE, SQL_MODE='NO_AUTO_VALUE_ON_ZERO' */;
/*!40111 SET @OLD_SQL_NOTES=@@SQL_NOTES, SQL_NOTES=0 */;

--
-- Table structure for table `app_academicprogram`
--

DROP TABLE IF EXISTS `app_academicprogram`;
/*!40101 SET @saved_cs_client     = @@character_set_client */;
/*!40101 SET character_set_client = utf8 */;
CREATE TABLE `app_academicprogram` (
  `id` int(11) NOT NULL AUTO_INCREMENT,
  `name` varchar(120) NOT NULL,
  `credits` double NOT NULL,
  PRIMARY KEY (`id`)
) ENGINE=InnoDB DEFAULT CHARSET=latin1;
/*!40101 SET character_set_client = @saved_cs_client */;

--
-- Dumping data for table `app_academicprogram`
--

LOCK TABLES `app_academicprogram` WRITE;
/*!40000 ALTER TABLE `app_academicprogram` DISABLE KEYS */;
/*!40000 ALTER TABLE `app_academicprogram` ENABLE KEYS */;
UNLOCK TABLES;

--
-- Table structure for table `app_course`
--

DROP TABLE IF EXISTS `app_course`;
/*!40101 SET @saved_cs_client     = @@character_set_client */;
/*!40101 SET character_set_client = utf8 */;
CREATE TABLE `app_course` (
  `name` varchar(120) NOT NULL,
  `department` varchar(120) NOT NULL,
  `number` int(11) NOT NULL,
  `deptnum` varchar(120) NOT NULL,
  `type` varchar(120) DEFAULT NULL,
  `credits` double NOT NULL,
  `yearSpan` varchar(120) DEFAULT NULL,
  PRIMARY KEY (`deptnum`)
) ENGINE=InnoDB DEFAULT CHARSET=latin1;
/*!40101 SET character_set_client = @saved_cs_client */;

--
-- Dumping data for table `app_course`
--

LOCK TABLES `app_course` WRITE;
/*!40000 ALTER TABLE `app_course` DISABLE KEYS */;
INSERT INTO `app_course` VALUES ('FLIGHT CONTROL SYSTEMS','AERO',480,'AERO480',NULL,3.5,'14-15'),('AVIONIC NAVIGATION SYSTEMS','AERO',482,'AERO482',NULL,3,'14-15'),('RECREATION/LEISURE IN CANADA','AHSC',242,'AHSC242',NULL,3,'14-15'),('INTRODUCTION TO CULTURE','ANTH',202,'ANTH202',NULL,3,'14-15'),('TECHNOLOGY & CONTEMP. ART','ARTH',353,'ARTH353',NULL,3,'14-15'),('ELEMENTARY GENETICS','BIOL',206,'BIOL206',NULL,3,'14-15'),('BIODIVERSITY AND ECOLOGY','BIOL',226,'BIOL226',NULL,3,'14-15'),('MOLECULAR & GENERAL GENETICS','BIOL',261,'BIOL261',NULL,3,'14-15'),('DISCOVERING BIOTECHNOLOGY','CHEM',209,'CHEM209',NULL,3,'14-15'),('INTRO ANALYTICAL CHEMISTRY I','CHEM',217,'CHEM217',NULL,3,'14-15'),('INTRO - ORGANIC CHEMISTRY I','CHEM',221,'CHEM221',NULL,3,'14-15'),('PHYS.CHEM I:THERMODYNAMICS','CHEM',234,'CHEM234',NULL,3,'14-15'),('INTRO CLASSICAL ARCHAEOLOGY','CLAS',266,'CLAS266',NULL,3,'14-15'),('INTRO TO REAL-TIME SYSTEMS','COEN',320,'COEN320',NULL,3,'14-15'),('MATH. FOR COMPUTER SCIENCE','COMP',232,'COMP232',NULL,3,'14-15'),('OBJ-ORIENTED PROGRAMMING I','COMP',248,'COMP248',NULL,3,'14-15'),('OBJ-ORIENTED PROGRAMMING II','COMP',249,'COMP249',NULL,3,'14-15'),('INTRO/THEORETICAL COMP SCI','COMP',335,'COMP335',NULL,3,'14-15'),('ADVANCED PROGRAM DESIGN, C++','COMP',345,'COMP345',NULL,4,'14-15'),('OPERATING SYSTEMS','COMP',346,'COMP346',NULL,4,'14-15'),('PRIN./PROGRAMMING LANGUAGES','COMP',348,'COMP348',NULL,3,'14-15'),('DATA STRUCTURES + ALGORITHMS','COMP',352,'COMP352',NULL,3,'14-15'),('DATABASES','COMP',353,'COMP353',NULL,4,'14-15'),('ELEMENTARY NUMERICAL METHODS','COMP',361,'COMP361',NULL,3,'14-15'),('COMPUTER GRAPHICS','COMP',371,'COMP371',NULL,4,'14-15'),('INTRO. TO GAME DEVELOPMENT','COMP',376,'COMP376',NULL,4,'14-15'),('MULTICORE PROGRAMMING','COMP',426,'COMP426',NULL,4,'14-15'),('PARALLEL PROGRAMMING','COMP',428,'COMP428',NULL,4,'14-15'),('COMPILER DESIGN','COMP',442,'COMP442',NULL,4,'14-15'),('DATA COMM + COMP NETWORKS','COMP',445,'COMP445',NULL,4,'14-15'),('DESIGN+ANALYSIS/ALGORITHMS','COMP',465,'COMP465',NULL,3,'14-15'),('ARTIFICIAL INTELLIGENCE','COMP',472,'COMP472',NULL,4,'14-15'),('PATTERN RECOGNITION','COMP',473,'COMP473',NULL,4,'14-15'),('INTELLIGENT SYSTEMS','COMP',474,'COMP474',NULL,4,'14-15'),('ADVANCED GAME DEVELOPMENT','COMP',476,'COMP476',NULL,4,'14-15'),('ANIMATION FOR COMPUTER GAMES','COMP',477,'COMP477',NULL,4,'14-15'),('IMAGE PROCESSING','COMP',478,'COMP478',NULL,4,'14-15'),('INFO. RETRIEVAL & WEB SEARCH','COMP',479,'COMP479',NULL,4,'14-15'),('MASS COMMUNICATION','COMS',360,'COMS360',NULL,3,'14-15'),('INTRODUCTION-MICROECONOMICS','ECON',201,'ECON201',NULL,3,'14-15'),('INTRODUCTION-MACROECONOMICS','ECON',203,'ECON203',NULL,3,'14-15'),('INTRO TO PHILOSOPHY OF EDUC','EDUC',230,'EDUC230',NULL,3,'14-15'),('PRINCIPLES OF ELEC. ENGG.','ELEC',275,'ELEC275',NULL,3.5,'14-15'),('TECH. WRITING + COMMUNIC N.','ENCS',282,'ENCS282',NULL,3,'14-15'),('INN.&CRITICL; THKNG SCI&TECH;','ENCS',483,'ENCS483',NULL,3,'14-15'),('PROFESS L. PRACTICE+RESPONS.','ENGR',201,'ENGR201',NULL,1.5,'14-15'),('SUSTAIN.DEV.+ENVIRO.STEWART.','ENGR',202,'ENGR202',NULL,1.5,'14-15'),('APP.ORDINARY DIFF.EQUATIONS','ENGR',213,'ENGR213',NULL,3,'14-15'),('APPLIED ADVANCED CALCULUS','ENGR',233,'ENGR233',NULL,3,'14-15'),('ENGR.MGMT.PRINCIP.+ECONOMICS','ENGR',301,'ENGR301',NULL,3,'14-15'),('PROBABILITY+STATISTICS/ENGR.','ENGR',371,'ENGR371',NULL,3,'14-15'),('NUMERICAL METHODS IN ENGR','ENGR',391,'ENGR391',NULL,3,'14-15'),('IMPACT/TECHNOLOGY ON SOCIETY','ENGR',392,'ENGR392',NULL,3,'14-15'),('SPECIAL TECHNICAL REPORT','ENGR',411,'ENGR411',NULL,1,'14-15'),('INTRO CULTURE FRANCOPHONE','FLIT',230,'FLIT230',NULL,3,'14-15'),('ENGLISH-CANADIAN FILM','FMST',214,'FMST214',NULL,3,'14-15'),('LE CINEMA QUEBECOIS','FMST',215,'FMST215',NULL,3,'14-15'),('CANADIAN ENVIRONM TAL ISSUES','GEOG',203,'GEOG203',NULL,3,'14-15'),('GLOBAL ENVIRONMENTAL ISSUES','GEOG',204,'GEOG204',NULL,3,'14-15'),('GEOGRAPHY OF GLOBAL CHANGE','GEOG',210,'GEOG210',NULL,3,'14-15'),('PLACE, SPACE AND IDENTITY','GEOG',220,'GEOG220',NULL,3,'14-15'),('INTRO:EUROPEAN HIST TO 1789','HIST',201,'HIST201',NULL,3,'14-15'),('INTRO:EUROPEAN 1789-PRESENT','HIST',202,'HIST202',NULL,3,'14-15'),('CANADA: POST-CONFEDERATION','HIST',205,'HIST205',NULL,3,'14-15'),('FILM IN HISTORY','HIST',281,'HIST281',NULL,3,'14-15'),('THE 20TH C: GLOBAL HISTORY','HIST',283,'HIST283',NULL,3,'14-15'),('INTROINFOLITERACYSKILLS','INST',250,'INST250',NULL,3,'14-15'),('LANG & MIND: CHOMSKYAN PROG','LING',222,'LING222',NULL,3,'14-15'),('SOCIOLINGUISTICS','LING',300,'LING300',NULL,3,'14-15'),('PROBLEMS OF PHILOSOPHY','PHIL',201,'PHIL201',NULL,3,'14-15'),('CRITICAL THINKING','PHIL',210,'PHIL210',NULL,3,'14-15'),('INTRO TO  ETHICS','PHIL',232,'PHIL232',NULL,3,'14-15'),('BIOMEDICAL ETHICS','PHIL',235,'PHIL235',NULL,3,'14-15'),('MODERN TO POSTMODERN','PHIL',275,'PHIL275',NULL,3,'14-15'),('CONTEMPORARY ETHICAL THEORY','PHIL',330,'PHIL330',NULL,3,'14-15'),('OPTICS','PHYS',252,'PHYS252',NULL,3,'14-15'),('ELECTRICITY & MAGNETISM I','PHYS',253,'PHYS253',NULL,3,'14-15'),('THERMODYNAMICS','PHYS',334,'PHYS334',NULL,3,'14-15'),('ELECTRICITY & MAGNETISM II','PHYS',354,'PHYS354',NULL,3,'14-15'),('INTRO TO POLITICAL SCIENCE','POLI',202,'POLI202',NULL,3,'14-15'),('RELIGIONS OF THE WEST','RELI',214,'RELI214',NULL,3,'14-15'),('RELIGIONS OF ASIA','RELI',215,'RELI215',NULL,3,'14-15'),('SELF/OTHER: ID\'TY & ETHICS','RELI',310,'RELI310',NULL,3,'14-15'),('JUSTICE & SOCIAL CONFLICT','RELI',312,'RELI312',NULL,3,'14-15'),('PUBLIC POLICY &INTEREST;','SCPA',201,'SCPA201',NULL,3,'14-15'),('ECON FOR PUB POL&COM; DEV','SCPA',215,'SCPA215',NULL,3,'14-15'),('INTRODUCTION TO SOCIETY','SOCI',203,'SOCI203',NULL,3,'14-15'),('SYSTEM HARDWARE','SOEN',228,'SOEN228',NULL,4,'14-15'),('WEB PROGRAMMING','SOEN',287,'SOEN287',NULL,3,'14-15'),('SYSTEM HARDWARE LAB','SOEN',298,'SOEN298',NULL,1,'14-15'),('INFORMATION SYSTEMS SECURITY','SOEN',321,'SOEN321',NULL,3,'14-15'),('INTRO TO FML MTHDS FOR SOEN','SOEN',331,'SOEN331',NULL,3,'14-15'),('SOFTWARE PROCESS','SOEN',341,'SOEN341',NULL,3,'14-15'),('SW REQUIREMENTS + SPECS.','SOEN',342,'SOEN342',NULL,3,'14-15'),('S.W. ARCHITECURE & DESIGN I','SOEN',343,'SOEN343',NULL,3,'14-15'),('S.W. ARCHITECURE & DESIGN II','SOEN',344,'SOEN344',NULL,3,'14-15'),('S.W. TESTING, VERIF & QA','SOEN',345,'SOEN345',NULL,3,'14-15'),('USER INTERFACE DESIGN','SOEN',357,'SOEN357',NULL,3,'14-15'),('MGMT+QUALITY CTRL./SW DEV.','SOEN',384,'SOEN384',NULL,3,'14-15'),('CONTROL SYSTEMS+APPLICATIONS','SOEN',385,'SOEN385',NULL,3,'14-15'),('WEB-BASED ENTER. APP DESIGN','SOEN',387,'SOEN387',NULL,3,'14-15'),('SOFTWARE ENGR. TEAM PROJECT','SOEN',390,'SOEN390',NULL,3.5,'14-15'),('EMBEDDED SYSTEMS/SOFTWARE','SOEN',422,'SOEN422',NULL,4,'14-15'),('DISTRIBUTED SYSTEMS','SOEN',423,'SOEN423',NULL,4,'14-15'),('WEB SERVICES & APPLICATIONS','SOEN',487,'SOEN487',NULL,4,'14-15'),('CAPSTONE SW ENGR DESIGN PROJ','SOEN',490,'SOEN490',NULL,4,'14-15'),('INTRO. TO BIBLICAL STUDIES','THEO',202,'THEO202',NULL,3,'14-15'),('INTRO.TO CHRISTIAN ETHICS','THEO',204,'THEO204',NULL,3,'14-15'),('RELG. PLURALISM/SECULAR CULT','THEO',233,'THEO233',NULL,3,'14-15'),('INTRO TO HIST. PERSP. IN WS','WSDB',290,'WSDB290',NULL,3,'14-15'),('INTRO CONT.  PERSP.  IN WS','WSDB',291,'WSDB291',NULL,3,'14-15');
/*!40000 ALTER TABLE `app_course` ENABLE KEYS */;
UNLOCK TABLES;

--
-- Table structure for table `app_course_prerequisites`
--

DROP TABLE IF EXISTS `app_course_prerequisites`;
/*!40101 SET @saved_cs_client     = @@character_set_client */;
/*!40101 SET character_set_client = utf8 */;
CREATE TABLE `app_course_prerequisites` (
  `id` int(11) NOT NULL AUTO_INCREMENT,
  `from_course_id` varchar(120) NOT NULL,
  `to_course_id` varchar(120) NOT NULL,
  PRIMARY KEY (`id`),
  UNIQUE KEY `from_course_id` (`from_course_id`,`to_course_id`),
  KEY `app_course_prerequisites_fd68de27` (`from_course_id`),
  KEY `app_course_prerequisites_faf76fb8` (`to_course_id`),
  CONSTRAINT `app_course_p_to_course_id_4625ae5a62841d7f_fk_app_course_deptnum` FOREIGN KEY (`to_course_id`) REFERENCES `app_course` (`deptnum`),
  CONSTRAINT `app_course_from_course_id_143b0d60c15b9f88_fk_app_course_deptnum` FOREIGN KEY (`from_course_id`) REFERENCES `app_course` (`deptnum`)
) ENGINE=InnoDB DEFAULT CHARSET=latin1;
/*!40101 SET character_set_client = @saved_cs_client */;

--
-- Dumping data for table `app_course_prerequisites`
--

LOCK TABLES `app_course_prerequisites` WRITE;
/*!40000 ALTER TABLE `app_course_prerequisites` DISABLE KEYS */;
/*!40000 ALTER TABLE `app_course_prerequisites` ENABLE KEYS */;
UNLOCK TABLES;

--
-- Table structure for table `app_event`
--

DROP TABLE IF EXISTS `app_event`;
/*!40101 SET @saved_cs_client     = @@character_set_client */;
/*!40101 SET character_set_client = utf8 */;
CREATE TABLE `app_event` (
  `id` int(11) NOT NULL AUTO_INCREMENT,
  `days` varchar(120) NOT NULL,
  `starttime` time NOT NULL,
  `endtime` time NOT NULL,
  `building` varchar(120) DEFAULT NULL,
  `room` int(11) NOT NULL,
  `location` varchar(120) NOT NULL,
  `semester` varchar(120) NOT NULL,
  `yearSpan` varchar(120) DEFAULT NULL,
  PRIMARY KEY (`id`)
) ENGINE=InnoDB AUTO_INCREMENT=1829 DEFAULT CHARSET=latin1;
/*!40101 SET character_set_client = @saved_cs_client */;

--
-- Dumping data for table `app_event`
--

LOCK TABLES `app_event` WRITE;
/*!40000 ALTER TABLE `app_event` DISABLE KEYS */;
INSERT INTO `app_event` VALUES (1,'-T-J---','11:45:00','14:15:00','SGW H-920',0,'SGW H-920','Summer2',NULL),(2,'-T-J---','15:00:00','16:40:00','SGW H-603        1',0,'SGW H-603        1','Summer2',NULL),(3,'--W----','08:45:00','11:30:00','SGW H-822',0,'SGW H-822','Summer2',NULL),(4,'--W----','12:30:00','15:15:00','SGW H-822',0,'SGW H-822','Summer2',NULL),(5,'-T-J---','15:00:00','16:40:00','SGW H-920',0,'SGW H-920','Summer2',NULL),(6,'-T-----','08:45:00','11:30:00','SGW H-822',0,'SGW H-822','Summer2',NULL),(7,'---J---','08:45:00','11:30:00','SGW H-822',0,'SGW H-822','Summer2',NULL),(8,'--W-F--','11:45:00','13:00:00','SGW MB-S2.115',0,'SGW MB-S2.115','Fall',NULL),(9,'----F--','13:15:00','14:55:00','SGW FG-B070',0,'SGW FG-B070','Fall',NULL),(10,'-T-----','11:45:00','14:30:00','SGW H-822',0,'SGW H-822','Fall',NULL),(11,'---J---','11:45:00','14:30:00','SGW H-822',0,'SGW H-822','Fall',NULL),(12,'----F--','08:45:00','11:30:00','SGW H-822',0,'SGW H-822','Fall',NULL),(13,'-T-J---','08:45:00','10:00:00','SGW FG-B040',0,'SGW FG-B040','Fall',NULL),(14,'--W----','14:45:00','16:25:00','SGW H-540',0,'SGW H-540','Fall',NULL),(15,'M------','08:45:00','11:30:00','SGW H-822',0,'SGW H-822','Fall',NULL),(16,'M------','14:45:00','17:30:00','SGW H-822',0,'SGW H-822','Fall',NULL),(17,'--W----','14:45:00','16:25:00','SGW H-603        1',0,'SGW H-603        1','Fall',NULL),(18,'M------','14:45:00','17:30:00','SGW H-822',0,'SGW H-822','Fall',NULL),(19,'M------','08:45:00','11:30:00','SGW H-822',0,'SGW H-822','Fall',NULL),(20,'-T-----','17:45:00','20:15:00','SGW FG-C080',0,'SGW FG-C080','Winter',NULL),(21,'--W----','09:45:00','11:25:00','SGW MB-S1.115',0,'SGW MB-S1.115','Winter',NULL),(22,'M------','08:45:00','11:30:00','SGW H-822',0,'SGW H-822','Winter',NULL),(23,'--W----','17:45:00','20:30:00','SGW H-822',0,'SGW H-822','Winter',NULL),(24,'M------','17:45:00','20:30:00','SGW H-822',0,'SGW H-822','Winter',NULL),(25,'--W----','10:15:00','11:55:00','SGW MB-S2.115',0,'SGW MB-S2.115','Winter',NULL),(26,'M------','08:45:00','11:30:00','SGW H-822',0,'SGW H-822','Winter',NULL),(27,'---J---','17:45:00','20:30:00','SGW H-822',0,'SGW H-822','Winter',NULL),(28,'---J---','17:45:00','20:30:00','SGW H-822',0,'SGW H-822','Winter',NULL),(29,'-T-J---','10:15:00','12:45:00','SGW H-535',0,'SGW H-535','Summer1',NULL),(30,'-T-J---','08:30:00','10:10:00','SGW H-435',0,'SGW H-435','Summer1',NULL),(31,'-T-J---','14:00:00','15:40:00','SGW FG-C080',0,'SGW FG-C080','Summer1',NULL),(32,'M-W----','08:45:00','10:25:00','SGW H-615',0,'SGW H-615','Summer1',NULL),(33,'-T-J---','10:45:00','13:15:00','SGW H-937',0,'SGW H-937','Summer1',NULL),(34,'-T-J---','08:45:00','10:25:00','SGW FG-C070',0,'SGW FG-C070','Summer1',NULL),(35,'-T-J---','14:00:00','15:40:00','SGW H-937',0,'SGW H-937','Summer1',NULL),(36,'M-W----','08:45:00','10:25:00','SGW H-529',0,'SGW H-529','Summer1',NULL),(37,'-T-J---','10:15:00','12:45:00','SGW H-407',0,'SGW H-407','Summer2',NULL),(38,'-T-J---','08:30:00','10:10:00','SGW H-539',0,'SGW H-539','Summer2',NULL),(39,'-T-J---','14:00:00','15:40:00','SGW H-539',0,'SGW H-539','Summer2',NULL),(40,'M-W----','08:45:00','10:25:00','SGW H-623',0,'SGW H-623','Summer2',NULL),(41,'M-W----','16:15:00','17:30:00','SGW H-553',0,'SGW H-553','Fall',NULL),(42,'M------','08:20:00','10:00:00','SGW H-544',0,'SGW H-544','Fall',NULL),(43,'M------','08:20:00','10:00:00','SGW H-529',0,'SGW H-529','Fall',NULL),(44,'M------','08:20:00','10:00:00','SGW H-564',0,'SGW H-564','Fall',NULL),(45,'M------','17:55:00','19:35:00','SGW H-611',0,'SGW H-611','Fall',NULL),(46,'M-W----','14:45:00','16:00:00','SGW H-553',0,'SGW H-553','Fall',NULL),(47,'--W----','16:15:00','17:55:00','SGW H-607',0,'SGW H-607','Fall',NULL),(48,'--W----','16:15:00','17:55:00','SGW H-611',0,'SGW H-611','Fall',NULL),(49,'--W----','16:15:00','17:55:00','SGW H-513',0,'SGW H-513','Fall',NULL),(50,'--W----','17:45:00','19:25:00','SGW H-621',0,'SGW H-621','Fall',NULL),(51,'-T-----','17:45:00','20:15:00','SGW H-553',0,'SGW H-553','Fall',NULL),(52,'----F--','16:15:00','17:55:00','SGW H-615',0,'SGW H-615','Fall',NULL),(53,'----F--','16:15:00','17:55:00','SGW H-529',0,'SGW H-529','Fall',NULL),(54,'----F--','16:15:00','17:55:00','SGW H-400        2',0,'SGW H-400        2','Fall',NULL),(55,'---J---','17:45:00','19:25:00','SGW H-615',0,'SGW H-615','Fall',NULL),(56,'-T-J---','14:45:00','16:00:00','SGW H-553',0,'SGW H-553','Winter',NULL),(57,'----F--','16:15:00','17:55:00','SGW H-615',0,'SGW H-615','Winter',NULL),(58,'-T-----','16:15:00','17:55:00','SGW H-529',0,'SGW H-529','Winter',NULL),(59,'M------','16:15:00','17:55:00','SGW H-611',0,'SGW H-611','Winter',NULL),(60,'----F--','16:15:00','17:55:00','SGW H-529',0,'SGW H-529','Winter',NULL),(61,'-T-----','17:45:00','20:15:00','SGW H-937',0,'SGW H-937','Winter',NULL),(62,'M------','16:15:00','17:55:00','SGW H-529',0,'SGW H-529','Winter',NULL),(63,'---J---','16:15:00','17:55:00','SGW H-439',0,'SGW H-439','Winter',NULL),(64,'----F--','16:15:00','17:55:00','SGW H-400',0,'SGW H-400','Winter',NULL),(65,'-T-----','20:30:00','22:10:00','SGW H-529',0,'SGW H-529','Winter',NULL),(66,'-T-----','20:30:00','22:10:00','SGW H-920',0,'SGW H-920','Winter',NULL),(67,'M------','18:30:00','21:00:00','SGW H-435',0,'SGW H-435','Summer1',NULL),(68,'---J---','09:20:00','10:10:00','SGW H-603        1',0,'SGW H-603        1','Summer1',NULL),(69,'---J---','11:00:00','11:50:00','SGW H-603        1',0,'SGW H-603        1','Summer1',NULL),(70,'---J---','13:00:00','13:50:00','SGW H-603        1',0,'SGW H-603        1','Summer1',NULL),(71,'---J---','14:00:00','14:50:00','SGW H-603        1',0,'SGW H-603        1','Summer1',NULL),(72,'-T-----','16:15:00','17:30:00','SGW H-937',0,'SGW H-937','Fall',NULL),(73,'--W----','08:45:00','09:35:00','SGW H-401',0,'SGW H-401','Fall',NULL),(74,'--W----','08:45:00','09:35:00','SGW H-401',0,'SGW H-401','Fall',NULL),(75,'---J---','16:15:00','17:05:00','SGW FG-B080',0,'SGW FG-B080','Fall',NULL),(76,'---J---','16:15:00','17:05:00','SGW FG-B080',0,'SGW FG-B080','Fall',NULL),(77,'---J---','16:15:00','17:30:00','SGW H-937',0,'SGW H-937','Fall',NULL),(78,'---J---','17:45:00','18:35:00','SGW H-401',0,'SGW H-401','Fall',NULL),(79,'---J---','17:45:00','18:35:00','SGW H-401',0,'SGW H-401','Fall',NULL),(80,'-T-----','16:15:00','17:05:00','SGW H-401',0,'SGW H-401','Fall',NULL),(81,'M------','08:45:00','09:35:00','SGW H-423',0,'SGW H-423','Fall',NULL),(82,'-T-----','16:15:00','17:30:00','SGW H-937',0,'SGW H-937','Winter',NULL),(83,'--W----','08:45:00','09:35:00','SGW FG-B055',0,'SGW FG-B055','Winter',NULL),(84,'--W----','08:45:00','09:35:00','SGW FG-B055',0,'SGW FG-B055','Winter',NULL),(85,'---J---','16:15:00','17:05:00','SGW FG-B080',0,'SGW FG-B080','Winter',NULL),(86,'---J---','16:15:00','17:05:00','SGW FG-B080',0,'SGW FG-B080','Winter',NULL),(87,'-------','00:00:00','00:00:00','SGW(Online)',0,'SGW(Online)','Winter',NULL),(88,'----F--','08:45:00','09:35:00','SGW H-401',0,'SGW H-401','Winter',NULL),(89,'----F--','08:45:00','09:35:00','SGW H-401',0,'SGW H-401','Winter',NULL),(90,'-T-----','16:15:00','17:05:00','SGW H-433',0,'SGW H-433','Winter',NULL),(91,'-T-----','16:15:00','17:05:00','SGW H-433',0,'SGW H-433','Winter',NULL),(92,'M-W----','11:45:00','13:00:00','SGW H-937',0,'SGW H-937','Summer1',NULL),(93,'----F--','16:15:00','17:30:00','SGW H-531',0,'SGW H-531','Fall',NULL),(94,'---J---','16:15:00','17:30:00','SGW H-531',0,'SGW H-531','Fall',NULL),(95,'---J---','16:15:00','17:30:00','SGW H-531',0,'SGW H-531','Winter',NULL),(96,'--W----','17:45:00','19:00:00','SGW FG-C080',0,'SGW FG-C080','Winter',NULL),(97,'-T-J---','10:15:00','12:45:00','SGW H-435',0,'SGW H-435','Summer1',NULL),(98,'-T-J---','08:30:00','10:10:00','SGW H-937',0,'SGW H-937','Summer1',NULL),(99,'-T-J---','08:30:00','10:10:00','SGW H-535',0,'SGW H-535','Summer1',NULL),(100,'M-W----','11:45:00','13:00:00','SGW MB-S2.210',0,'SGW MB-S2.210','Fall',NULL),(101,'----F--','13:15:00','14:55:00','SGW H-605',0,'SGW H-605','Fall',NULL),(102,'----F--','13:15:00','14:55:00','SGW MB-S1.430',0,'SGW MB-S1.430','Fall',NULL),(103,'--W-F--','08:45:00','10:00:00','SGW H-535',0,'SGW H-535','Fall',NULL),(104,'M------','08:20:00','10:00:00','SGW H-433',0,'SGW H-433','Fall',NULL),(105,'M------','08:20:00','10:00:00','SGW H-561',0,'SGW H-561','Fall',NULL),(106,'-T-J---','10:15:00','11:30:00','SGW H-411',0,'SGW H-411','Fall',NULL),(107,'M------','13:15:00','14:55:00','SGW H-423',0,'SGW H-423','Fall',NULL),(108,'M------','13:15:00','14:55:00','SGW H-403',0,'SGW H-403','Fall',NULL),(109,'--W-F--','11:45:00','13:00:00','SGW H-937',0,'SGW H-937','Fall',NULL),(110,'----F--','14:15:00','15:55:00','SGW H-1011',0,'SGW H-1011','Fall',NULL),(111,'M------','14:15:00','15:55:00','SGW H-435',0,'SGW H-435','Fall',NULL),(112,'--W-F--','08:45:00','10:00:00','SGW H-435',0,'SGW H-435','Fall',NULL),(113,'---J---','13:45:00','15:25:00','SGW H-407',0,'SGW H-407','Fall',NULL),(114,'---J---','13:45:00','15:25:00','SGW FG-B080',0,'SGW FG-B080','Fall',NULL),(115,'-T-J---','10:15:00','11:30:00','SGW H-553',0,'SGW H-553','Fall',NULL),(116,'M------','13:15:00','14:55:00','SGW H-531',0,'SGW H-531','Fall',NULL),(117,'M------','13:15:00','14:55:00','SGW MB-2.435',0,'SGW MB-2.435','Fall',NULL),(118,'----F--','17:45:00','20:15:00','SGW H-535',0,'SGW H-535','Fall',NULL),(119,'----F--','15:45:00','17:25:00','SGW H-520',0,'SGW H-520','Fall',NULL),(120,'----F--','15:45:00','17:25:00','SGW H-420',0,'SGW H-420','Fall',NULL),(121,'-T-J---','14:45:00','16:00:00','SGW H-937',0,'SGW H-937','Winter',NULL),(122,'M------','18:00:00','19:40:00','SGW H-420',0,'SGW H-420','Winter',NULL),(123,'----F--','17:45:00','19:25:00','SGW H-403',0,'SGW H-403','Winter',NULL),(124,'M------','18:00:00','19:40:00','SGW H-529',0,'SGW H-529','Winter',NULL),(125,'----F--','17:45:00','19:25:00','SGW H-513',0,'SGW H-513','Winter',NULL),(126,'M------','18:00:00','19:40:00','SGW H-611',0,'SGW H-611','Winter',NULL),(127,'-T-J---','14:45:00','16:00:00','SGW H-435',0,'SGW H-435','Winter',NULL),(128,'M------','16:10:00','17:50:00','SGW H-420',0,'SGW H-420','Winter',NULL),(129,'----F--','17:45:00','19:25:00','SGW H-501',0,'SGW H-501','Winter',NULL),(130,'M------','16:10:00','17:50:00','SGW MB-2.285',0,'SGW MB-2.285','Winter',NULL),(131,'----F--','17:45:00','19:25:00','SGW H-562',0,'SGW H-562','Winter',NULL),(132,'M------','16:10:00','17:50:00','SGW H-540',0,'SGW H-540','Winter',NULL),(133,'M------','18:00:00','19:00:00','SGW H-423',0,'SGW H-423','Winter',NULL),(134,'-T-J---','14:45:00','16:00:00','SGW FG-B040',0,'SGW FG-B040','Winter',NULL),(135,'----F--','15:45:00','17:25:00','SGW H-537',0,'SGW H-537','Winter',NULL),(136,'----F--','15:45:00','17:25:00','SGW H-544',0,'SGW H-544','Winter',NULL),(137,'----F--','15:45:00','17:25:00','SGW H-619',0,'SGW H-619','Winter',NULL),(138,'----F--','15:45:00','17:25:00','SGW H-423',0,'SGW H-423','Winter',NULL),(139,'-T-J---','10:45:00','13:15:00','SGW H-435',0,'SGW H-435','Summer2',NULL),(140,'-T-J---','08:45:00','10:25:00','SGW H-564',0,'SGW H-564','Summer2',NULL),(141,'-T-J---','08:45:00','10:25:00','SGW H-562',0,'SGW H-562','Summer2',NULL),(142,'-T-J---','08:45:00','10:25:00','SGW H-431',0,'SGW H-431','Summer2',NULL),(143,'-T-J---','08:45:00','10:25:00','SGW H-537',0,'SGW H-537','Summer2',NULL),(144,'-T-J---','08:45:00','10:25:00','SGW H-627',0,'SGW H-627','Summer2',NULL),(145,'-T-J---','13:15:00','14:30:00','SGW H-415',0,'SGW H-415','Fall',NULL),(146,'M------','10:45:00','12:25:00','SGW MB-S1.115',0,'SGW MB-S1.115','Fall',NULL),(147,'M------','10:45:00','12:25:00','SGW H-401',0,'SGW H-401','Fall',NULL),(148,'-T-J---','13:15:00','14:30:00','SGW FG-B060',0,'SGW FG-B060','Fall',NULL),(149,'M------','10:45:00','12:25:00','SGW FG-B055',0,'SGW FG-B055','Fall',NULL),(150,'M------','10:45:00','12:25:00','SGW FG-B080',0,'SGW FG-B080','Fall',NULL),(151,'M-W----','16:15:00','17:30:00','SGW FG-C080',0,'SGW FG-C080','Winter',NULL),(152,'M------','17:45:00','19:25:00','SGW FG-C080',0,'SGW FG-C080','Winter',NULL),(153,'M------','19:40:00','21:20:00','SGW FG-C080',0,'SGW FG-C080','Winter',NULL),(154,'M------','13:15:00','15:05:00','SGW MB-2.285',0,'SGW MB-2.285','Winter',NULL),(155,'-T-J---','11:45:00','13:00:00','SGW H-415',0,'SGW H-415','Winter',NULL),(156,'----F--','14:15:00','15:55:00','SGW H-627',0,'SGW H-627','Winter',NULL),(157,'----F--','14:15:00','15:55:00','SGW H-562',0,'SGW H-562','Winter',NULL),(158,'----F--','14:15:00','15:55:00','SGW H-431',0,'SGW H-431','Winter',NULL),(159,'--W-F--','08:45:00','10:00:00','SGW MB-S2.210',0,'SGW MB-S2.210','Winter',NULL),(160,'M------','08:20:00','10:00:00','SGW H-619',0,'SGW H-619','Winter',NULL),(161,'--W----','13:15:00','14:55:00','SGW H-621',0,'SGW H-621','Winter',NULL),(162,'M------','08:20:00','10:00:00','SGW H-621',0,'SGW H-621','Winter',NULL),(163,'--W-F--','10:15:00','11:30:00','SGW H-620',0,'SGW H-620','Winter',NULL),(164,'---J---','09:45:00','11:25:00','SGW MB-3.265',0,'SGW MB-3.265','Winter',NULL),(165,'---J---','09:45:00','11:25:00','SGW MB-3.285',0,'SGW MB-3.285','Winter',NULL),(166,'---J---','09:45:00','11:25:00','SGW MB-1.301',0,'SGW MB-1.301','Winter',NULL),(167,'-T-J---','08:45:00','10:00:00','SGW H-407',0,'SGW H-407','Winter',NULL),(168,'M------','09:45:00','11:25:00','SGW H-623',0,'SGW H-623','Winter',NULL),(169,'M------','13:15:00','14:55:00','SGW H-613',0,'SGW H-613','Winter',NULL),(170,'M------','09:45:00','11:25:00','SGW H-603        1',0,'SGW H-603        1','Winter',NULL),(171,'-T-J---','08:45:00','10:00:00','SGW H-535',0,'SGW H-535','Winter',NULL),(172,'M------','08:20:00','10:00:00','SGW H-611',0,'SGW H-611','Winter',NULL),(173,'M------','08:20:00','10:00:00','SGW H-609',0,'SGW H-609','Winter',NULL),(174,'M------','08:20:00','10:00:00','SGW H-607',0,'SGW H-607','Winter',NULL),(175,'--W-F--','10:15:00','11:30:00','SGW H-1070',0,'SGW H-1070','Winter',NULL),(176,'----F--','14:15:00','15:55:00','SGW MB-2.285',0,'SGW MB-2.285','Winter',NULL),(177,'----F--','14:15:00','15:55:00','SGW MB-3.255',0,'SGW MB-3.255','Winter',NULL),(178,'----F--','14:15:00','15:55:00','SGW H-621',0,'SGW H-621','Winter',NULL),(179,'-T-J---','18:30:00','21:00:00','SGW H-937',0,'SGW H-937','Summer1',NULL),(180,'---J---','16:15:00','18:05:00','SGW H-831',0,'SGW H-831','Summer1',NULL),(181,'-T-----','16:15:00','18:05:00','SGW H-831',0,'SGW H-831','Summer1',NULL),(182,'---J---','16:15:00','18:05:00','SGW H-917',0,'SGW H-917','Summer1',NULL),(183,'-T-----','16:15:00','18:05:00','SGW H-917',0,'SGW H-917','Summer1',NULL),(184,'-T-J---','18:30:00','21:00:00','SGW FG-B060',0,'SGW FG-B060','Summer1',NULL),(185,'M------','18:30:00','20:20:00','SGW H-831',0,'SGW H-831','Summer1',NULL),(186,'--W----','18:30:00','20:20:00','SGW H-831',0,'SGW H-831','Summer1',NULL),(187,'M------','16:15:00','18:05:00','SGW H-831',0,'SGW H-831','Summer1',NULL),(188,'--W----','16:15:00','18:05:00','SGW H-831',0,'SGW H-831','Summer1',NULL),(189,'-T-J---','16:15:00','17:30:00','SGW H-507',0,'SGW H-507','Fall',NULL),(190,'-T-----','17:45:00','18:35:00','SGW EV-1.162',0,'SGW EV-1.162','Fall',NULL),(191,'-T-----','18:45:00','19:35:00','SGW EV-1.162',0,'SGW EV-1.162','Fall',NULL),(192,'-T-----','17:45:00','18:35:00','SGW EV-3.309',0,'SGW EV-3.309','Fall',NULL),(193,'---J---','18:45:00','19:35:00','SGW EV-3.309',0,'SGW EV-3.309','Fall',NULL),(194,'-T-J---','16:15:00','17:30:00','SGW H-411',0,'SGW H-411','Fall',NULL),(195,'---J---','17:45:00','18:35:00','SGW EV-3.309',0,'SGW EV-3.309','Fall',NULL),(196,'---J---','19:45:00','20:35:00','SGW EV-3.309',0,'SGW EV-3.309','Fall',NULL),(197,'-T-----','19:45:00','20:35:00','SGW EV-1.162',0,'SGW EV-1.162','Fall',NULL),(198,'-T-----','19:45:00','20:35:00','SGW EV-3.309',0,'SGW EV-3.309','Fall',NULL),(199,'----F--','17:45:00','20:15:00','SGW H-411',0,'SGW H-411','Fall',NULL),(200,'M------','17:45:00','18:35:00','SGW EV-3.309',0,'SGW EV-3.309','Fall',NULL),(201,'M------','18:45:00','19:35:00','SGW EV-3.309',0,'SGW EV-3.309','Fall',NULL),(202,'M------','17:45:00','18:35:00','SGW EV-1.162',0,'SGW EV-1.162','Fall',NULL),(203,'--W----','18:45:00','19:35:00','SGW EV-3.309',0,'SGW EV-3.309','Fall',NULL),(204,'----F--','17:45:00','20:15:00','SGW H-553',0,'SGW H-553','Fall',NULL),(205,'--W----','17:45:00','18:35:00','SGW EV-3.309',0,'SGW EV-3.309','Fall',NULL),(206,'--W----','18:45:00','19:35:00','SGW EV-1.162',0,'SGW EV-1.162','Fall',NULL),(207,'--W----','17:45:00','18:35:00','SGW EV-1.162',0,'SGW EV-1.162','Fall',NULL),(208,'M------','18:45:00','19:35:00','SGW EV-1.162',0,'SGW EV-1.162','Fall',NULL),(209,'-T-J---','16:15:00','17:30:00','SGW H-553',0,'SGW H-553','Winter',NULL),(210,'-T-----','17:45:00','18:35:00','SGW EV-1.162',0,'SGW EV-1.162','Winter',NULL),(211,'-T-----','17:45:00','18:35:00','SGW EV-3.309',0,'SGW EV-3.309','Winter',NULL),(212,'---J---','18:45:00','19:35:00','SGW EV-1.162',0,'SGW EV-1.162','Winter',NULL),(213,'---J---','18:45:00','19:35:00','SGW EV-3.309',0,'SGW EV-3.309','Winter',NULL),(214,'M------','17:45:00','20:15:00','SGW FG-B060',0,'SGW FG-B060','Winter',NULL),(215,'---J---','17:45:00','18:35:00','SGW EV-1.162',0,'SGW EV-1.162','Winter',NULL),(216,'---J---','17:45:00','18:35:00','SGW EV-3.309',0,'SGW EV-3.309','Winter',NULL),(217,'-T-----','18:45:00','19:35:00','SGW EV-1.162',0,'SGW EV-1.162','Winter',NULL),(218,'-T-----','18:45:00','19:35:00','SGW EV-3.309',0,'SGW EV-3.309','Winter',NULL),(219,'M-W----','18:30:00','21:00:00','SGW FG-C080',0,'SGW FG-C080','Summer2',NULL),(220,'M-W----','21:15:00','22:05:00','SGW H-537',0,'SGW H-537','Summer2',NULL),(221,'M-W----','21:15:00','22:05:00','SGW H-564',0,'SGW H-564','Summer2',NULL),(222,'M-W----','21:15:00','22:05:00','SGW H-623',0,'SGW H-623','Summer2',NULL),(223,'M-W----','18:30:00','21:00:00','SGW H-531',0,'SGW H-531','Summer2',NULL),(224,'M-W----','21:15:00','22:05:00','SGW H-544',0,'SGW H-544','Summer2',NULL),(225,'M-W----','21:15:00','22:05:00','SGW H-540',0,'SGW H-540','Summer2',NULL),(226,'M-W----','21:15:00','22:05:00','SGW H-603        1',0,'SGW H-603        1','Summer2',NULL),(227,'-T-J---','13:15:00','14:30:00','SGW H-1070',0,'SGW H-1070','Fall',NULL),(228,'M------','11:45:00','12:35:00','SGW H-619',0,'SGW H-619','Fall',NULL),(229,'M------','10:15:00','11:05:00','SGW H-619',0,'SGW H-619','Fall',NULL),(230,'M-W----','13:15:00','14:30:00','SGW H-1070',0,'SGW H-1070','Fall',NULL),(231,'-T-----','13:15:00','14:05:00','SGW H-619',0,'SGW H-619','Fall',NULL),(232,'---J---','13:15:00','14:05:00','SGW H-619',0,'SGW H-619','Fall',NULL),(233,'M------','17:45:00','20:15:00','SGW H-620',0,'SGW H-620','Fall',NULL),(234,'-T-----','17:45:00','18:35:00','SGW H-619',0,'SGW H-619','Fall',NULL),(235,'--W----','17:45:00','18:35:00','SGW H-429',0,'SGW H-429','Fall',NULL),(236,'-T-J---','14:45:00','16:00:00','SGW H-1070',0,'SGW H-1070','Winter',NULL),(237,'----F--','10:15:00','11:05:00','SGW H-401',0,'SGW H-401','Winter',NULL),(238,'----F--','10:15:00','11:05:00','SGW FG-B055',0,'SGW FG-B055','Winter',NULL),(239,'--W-F--','10:15:00','11:30:00','SGW FG-B060',0,'SGW FG-B060','Winter',NULL),(240,'--W----','08:45:00','09:35:00','SGW FG-B080',0,'SGW FG-B080','Winter',NULL),(241,'----F--','08:45:00','09:35:00','SGW FG-B055',0,'SGW FG-B055','Winter',NULL),(242,'----F--','17:45:00','20:15:00','SGW H-620',0,'SGW H-620','Winter',NULL),(243,'----F--','14:45:00','15:35:00','SGW H-619',0,'SGW H-619','Winter',NULL),(244,'M------','14:45:00','15:35:00','SGW H-619',0,'SGW H-619','Winter',NULL),(245,'-T-J---','08:45:00','11:30:00','SGW H-509',0,'SGW H-509','Summer1',NULL),(246,'-T-J---','11:45:00','14:30:00','SGW FG-B060',0,'SGW FG-B060','Summer1',NULL),(247,'-T-J---','08:45:00','11:30:00','SGW H-557',0,'SGW H-557','Summer2',NULL),(248,'----F--','08:45:00','11:30:00','SGW FG-B080',0,'SGW FG-B080','Fall',NULL),(249,'M-W----','16:15:00','17:30:00','SGW H-629',0,'SGW H-629','Fall',NULL),(250,'---J---','17:45:00','20:15:00','SGW FG-B055',0,'SGW FG-B055','Fall',NULL),(251,'----F--','08:45:00','11:30:00','SGW FG-B080',0,'SGW FG-B080','Winter',NULL),(252,'M-W----','16:15:00','17:30:00','SGW H-401',0,'SGW H-401','Winter',NULL),(253,'-T-----','17:45:00','20:15:00','SGW FG-B080',0,'SGW FG-B080','Winter',NULL),(254,'M-W----','14:45:00','16:00:00','SGW H-531',0,'SGW H-531','Winter',NULL),(255,'--W----','16:15:00','17:55:00','SGW H-400        2',0,'SGW H-400        2','Winter',NULL),(256,'-T-----','10:00:00','12:00:00','SGW',0,'SGW','Winter',NULL),(257,'--W----','10:00:00','12:00:00','SGW',0,'SGW','Winter',NULL),(258,'--W----','16:15:00','17:55:00','SGW H-621',0,'SGW H-621','Winter',NULL),(259,'--W----','18:00:00','20:00:00','SGW',0,'SGW','Winter',NULL),(260,'M------','16:15:00','18:15:00','SGW',0,'SGW','Winter',NULL),(261,'--W----','16:15:00','17:55:00','SGW H-459',0,'SGW H-459','Winter',NULL),(262,'---J---','10:00:00','12:00:00','SGW',0,'SGW','Winter',NULL),(263,'--W----','12:15:00','14:15:00','SGW',0,'SGW','Winter',NULL),(264,'-T-----','17:45:00','20:15:00','SGW H-553',0,'SGW H-553','Winter',NULL),(265,'-T-----','20:30:00','22:10:00','SGW H-427',0,'SGW H-427','Winter',NULL),(266,'-T-----','10:00:00','12:00:00','SGW',0,'SGW','Winter',NULL),(267,'M------','10:00:00','12:00:00','SGW',0,'SGW','Winter',NULL),(268,'-T-----','20:30:00','22:10:00','SGW H-539',0,'SGW H-539','Winter',NULL),(269,'--W----','10:00:00','12:00:00','SGW',0,'SGW','Winter',NULL),(270,'M------','10:00:00','12:00:00','SGW',0,'SGW','Winter',NULL),(271,'--W----','18:00:00','20:15:00','SGW',0,'SGW','Winter',NULL),(272,'M-W----','10:45:00','13:15:00','SGW H-531',0,'SGW H-531','Summer2',NULL),(273,'M-W----','08:45:00','10:25:00','SGW',0,'SGW','Summer2',NULL),(274,'M-W----','08:45:00','10:25:00','SGW',0,'SGW','Summer2',NULL),(275,'-T-J---','08:45:00','10:00:00','SGW H-539',0,'SGW H-539','Fall',NULL),(276,'-T-----','10:15:00','11:55:00','SGW H-967',0,'SGW H-967','Fall',NULL),(277,'---J---','18:15:00','19:55:00','SGW H-817',0,'SGW H-817','Fall',NULL),(278,'-T-J---','08:45:00','10:00:00','SGW FG-B080',0,'SGW FG-B080','Winter',NULL),(279,'-T-----','10:15:00','11:55:00','SGW H-831',0,'SGW H-831','Winter',NULL),(280,'---J---','10:15:00','11:55:00','SGW H-831',0,'SGW H-831','Winter',NULL),(281,'-T-J---','14:45:00','16:00:00','SGW FG-C070',0,'SGW FG-C070','Winter',NULL),(282,'-T-----','16:15:00','17:55:00','SGW H-821',0,'SGW H-821','Winter',NULL),(283,'---J---','16:15:00','17:55:00','SGW H-831',0,'SGW H-831','Winter',NULL),(284,'----F--','15:15:00','16:55:00','SGW H-967',0,'SGW H-967','Winter',NULL),(285,'-T-----','16:15:00','17:55:00','SGW H-819',0,'SGW H-819','Winter',NULL),(286,'M------','17:45:00','20:15:00','SGW H-415',0,'SGW H-415','Fall',NULL),(287,'M------','20:30:00','21:20:00','SGW H-929',0,'SGW H-929','Fall',NULL),(288,'M------','20:30:00','21:20:00','SGW H-905',0,'SGW H-905','Fall',NULL),(289,'-T-J---','16:15:00','17:30:00','SGW H-411',0,'SGW H-411','Winter',NULL),(290,'----F--','14:15:00','16:05:00','SGW H-411',0,'SGW H-411','Winter',NULL),(291,'----F--','14:15:00','16:05:00','SGW H-459',0,'SGW H-459','Winter',NULL),(292,'--W-F--','10:15:00','11:30:00','SGW H-403',0,'SGW H-403','Fall',NULL),(293,'----F--','11:45:00','12:35:00','SGW H-917',0,'SGW H-917','Fall',NULL),(294,'----F--','12:45:00','13:35:00','SGW H-825',0,'SGW H-825','Fall',NULL),(295,'--W-F--','08:45:00','10:00:00','SGW H-620',0,'SGW H-620','Winter',NULL),(296,'----F--','12:15:00','13:05:00','SGW H-564',0,'SGW H-564','Winter',NULL),(297,'----F--','13:15:00','14:05:00','SGW H-564',0,'SGW H-564','Winter',NULL),(298,'----F--','14:15:00','15:05:00','SGW H-564',0,'SGW H-564','Winter',NULL),(299,'--W-F--','11:45:00','13:00:00','SGW H-431',0,'SGW H-431','Fall',NULL),(300,'----F--','15:45:00','16:35:00','SGW H-905',0,'SGW H-905','Fall',NULL),(301,'----F--','15:45:00','16:35:00','SGW H-917',0,'SGW H-917','Fall',NULL),(302,'--W-F--','13:15:00','14:30:00','SGW H-431',0,'SGW H-431','Fall',NULL),(303,'----F--','14:45:00','15:35:00','SGW H-929',0,'SGW H-929','Fall',NULL),(304,'----F--','14:45:00','15:35:00','SGW H-831',0,'SGW H-831','Fall',NULL),(305,'-T-J---','13:15:00','14:30:00','SGW H-431',0,'SGW H-431','Winter',NULL),(306,'---J---','14:45:00','15:35:00','SGW H-920',0,'SGW H-920','Winter',NULL),(307,'M-W----','14:45:00','16:00:00','SGW H-431',0,'SGW H-431','Winter',NULL),(308,'--W----','16:15:00','17:05:00','SGW H-441',0,'SGW H-441','Winter',NULL),(309,'--W----','17:45:00','18:35:00','SGW H-441',0,'SGW H-441','Winter',NULL),(310,'--W-F--','10:15:00','11:30:00','SGW H-431',0,'SGW H-431','Winter',NULL),(311,'----F--','11:45:00','12:35:00','SGW H-561',0,'SGW H-561','Winter',NULL),(312,'--W-F--','10:15:00','11:30:00','SGW H-431',0,'SGW H-431','Fall',NULL),(313,'----F--','09:15:00','10:05:00','SGW H-929',0,'SGW H-929','Fall',NULL),(314,'-T-J---','11:45:00','13:00:00','SGW H-557',0,'SGW H-557','Winter',NULL),(315,'-T-----','10:45:00','11:35:00','SGW',0,'SGW','Winter',NULL),(316,'---J---','10:45:00','11:35:00','SGW',0,'SGW','Winter',NULL),(317,'M------','10:45:00','11:35:00','SGW',0,'SGW','Winter',NULL),(318,'M------','16:15:00','17:55:00','SGW FG-B050',0,'SGW FG-B050','Winter',NULL),(319,'M------','18:15:00','19:05:00','SGW',0,'SGW','Winter',NULL),(320,'---J---','15:45:00','18:25:00','SGW',0,'SGW','Winter',NULL),(321,'M------','18:15:00','19:05:00','SGW',0,'SGW','Winter',NULL),(322,'-T-----','15:45:00','18:25:00','SGW',0,'SGW','Winter',NULL),(323,'----F--','18:25:00','19:25:00','SGW H-521',0,'SGW H-521','Fall&Winter;',NULL),(324,'-T-J---','08:45:00','10:45:00','SGW H-849',0,'SGW H-849','Fall&Winter;',NULL),(325,'-T-J---','08:45:00','10:45:00','SGW H-825',0,'SGW H-825','Fall&Winter;',NULL),(326,'-T-J---','10:45:00','13:15:00','SGW H-521',0,'SGW H-521','Summer1',NULL),(327,'-T-J---','13:45:00','15:25:00','SGW H-521',0,'SGW H-521','Summer1',NULL),(328,'-T-J---','13:15:00','14:30:00','SGW H-820',0,'SGW H-820','Fall',NULL),(329,'-T-----','16:15:00','17:55:00','SGW H-607',0,'SGW H-607','Fall',NULL),(330,'---J---','14:45:00','16:25:00','SGW H-619',0,'SGW H-619','Fall',NULL),(331,'-T-J---','13:15:00','14:30:00','SGW H-937',0,'SGW H-937','Fall',NULL),(332,'-T-----','16:15:00','17:55:00','SGW H-1070',0,'SGW H-1070','Fall',NULL),(333,'-T-----','16:15:00','17:55:00','SGW GN-M100',0,'SGW GN-M100','Fall',NULL),(334,'--W----','17:45:00','20:15:00','SGW FG-C070',0,'SGW FG-C070','Fall',NULL),(335,'--W----','20:30:00','22:10:00','SGW H-429',0,'SGW H-429','Fall',NULL),(336,'--W----','20:30:00','22:10:00','SGW H-619',0,'SGW H-619','Fall',NULL),(337,'-T-J---','13:15:00','14:30:00','SGW H-561',0,'SGW H-561','Winter',NULL),(338,'-T-----','14:45:00','16:25:00','SGW H-920',0,'SGW H-920','Winter',NULL),(339,'-T-----','14:45:00','16:25:00','SGW H-623',0,'SGW H-623','Winter',NULL),(340,'---J---','17:45:00','20:15:00','SGW H-520',0,'SGW H-520','Winter',NULL),(341,'---J---','20:30:00','22:10:00','SGW H-520',0,'SGW H-520','Winter',NULL),(342,'-T-----','20:30:00','22:10:00','SGW H-607',0,'SGW H-607','Winter',NULL),(343,'M-W----','13:30:00','16:00:00','SGW H-557',0,'SGW H-557','Summer1',NULL),(344,'M-W----','16:40:00','18:20:00','SGW MB-S1.105',0,'SGW MB-S1.105','Summer1',NULL),(345,'M-W----','16:40:00','18:20:00','SGW MB-S2.445',0,'SGW MB-S2.445','Summer1',NULL),(346,'M-W----','16:40:00','18:20:00','SGW MB-1.301',0,'SGW MB-1.301','Summer1',NULL),(347,'M-W----','13:15:00','14:30:00','SGW FG-C080',0,'SGW FG-C080','Fall',NULL),(348,'M------','10:15:00','11:55:00','SGW H-831',0,'SGW H-831','Fall',NULL),(349,'--W----','10:15:00','11:55:00','SGW H-831',0,'SGW H-831','Fall',NULL),(350,'----F--','08:45:00','10:25:00','SGW H-905',0,'SGW H-905','Fall',NULL),(351,'M------','10:15:00','11:55:00','SGW H-905',0,'SGW H-905','Fall',NULL),(352,'M-W----','08:45:00','10:00:00','SGW FG-B050',0,'SGW FG-B050','Fall',NULL),(353,'----F--','08:45:00','10:25:00','SGW H-917',0,'SGW H-917','Fall',NULL),(354,'M------','10:15:00','11:55:00','SGW H-917',0,'SGW H-917','Fall',NULL),(355,'--W----','10:15:00','11:55:00','SGW H-917',0,'SGW H-917','Fall',NULL),(356,'----F--','17:45:00','20:15:00','SGW H-420',0,'SGW H-420','Fall',NULL),(357,'-T-----','11:45:00','13:35:00','SGW H-849',0,'SGW H-849','Fall',NULL),(358,'---J---','11:45:00','13:35:00','SGW H-831',0,'SGW H-831','Fall',NULL),(359,'M------','17:45:00','19:35:00','SGW H-917',0,'SGW H-917','Fall',NULL),(360,'--W-F--','10:15:00','11:30:00','SGW H-420',0,'SGW H-420','Winter',NULL),(361,'----F--','11:45:00','13:25:00','SGW H-967',0,'SGW H-967','Winter',NULL),(362,'--W----','11:45:00','13:25:00','SGW H-967',0,'SGW H-967','Winter',NULL),(363,'--W-F--','11:45:00','13:00:00','SGW H-420',0,'SGW H-420','Winter',NULL),(364,'M------','10:15:00','11:50:00','SGW H-967',0,'SGW H-967','Winter',NULL),(365,'--W----','14:45:00','16:25:00','SGW H-967',0,'SGW H-967','Winter',NULL),(366,'M-W----','15:30:00','18:00:00','SGW H-520',0,'SGW H-520','Summer2',NULL),(367,'-T-J---','18:20:00','20:00:00','SGW',0,'SGW','Summer2',NULL),(368,'M-W----','18:20:00','20:00:00','SGW',0,'SGW','Summer2',NULL),(369,'M-W----','14:45:00','16:00:00','SGW H-415',0,'SGW H-415','Fall',NULL),(370,'M------','12:45:00','14:25:00','SGW H-849',0,'SGW H-849','Fall',NULL),(371,'--W----','16:15:00','17:55:00','SGW H-967',0,'SGW H-967','Fall',NULL),(372,'M-W----','08:45:00','10:00:00','SGW H-521',0,'SGW H-521','Winter',NULL),(373,'--W----','10:15:00','11:55:00','SGW',0,'SGW','Winter',NULL),(374,'M------','11:45:00','13:25:00','SGW',0,'SGW','Winter',NULL),(375,'--W-F--','10:15:00','11:30:00','SGW H-1011',0,'SGW H-1011','Winter',NULL),(376,'M------','10:15:00','11:55:00','SGW',0,'SGW','Winter',NULL),(377,'--W----','11:45:00','13:25:00','SGW',0,'SGW','Winter',NULL),(378,'---J---','17:45:00','20:15:00','SGW H-411',0,'SGW H-411','Winter',NULL),(379,'---J---','20:30:00','22:10:00','SGW',0,'SGW','Winter',NULL),(380,'----F--','17:45:00','19:25:00','SGW',0,'SGW','Winter',NULL),(381,'---J---','20:30:00','22:10:00','SGW',0,'SGW','Winter',NULL),(382,'----F--','17:45:00','19:25:00','SGW',0,'SGW','Winter',NULL),(383,'-T-J---','18:30:00','21:00:00','SGW H-557',0,'SGW H-557','Summer1',NULL),(384,'-T-J---','17:30:00','18:20:00','SGW H-615',0,'SGW H-615','Summer1',NULL),(385,'-T-J---','17:30:00','18:20:00','SGW H-400        2',0,'SGW H-400        2','Summer1',NULL),(386,'-T-J---','10:15:00','11:30:00','SGW FG-B040',0,'SGW FG-B040','Fall',NULL),(387,'---J---','11:45:00','12:35:00','SGW FG-B030',0,'SGW FG-B030','Fall',NULL),(388,'---J---','11:45:00','12:35:00','SGW FG-B050',0,'SGW FG-B050','Fall',NULL),(389,'-T-J---','08:45:00','10:00:00','SGW H-403',0,'SGW H-403','Fall',NULL),(390,'-T-----','10:15:00','11:05:00','SGW H-629',0,'SGW H-629','Fall',NULL),(391,'-T-J---','11:45:00','13:00:00','SGW H-501',0,'SGW H-501','Winter',NULL),(392,'-T-----','13:15:00','14:05:00','SGW H-423',0,'SGW H-423','Winter',NULL),(393,'-T-J---','18:30:00','21:00:00','SGW H-521',0,'SGW H-521','Summer2',NULL),(394,'-T-J---','17:30:00','18:20:00','SGW',0,'SGW','Summer2',NULL),(395,'-T-J---','21:10:00','23:00:00','SGW H-831',0,'SGW H-831','Summer2',NULL),(396,'-T-J---','17:30:00','18:20:00','SGW',0,'SGW','Summer2',NULL),(397,'-T-J---','21:10:00','23:00:00','SGW H-817',0,'SGW H-817','Summer2',NULL),(398,'-T-----','17:45:00','20:15:00','SGW H-605',0,'SGW H-605','Fall',NULL),(399,'-T-----','20:30:00','21:20:00','SGW H-929',0,'SGW H-929','Fall',NULL),(400,'---J---','17:45:00','19:35:00','SGW H-929',0,'SGW H-929','Fall',NULL),(401,'-T-----','20:30:00','21:20:00','SGW H-849',0,'SGW H-849','Fall',NULL),(402,'---J---','19:45:00','21:35:00','SGW H-831',0,'SGW H-831','Fall',NULL),(403,'--W----','17:45:00','20:15:00','SGW H-420',0,'SGW H-420','Winter',NULL),(404,'--W----','20:20:00','21:10:00','SGW H-905',0,'SGW H-905','Winter',NULL),(405,'--W----','21:15:00','23:05:00','SGW H-905',0,'SGW H-905','Winter',NULL),(406,'M------','13:15:00','14:05:00','SGW H-905',0,'SGW H-905','Winter',NULL),(407,'M------','14:15:00','16:05:00','SGW H-905',0,'SGW H-905','Winter',NULL),(408,'-T-----','17:45:00','20:15:00','SGW MB-S1.401',0,'SGW MB-S1.401','Winter',NULL),(409,'-T-----','20:00:00','21:10:00','SGW H-929',0,'SGW H-929','Winter',NULL),(410,'-T-----','21:15:00','23:05:00','SGW H-929',0,'SGW H-929','Winter',NULL),(411,'----F--','13:15:00','14:05:00','SGW H-905',0,'SGW H-905','Winter',NULL),(412,'----F--','14:15:00','16:05:00','SGW H-905',0,'SGW H-905','Winter',NULL),(413,'M-W----','14:45:00','17:15:00','SGW H-553',0,'SGW H-553','Summer2',NULL),(414,'M-W----','13:15:00','14:05:00','SGW',0,'SGW','Summer2',NULL),(415,'M-W----','13:15:00','14:05:00','SGW',0,'SGW','Summer2',NULL),(416,'M-W----','13:15:00','14:05:00','SGW',0,'SGW','Summer2',NULL),(417,'M-W----','08:45:00','10:00:00','SGW MB-S2.330',0,'SGW MB-S2.330','Fall',NULL),(418,'M------','10:15:00','11:05:00','SGW H-929',0,'SGW H-929','Fall',NULL),(419,'M------','10:15:00','11:05:00','SGW H-967',0,'SGW H-967','Fall',NULL),(420,'--W----','17:45:00','20:15:00','SGW H-631',0,'SGW H-631','Fall',NULL),(421,'-T-----','14:45:00','15:35:00','SGW H-905',0,'SGW H-905','Fall',NULL),(422,'---J---','14:45:00','15:35:00','SGW H-905',0,'SGW H-905','Fall',NULL),(423,'M-W----','14:45:00','16:00:00','SGW H-631',0,'SGW H-631','Winter',NULL),(424,'M------','16:15:00','17:05:00','SGW',0,'SGW','Winter',NULL),(425,'--W----','16:15:00','17:05:00','SGW',0,'SGW','Winter',NULL),(426,'M-W----','18:30:00','21:00:00','SGW FG-C080',0,'SGW FG-C080','Summer1',NULL),(427,'M-W----','17:30:00','18:20:00','SGW',0,'SGW','Summer1',NULL),(428,'M-W----','16:30:00','17:20:00','SGW',0,'SGW','Summer1',NULL),(429,'--W-F--','13:15:00','14:30:00','SGW H-535',0,'SGW H-535','Fall',NULL),(430,'----F--','14:45:00','15:35:00','SGW H-905',0,'SGW H-905','Fall',NULL),(431,'M------','11:45:00','12:35:00','SGW H-905',0,'SGW H-905','Fall',NULL),(432,'M------','11:45:00','12:35:00','SGW H-821',0,'SGW H-821','Fall',NULL),(433,'--W-F--','13:15:00','14:30:00','SGW H-631',0,'SGW H-631','Fall',NULL),(434,'-T-----','14:45:00','15:35:00','SGW H-917',0,'SGW H-917','Fall',NULL),(435,'---J---','14:45:00','15:35:00','SGW H-917',0,'SGW H-917','Fall',NULL),(436,'M-W----','13:15:00','14:30:00','SGW H-431',0,'SGW H-431','Winter',NULL),(437,'M------','16:15:00','17:05:00','SGW',0,'SGW','Winter',NULL),(438,'--W----','16:15:00','17:05:00','SGW',0,'SGW','Winter',NULL),(439,'-T-J---','18:30:00','21:00:00','SGW H-435',0,'SGW H-435','Summer1',NULL),(440,'-T-J---','21:10:00','22:00:00','SGW H-435',0,'SGW H-435','Summer1',NULL),(441,'-T-J---','17:30:00','18:20:00','SGW H-435',0,'SGW H-435','Summer1',NULL),(442,'-T-J---','18:30:00','21:00:00','SGW H-553',0,'SGW H-553','Summer2',NULL),(443,'-T-J---','21:10:00','22:00:00','SGW H-403',0,'SGW H-403','Summer2',NULL),(444,'-T-J---','21:10:00','22:00:00','SGW H-401',0,'SGW H-401','Summer2',NULL),(445,'-T-J---','16:15:00','17:30:00','SGW H-420',0,'SGW H-420','Fall',NULL),(446,'----F--','14:15:00','15:05:00','SGW H-967',0,'SGW H-967','Fall',NULL),(447,'----F--','16:15:00','17:05:00','SGW H-967',0,'SGW H-967','Fall',NULL),(448,'-T-J---','08:45:00','10:00:00','SGW H-531',0,'SGW H-531','Fall',NULL),(449,'----F--','15:15:00','16:05:00','SGW H-967',0,'SGW H-967','Fall',NULL),(450,'----F--','15:15:00','16:05:00','SGW H-843',0,'SGW H-843','Fall',NULL),(451,'----F--','15:15:00','16:05:00','SGW H-823',0,'SGW H-823','Fall',NULL),(452,'-T-J---','16:15:00','17:30:00','SGW H-820',0,'SGW H-820','Fall',NULL),(453,'----F--','14:15:00','15:05:00','SGW H-843',0,'SGW H-843','Fall',NULL),(454,'----F--','16:15:00','17:05:00','SGW H-843',0,'SGW H-843','Fall',NULL),(455,'-T-J---','13:15:00','14:30:00','SGW H-553',0,'SGW H-553','Winter',NULL),(456,'----F--','11:45:00','12:35:00','SGW H-401',0,'SGW H-401','Winter',NULL),(457,'----F--','13:15:00','14:05:00','SGW H-403',0,'SGW H-403','Winter',NULL),(458,'--W-F--','08:45:00','10:00:00','SGW H-553',0,'SGW H-553','Winter',NULL),(459,'----F--','13:15:00','14:05:00','SGW H-831',0,'SGW H-831','Winter',NULL),(460,'----F--','15:15:00','16:05:00','SGW H-929',0,'SGW H-929','Winter',NULL),(461,'---J---','17:45:00','20:15:00','SGW H-553',0,'SGW H-553','Winter',NULL),(462,'---J---','20:30:00','21:20:00','SGW H-929',0,'SGW H-929','Winter',NULL),(463,'---J---','20:35:00','21:25:00','SGW H-967',0,'SGW H-967','Winter',NULL),(464,'----F--','17:45:00','20:15:00','SGW H-433',0,'SGW H-433','Fall',NULL),(465,'----F--','20:30:00','21:20:00','SGW H-521',0,'SGW H-521','Fall',NULL),(466,'M------','17:45:00','20:15:00','SGW FG-B070',0,'SGW FG-B070','Winter',NULL),(467,'--W----','17:45:00','18:35:00','SGW H-561',0,'SGW H-561','Winter',NULL),(468,'-T-J---','14:45:00','16:00:00','LOY HC-155',0,'LOY HC-155','Winter',NULL),(469,'-T-J---','11:45:00','13:00:00','LOY SP-S110',0,'LOY SP-S110','Fall',NULL),(470,'-T-J---','08:45:00','10:00:00','LOY SP-S110',0,'LOY SP-S110','Winter',NULL),(471,'--W-F--','11:45:00','13:00:00','LOY SP-S110',0,'LOY SP-S110','Fall',NULL),(472,'-T-----','13:30:00','15:30:00','LOY CC-312',0,'LOY CC-312','Fall',NULL),(473,'-T-----','15:30:00','17:30:00','LOY CC-312',0,'LOY CC-312','Fall',NULL),(474,'--W----','13:30:00','15:30:00','LOY CJ-1.121',0,'LOY CJ-1.121','Fall',NULL),(475,'--W----','15:30:00','17:30:00','LOY CJ-1.121',0,'LOY CJ-1.121','Fall',NULL),(476,'---J---','13:30:00','15:30:00','LOY CJ-1.125',0,'LOY CJ-1.125','Fall',NULL),(477,'---J---','15:30:00','17:30:00','LOY CJ-1.125',0,'LOY CJ-1.125','Fall',NULL),(478,'---J---','13:30:00','15:30:00','LOY CC-425',0,'LOY CC-425','Fall',NULL),(479,'---J---','15:30:00','17:30:00','LOY CC-425',0,'LOY CC-425','Fall',NULL),(480,'--W-F--','11:45:00','13:00:00','LOY SP-S110',0,'LOY SP-S110','Winter',NULL),(481,'-T-----','13:30:00','15:30:00','LOY CC-301',0,'LOY CC-301','Winter',NULL),(482,'-T-----','15:30:00','17:30:00','LOY CC-301',0,'LOY CC-301','Winter',NULL),(483,'--W----','13:30:00','15:30:00','LOY CC-301',0,'LOY CC-301','Winter',NULL),(484,'--W----','15:30:00','17:30:00','LOY CC-301',0,'LOY CC-301','Winter',NULL),(485,'---J---','13:30:00','15:30:00','LOY CC-312',0,'LOY CC-312','Winter',NULL),(486,'---J---','15:30:00','17:30:00','LOY CC-312',0,'LOY CC-312','Winter',NULL),(487,'M-W----','18:00:00','19:15:00','LOY SP-S110',0,'LOY SP-S110','Winter',NULL),(488,'-T-----','13:30:00','15:30:00','LOY CC-106',0,'LOY CC-106','Winter',NULL),(489,'-T-----','15:30:00','17:30:00','LOY CC-106',0,'LOY CC-106','Winter',NULL),(490,'--W----','13:30:00','15:30:00','LOY CC-312',0,'LOY CC-312','Winter',NULL),(491,'--W----','15:30:00','17:30:00','LOY CC-312',0,'LOY CC-312','Winter',NULL),(492,'-T-----','18:00:00','20:15:00','SGW H-521',0,'SGW H-521','Winter',NULL),(493,'--W-F--','10:15:00','11:30:00','LOY CC-321',0,'LOY CC-321','Fall',NULL),(494,'M------','09:00:00','13:00:00','LOY SP-210',0,'LOY SP-210','Fall',NULL),(495,'M------','13:30:00','17:30:00','LOY SP-210',0,'LOY SP-210','Fall',NULL),(496,'-T-----','13:30:00','17:30:00','LOY SP-210',0,'LOY SP-210','Fall',NULL),(497,'---J---','13:30:00','17:30:00','LOY SP-210',0,'LOY SP-210','Fall',NULL),(498,'M------','18:30:00','22:30:00','LOY SP-210',0,'LOY SP-210','Fall',NULL),(499,'---J---','18:30:00','22:30:00','LOY SP-210',0,'LOY SP-210','Fall',NULL),(500,'-------','00:00:00','00:00:00','LOY',0,'LOY','Fall',NULL),(501,'--W----','18:00:00','20:30:00','LOY CC-321',0,'LOY CC-321','Fall',NULL),(502,'M------','09:00:00','13:00:00','LOY SP-210',0,'LOY SP-210','Fall',NULL),(503,'M------','13:30:00','17:30:00','LOY SP-210',0,'LOY SP-210','Fall',NULL),(504,'-T-----','13:30:00','17:30:00','LOY SP-210',0,'LOY SP-210','Fall',NULL),(505,'---J---','13:30:00','17:30:00','LOY SP-210',0,'LOY SP-210','Fall',NULL),(506,'M------','18:30:00','22:30:00','LOY SP-210',0,'LOY SP-210','Fall',NULL),(507,'---J---','18:30:00','22:30:00','LOY SP-210',0,'LOY SP-210','Fall',NULL),(508,'-------','00:00:00','00:00:00','LOY',0,'LOY','Fall',NULL),(509,'-T-J---','10:15:00','11:30:00','LOY HC-157',0,'LOY HC-157','Fall',NULL),(510,'M------','09:00:00','13:00:00','LOY SP-116',0,'LOY SP-116','Fall',NULL),(511,'-T-----','13:30:00','17:30:00','LOY SP-116',0,'LOY SP-116','Fall',NULL),(512,'--W----','13:30:00','17:30:00','LOY SP-116',0,'LOY SP-116','Fall',NULL),(513,'----F--','13:30:00','17:30:00','LOY SP-116',0,'LOY SP-116','Fall',NULL),(514,'----F--','09:00:00','13:00:00','LOY SP-116',0,'LOY SP-116','Fall',NULL),(515,'-T-----','18:30:00','22:30:00','LOY SP-116',0,'LOY SP-116','Fall',NULL),(516,'--W----','18:30:00','22:30:00','LOY SP-116',0,'LOY SP-116','Fall',NULL),(517,'-------','00:00:00','00:00:00','LOY',0,'LOY','Fall',NULL),(518,'---J---','18:00:00','20:30:00','LOY CC-310',0,'LOY CC-310','Fall',NULL),(519,'M------','09:00:00','13:00:00','LOY SP-116',0,'LOY SP-116','Fall',NULL),(520,'-T-----','13:30:00','17:30:00','LOY SP-116',0,'LOY SP-116','Fall',NULL),(521,'--W----','13:30:00','17:30:00','LOY SP-116',0,'LOY SP-116','Fall',NULL),(522,'----F--','13:30:00','17:30:00','LOY SP-116',0,'LOY SP-116','Fall',NULL),(523,'----F--','09:00:00','13:00:00','LOY SP-116',0,'LOY SP-116','Fall',NULL),(524,'-T-----','18:30:00','22:30:00','LOY SP-116',0,'LOY SP-116','Fall',NULL),(525,'--W----','18:30:00','22:30:00','LOY SP-116',0,'LOY SP-116','Fall',NULL),(526,'-------','00:00:00','00:00:00','LOY',0,'LOY','Fall',NULL),(527,'-T-J---','10:15:00','11:30:00','LOY CC-321',0,'LOY CC-321','Winter',NULL),(528,'M------','13:30:00','17:30:00','LOY SP-116',0,'LOY SP-116','Winter',NULL),(529,'--W----','13:30:00','17:30:00','LOY SP-112',0,'LOY SP-112','Winter',NULL),(530,'---J---','13:30:00','17:30:00','LOY SP-116',0,'LOY SP-116','Winter',NULL),(531,'----F--','09:00:00','13:00:00','LOY SP-116',0,'LOY SP-116','Winter',NULL),(532,'M------','09:00:00','13:00:00','LOY SP-112',0,'LOY SP-112','Winter',NULL),(533,'-T-----','18:30:00','22:30:00','LOY SP-116',0,'LOY SP-116','Winter',NULL),(534,'-------','00:00:00','00:00:00','LOY',0,'LOY','Winter',NULL),(535,'---J---','18:00:00','20:30:00','LOY CC-321',0,'LOY CC-321','Winter',NULL),(536,'M------','13:30:00','17:30:00','LOY SP-116',0,'LOY SP-116','Winter',NULL),(537,'--W----','13:30:00','17:30:00','LOY SP-112',0,'LOY SP-112','Winter',NULL),(538,'---J---','13:30:00','17:30:00','LOY SP-116',0,'LOY SP-116','Winter',NULL),(539,'----F--','09:00:00','13:00:00','LOY SP-116',0,'LOY SP-116','Winter',NULL),(540,'M------','09:00:00','13:00:00','LOY SP-112',0,'LOY SP-112','Winter',NULL),(541,'-T-----','18:30:00','22:30:00','LOY SP-116',0,'LOY SP-116','Winter',NULL),(542,'-------','00:00:00','00:00:00','LOY',0,'LOY','Winter',NULL),(543,'--W-F--','08:45:00','10:00:00','LOY CC-321',0,'LOY CC-321','Fall',NULL),(544,'---J---','18:00:00','20:30:00','LOY CC-314',0,'LOY CC-314','Fall',NULL),(545,'--W-F--','10:15:00','11:30:00','LOY CC-320',0,'LOY CC-320','Winter',NULL),(546,'-T-J---','10:15:00','11:30:00','LOY CC-425',0,'LOY CC-425','Winter',NULL),(547,'M-W----','08:45:00','10:00:00','LOY CC-314',0,'LOY CC-314','Fall',NULL),(548,'M-W----','11:45:00','13:00:00','LOY CJ-1.129',0,'LOY CJ-1.129','Fall',NULL),(549,'-T-J---','10:15:00','11:30:00','LOY CJ-1.129',0,'LOY CJ-1.129','Winter',NULL),(550,'-------','00:00:00','00:00:00','SGW(Online)',0,'SGW(Online)','Summer1',NULL),(551,'-------','00:00:00','00:00:00','SGW(Online)',0,'SGW(Online)','Fall',NULL),(552,'-------','00:00:00','00:00:00','SGW(Online)',0,'SGW(Online)','Winter',NULL),(553,'-------','00:00:00','00:00:00','SGW(Online)',0,'SGW(Online)','Summer1',NULL),(554,'--W----','13:15:00','16:00:00','SGW MB-1.210',0,'SGW MB-1.210','Fall',NULL),(555,'M------','10:15:00','11:15:00','SGW H-427',0,'SGW H-427','Fall',NULL),(556,'M------','10:15:00','11:15:00','SGW MB-6.425',0,'SGW MB-6.425','Fall',NULL),(557,'M------','10:15:00','11:15:00','SGW H-627',0,'SGW H-627','Fall',NULL),(558,'M------','10:15:00','11:15:00','SGW H-625',0,'SGW H-625','Fall',NULL),(559,'M------','11:45:00','12:45:00','SGW H-625',0,'SGW H-625','Fall',NULL),(560,'M------','11:45:00','12:45:00','SGW H-623',0,'SGW H-623','Fall',NULL),(561,'M------','11:45:00','12:45:00','SGW H-537',0,'SGW H-537','Fall',NULL),(562,'M------','11:45:00','12:45:00','SGW H-564',0,'SGW H-564','Fall',NULL),(563,'-------','00:00:00','00:00:00','SGW(Online)',0,'SGW(Online)','Fall',NULL),(564,'--W-F--','08:45:00','10:00:00','SGW H-507',0,'SGW H-507','Winter',NULL),(565,'-------','00:00:00','00:00:00','SGW(Online)',0,'SGW(Online)','Winter',NULL),(566,'-------','00:00:00','00:00:00','SGW(Online)',0,'SGW(Online)','Summer1',NULL),(567,'M-W----','16:15:00','17:30:00','SGW MB-1.210',0,'SGW MB-1.210','Fall',NULL),(568,'-------','00:00:00','00:00:00','SGW',0,'SGW','Fall',NULL),(569,'-------','00:00:00','00:00:00','SGW',0,'SGW','Fall',NULL),(570,'-------','00:00:00','00:00:00','SGW',0,'SGW','Fall',NULL),(571,'M-W----','11:45:00','13:00:00','SGW MB-1.210',0,'SGW MB-1.210','Fall',NULL),(572,'-------','00:00:00','00:00:00','SGW',0,'SGW','Fall',NULL),(573,'-------','00:00:00','00:00:00','SGW',0,'SGW','Fall',NULL),(574,'-------','00:00:00','00:00:00','SGW',0,'SGW','Fall',NULL),(575,'--W-F--','10:15:00','11:30:00','SGW MB-1.210',0,'SGW MB-1.210','Fall',NULL),(576,'-------','00:00:00','00:00:00','SGW',0,'SGW','Fall',NULL),(577,'-------','00:00:00','00:00:00','SGW',0,'SGW','Fall',NULL),(578,'-------','00:00:00','00:00:00','SGW',0,'SGW','Fall',NULL),(579,'M-W----','08:45:00','10:00:00','SGW MB-1.210',0,'SGW MB-1.210','Fall',NULL),(580,'-------','00:00:00','00:00:00','SGW',0,'SGW','Fall',NULL),(581,'-------','00:00:00','00:00:00','SGW',0,'SGW','Fall',NULL),(582,'-------','00:00:00','00:00:00','SGW',0,'SGW','Fall',NULL),(583,'--W-F--','08:45:00','10:00:00','SGW H-531',0,'SGW H-531','Fall',NULL),(584,'-------','00:00:00','00:00:00','SGW',0,'SGW','Fall',NULL),(585,'M-W----','14:45:00','16:00:00','SGW H-407',0,'SGW H-407','Fall',NULL),(586,'-------','00:00:00','00:00:00','SGW',0,'SGW','Fall',NULL),(587,'-------','00:00:00','00:00:00','SGW(Online)',0,'SGW(Online)','Fall',NULL),(588,'M-W----','16:15:00','17:30:00','SGW MB-1.210',0,'SGW MB-1.210','Winter',NULL),(589,'-------','00:00:00','00:00:00','SGW',0,'SGW','Winter',NULL),(590,'-------','00:00:00','00:00:00','SGW',0,'SGW','Winter',NULL),(591,'-------','00:00:00','00:00:00','SGW',0,'SGW','Winter',NULL),(592,'M-W----','11:45:00','13:00:00','SGW MB-1.210',0,'SGW MB-1.210','Winter',NULL),(593,'-------','00:00:00','00:00:00','SGW',0,'SGW','Winter',NULL),(594,'-------','00:00:00','00:00:00','SGW',0,'SGW','Winter',NULL),(595,'-------','00:00:00','00:00:00','SGW',0,'SGW','Winter',NULL),(596,'M-W----','10:15:00','11:30:00','SGW FG-C070',0,'SGW FG-C070','Winter',NULL),(597,'-------','00:00:00','00:00:00','SGW',0,'SGW','Winter',NULL),(598,'M-W----','08:45:00','10:00:00','SGW H-407',0,'SGW H-407','Winter',NULL),(599,'-------','00:00:00','00:00:00','SGW',0,'SGW','Winter',NULL),(600,'-T-J---','14:45:00','16:00:00','SGW H-531',0,'SGW H-531','Winter',NULL),(601,'-------','00:00:00','00:00:00','SGW',0,'SGW','Winter',NULL),(602,'-T-J---','13:15:00','14:30:00','SGW H-531',0,'SGW H-531','Winter',NULL),(603,'-------','00:00:00','00:00:00','SGW',0,'SGW','Winter',NULL),(604,'-------','00:00:00','00:00:00','SGW(Online)',0,'SGW(Online)','Winter',NULL),(605,'-------','00:00:00','00:00:00','SGW(Online)',0,'SGW(Online)','Summer1',NULL),(606,'-T-J---','11:45:00','13:00:00','SGW MB-1.210',0,'SGW MB-1.210','Fall',NULL),(607,'-------','00:00:00','00:00:00','SGW',0,'SGW','Fall',NULL),(608,'-------','00:00:00','00:00:00','SGW',0,'SGW','Fall',NULL),(609,'-------','00:00:00','00:00:00','SGW',0,'SGW','Fall',NULL),(610,'-T-J---','16:15:00','17:30:00','SGW MB-1.210',0,'SGW MB-1.210','Fall',NULL),(611,'-------','00:00:00','00:00:00','SGW',0,'SGW','Fall',NULL),(612,'-------','00:00:00','00:00:00','SGW',0,'SGW','Fall',NULL),(613,'-------','00:00:00','00:00:00','SGW',0,'SGW','Fall',NULL),(614,'-T-J---','08:45:00','10:00:00','SGW H-407',0,'SGW H-407','Fall',NULL),(615,'-------','00:00:00','00:00:00','SGW',0,'SGW','Fall',NULL),(616,'M-W----','10:15:00','11:30:00','SGW H-407',0,'SGW H-407','Fall',NULL),(617,'-------','00:00:00','00:00:00','SGW',0,'SGW','Fall',NULL),(618,'-------','00:00:00','00:00:00','SGW(Online)',0,'SGW(Online)','Fall',NULL),(619,'-T-J---','13:15:00','14:30:00','SGW MB-1.210',0,'SGW MB-1.210','Winter',NULL),(620,'-------','00:00:00','00:00:00','SGW',0,'SGW','Winter',NULL),(621,'-------','00:00:00','00:00:00','SGW',0,'SGW','Winter',NULL),(622,'-------','00:00:00','00:00:00','SGW',0,'SGW','Winter',NULL),(623,'-T-J---','10:15:00','11:30:00','SGW MB-1.210',0,'SGW MB-1.210','Winter',NULL),(624,'-------','00:00:00','00:00:00','SGW',0,'SGW','Winter',NULL),(625,'-------','00:00:00','00:00:00','SGW',0,'SGW','Winter',NULL),(626,'-------','00:00:00','00:00:00','SGW',0,'SGW','Winter',NULL),(627,'-T-J---','08:45:00','10:00:00','SGW MB-1.210',0,'SGW MB-1.210','Winter',NULL),(628,'-------','00:00:00','00:00:00','SGW',0,'SGW','Winter',NULL),(629,'-------','00:00:00','00:00:00','SGW',0,'SGW','Winter',NULL),(630,'-------','00:00:00','00:00:00','SGW',0,'SGW','Winter',NULL),(631,'-T-J---','11:45:00','13:00:00','SGW FG-B060',0,'SGW FG-B060','Winter',NULL),(632,'-------','00:00:00','00:00:00','SGW',0,'SGW','Winter',NULL),(633,'-T-J---','14:45:00','16:00:00','SGW H-407',0,'SGW H-407','Winter',NULL),(634,'-------','00:00:00','00:00:00','SGW',0,'SGW','Winter',NULL),(635,'-------','00:00:00','00:00:00','SGW(Online)',0,'SGW(Online)','Winter',NULL),(636,'-T-J---','14:45:00','17:30:00','SGW FG-B060',0,'SGW FG-B060','Summer1',NULL),(637,'-T-----','20:30:00','22:45:00','SGW H-403',0,'SGW H-403','Fall',NULL),(638,'-T-----','18:00:00','20:15:00','SGW H-629',0,'SGW H-629','Winter',NULL),(639,'-T-J---','18:30:00','21:00:00','SGW H-920',0,'SGW H-920','Summer2',NULL),(640,'--W----','14:45:00','17:30:00','SGW H-620',0,'SGW H-620','Fall',NULL),(641,'--W----','14:45:00','17:30:00','SGW H-507',0,'SGW H-507','Winter',NULL),(642,'-T-J---','10:15:00','11:30:00','SGW H-937',0,'SGW H-937','Fall',NULL),(643,'----F--','18:00:00','20:15:00','SGW H-937',0,'SGW H-937','Winter',NULL),(644,'-T-J---','08:45:00','10:00:00','SGW H-937',0,'SGW H-937','Winter',NULL),(645,'M-W----','14:45:00','16:00:00','SGW H-937',0,'SGW H-937','Fall',NULL),(646,'M-W----','11:45:00','13:00:00','SGW H-937',0,'SGW H-937','Winter',NULL),(647,'--W----','18:00:00','20:15:00','SGW H-603',0,'SGW H-603','Fall',NULL),(648,'-------','00:00:00','00:00:00','SGW(Online)',0,'SGW(Online)','Fall',NULL),(649,'M------','18:00:00','20:15:00','LOY CC-308',0,'LOY CC-308','Winter',NULL),(650,'-------','00:00:00','00:00:00','SGW(Online)',0,'SGW(Online)','Winter',NULL),(651,'-T-J---','13:15:00','14:30:00','SGW MB-1.210',0,'SGW MB-1.210','Fall',NULL),(652,'-T-J---','13:15:00','14:30:00','SGW H-411',0,'SGW H-411','Winter',NULL),(653,'----F--','13:15:00','16:00:00','SGW H-1070',0,'SGW H-1070','Fall',NULL),(654,'-T-----','18:00:00','20:15:00','SGW MB-1.210',0,'SGW MB-1.210','Winter',NULL),(655,'-------','00:00:00','00:00:00','(Online)',0,'(Online)','Summer1',NULL),(656,'-------','00:00:00','00:00:00','(Online)',0,'(Online)','Fall',NULL),(657,'-------','00:00:00','00:00:00','(Online)',0,'(Online)','Winter',NULL),(658,'--W-F--','08:45:00','10:00:00','SGW H-553',0,'SGW H-553','Fall',NULL),(659,'--W-F--','10:15:00','11:30:00','SGW MB-S2.210',0,'SGW MB-S2.210','Winter',NULL),(660,'-T-J---','08:45:00','10:00:00','SGW H-553',0,'SGW H-553','Winter',NULL),(661,'-T-J---','11:45:00','13:00:00','SGW H-521',0,'SGW H-521','Fall',NULL),(662,'M-W----','14:45:00','16:00:00','SGW MB-2.430',0,'SGW MB-2.430','Fall',NULL),(663,'M-W----','14:45:00','16:00:00','SGW H-509',0,'SGW H-509','Winter',NULL),(664,'-------','00:00:00','00:00:00','SGW(Online)',0,'SGW(Online)','Summer2',NULL),(665,'-T-----','14:45:00','17:15:00','SGW CI-104',0,'SGW CI-104','Fall',NULL),(666,'-------','00:00:00','00:00:00','SGW(Online)',0,'SGW(Online)','Fall',NULL),(667,'M------','14:45:00','17:15:00','SGW CI-101',0,'SGW CI-101','Fall',NULL),(668,'M------','13:15:00','16:00:00','SGW MB-1.210',0,'SGW MB-1.210','Fall',NULL),(669,'M------','10:15:00','11:15:00','SGW H-623',0,'SGW H-623','Fall',NULL),(670,'M------','10:15:00','11:15:00','SGW H-537',0,'SGW H-537','Fall',NULL),(671,'M------','10:15:00','11:15:00','SGW H-564',0,'SGW H-564','Fall',NULL),(672,'M------','10:15:00','11:15:00','SGW H-459',0,'SGW H-459','Fall',NULL),(673,'M------','10:15:00','11:15:00','SGW H-423',0,'SGW H-423','Fall',NULL),(674,'M------','10:15:00','11:15:00','SGW H-403',0,'SGW H-403','Fall',NULL),(675,'M------','11:45:00','12:45:00','SGW H-513',0,'SGW H-513','Fall',NULL),(676,'M------','11:45:00','12:45:00','SGW MB-S2.105',0,'SGW MB-S2.105','Fall',NULL),(677,'M------','11:45:00','12:45:00','SGW MB-S1.255',0,'SGW MB-S1.255','Fall',NULL),(678,'M------','11:45:00','12:45:00','SGW MB-S1.105',0,'SGW MB-S1.105','Fall',NULL),(679,'M------','11:45:00','12:45:00','SGW MB-2.255',0,'SGW MB-2.255','Fall',NULL),(680,'M------','11:45:00','12:45:00','SGW MB-2.265',0,'SGW MB-2.265','Fall',NULL),(681,'--W-F--','08:45:00','10:00:00','SGW H-507',0,'SGW H-507','Fall',NULL),(682,'M-W----','16:15:00','17:30:00','SGW H-415',0,'SGW H-415','Winter',NULL),(683,'-T-J---','08:45:00','10:00:00','SGW FG-B060',0,'SGW FG-B060','Winter',NULL),(684,'-T-----','13:15:00','16:00:00','SGW H-631',0,'SGW H-631','Fall',NULL),(685,'--W----','18:00:00','20:15:00','SGW H-459',0,'SGW H-459','Fall',NULL),(686,'---J---','13:15:00','16:00:00','SGW H-401',0,'SGW H-401','Winter',NULL),(687,'---J---','13:15:00','16:00:00','SGW H-403',0,'SGW H-403','Fall',NULL),(688,'-T-----','13:15:00','16:00:00','SGW H-631',0,'SGW H-631','Winter',NULL),(689,'--W----','18:00:00','20:15:00','SGW H-631',0,'SGW H-631','Winter',NULL),(690,'M------','12:15:00','14:45:00','SGW EV-1.615',0,'SGW EV-1.615','Fall',NULL),(691,'--W----','18:00:00','20:15:00','SGW EV-1.615',0,'SGW EV-1.615','Winter',NULL),(692,'-T-----','18:00:00','20:15:00','SGW H-420',0,'SGW H-420','Fall',NULL),(693,'M-W----','10:15:00','11:30:00','SGW H-520',0,'SGW H-520','Winter',NULL),(694,'--W----','16:15:00','19:00:00','LOY CJ-1.114',0,'LOY CJ-1.114','Fall',NULL),(695,'--W----','18:00:00','20:45:00','LOY CJ-1.114',0,'LOY CJ-1.114','Winter',NULL),(696,'M------','13:15:00','16:00:00','SGW H-625',0,'SGW H-625','Winter',NULL),(697,'---J---','13:15:00','17:15:00','SGW VA-114',0,'SGW VA-114','Fall',NULL),(698,'---J---','08:45:00','12:45:00','SGW VA-114',0,'SGW VA-114','Winter',NULL),(699,'M-W----','10:15:00','11:30:00','SGW H-620',0,'SGW H-620','Fall',NULL),(700,'-T-J---','10:15:00','11:30:00','SGW H-620',0,'SGW H-620','Fall',NULL),(701,'---J---','20:30:00','22:45:00','SGW H-1070',0,'SGW H-1070','Fall',NULL),(702,'M-W----','08:45:00','10:00:00','SGW H-820',0,'SGW H-820','Winter',NULL),(703,'-T-J---','13:15:00','14:30:00','SGW H-620',0,'SGW H-620','Winter',NULL),(704,'--W----','18:00:00','20:15:00','SGW H-1070',0,'SGW H-1070','Winter',NULL),(705,'-T-J---','08:45:00','10:00:00','SGW H-507',0,'SGW H-507','Winter',NULL),(706,'M------','20:30:00','22:45:00','SGW H-1070',0,'SGW H-1070','Winter',NULL),(707,'-T-----','14:45:00','17:30:00','SGW FG-B060',0,'SGW FG-B060','Winter',NULL),(708,'-T-J---','16:15:00','17:30:00','SGW H-415',0,'SGW H-415','Winter',NULL),(709,'M-W----','18:00:00','20:15:00','SGW H-411',0,'SGW H-411','Summer1',NULL),(710,'--W-F--','11:45:00','13:00:00','SGW FG-C080',0,'SGW FG-C080','Fall',NULL),(711,'--W-F--','11:45:00','13:00:00','SGW H-507',0,'SGW H-507','Winter',NULL),(712,'-------','00:00:00','00:00:00','SGW(Online)',0,'SGW(Online)','Fall',NULL),(713,'-------','00:00:00','00:00:00','SGW(Online)',0,'SGW(Online)','Winter',NULL),(714,'M------','13:15:00','15:45:00','SGW H-620',0,'SGW H-620','Fall',NULL),(715,'M-W----','08:45:00','10:00:00','SGW H-920',0,'SGW H-920','Winter',NULL),(716,'-------','00:00:00','00:00:00','SGW(Online)',0,'SGW(Online)','Summer1',NULL),(717,'-------','00:00:00','00:00:00','SGW(Online)',0,'SGW(Online)','Fall',NULL),(718,'-------','00:00:00','00:00:00','SGW(Online)',0,'SGW(Online)','Winter',NULL),(719,'--W----','10:15:00','12:45:00','SGW H-920',0,'SGW H-920','Winter',NULL),(720,'-T-J---','11:45:00','13:00:00','SGW H-427',0,'SGW H-427','Fall',NULL),(721,'-T-J---','13:15:00','14:30:00','SGW H-507',0,'SGW H-507','Fall',NULL),(722,'----F--','08:45:00','11:30:00','SGW MB-S2.330',0,'SGW MB-S2.330','Winter',NULL),(723,'-------','00:00:00','00:00:00','SGW(Online)',0,'SGW(Online)','Summer1',NULL),(724,'-------','00:00:00','00:00:00','SGW(Online)',0,'SGW(Online)','Winter',NULL),(725,'-T-J---','08:45:00','11:30:00','SGW MB-S2.210',0,'SGW MB-S2.210','Summer1',NULL),(726,'-T-J---','13:15:00','14:30:00','SGW FG-B070',0,'SGW FG-B070','Fall',NULL),(727,'--W----','20:30:00','22:20:00','SGW H-831',0,'SGW H-831','Fall',NULL),(728,'--W----','20:30:00','22:20:00','SGW H-847',0,'SGW H-847','Fall',NULL),(729,'M-W----','16:15:00','17:30:00','SGW H-605',0,'SGW H-605','Fall',NULL),(730,'--W----','17:45:00','19:35:00','SGW H-929',0,'SGW H-929','Fall',NULL),(731,'--W----','17:45:00','19:35:00','SGW H-847',0,'SGW H-847','Fall',NULL),(732,'--W-F--','14:45:00','16:00:00','SGW H-520',0,'SGW H-520','Winter',NULL),(733,'----F--','16:15:00','18:05:00','SGW',0,'SGW','Winter',NULL),(734,'----F--','16:15:00','18:05:00','SGW',0,'SGW','Winter',NULL),(735,'M-W----','14:45:00','17:15:00','SGW H-521',0,'SGW H-521','Summer2',NULL),(736,'M-W----','13:15:00','14:05:00','SGW H-521',0,'SGW H-521','Summer2',NULL),(737,'M-W----','10:15:00','12:05:00','SGW H-831',0,'SGW H-831','Summer2',NULL),(738,'M-W----','08:15:00','10:05:00','SGW H-400',0,'SGW H-400','Summer2',NULL),(739,'---J---','13:15:00','16:00:00','SGW H-401',0,'SGW H-401','Fall',NULL),(740,'---J---','12:15:00','13:05:00','SGW H-403',0,'SGW H-403','Fall',NULL),(741,'---J---','16:15:00','18:05:00','SGW H-905',0,'SGW H-905','Fall',NULL),(742,'----F--','13:15:00','15:05:00','SGW H-917',0,'SGW H-917','Fall',NULL),(743,'M-W----','13:15:00','14:30:00','SGW H-937',0,'SGW H-937','Winter',NULL),(744,'--W----','16:15:00','17:05:00','SGW H-625',0,'SGW H-625','Winter',NULL),(745,'--W----','17:15:00','19:05:00','SGW',0,'SGW','Winter',NULL),(746,'--W----','16:15:00','17:05:00','SGW H-627',0,'SGW H-627','Winter',NULL),(747,'M------','17:15:00','19:05:00','SGW',0,'SGW','Winter',NULL),(748,'M-W----','18:30:00','21:00:00','SGW H-920',0,'SGW H-920','Summer2',NULL),(749,'-T-J---','21:10:00','23:00:00','SGW H-817',0,'SGW H-817','Summer2',NULL),(750,'M-W----','21:10:00','23:00:00','SGW H-817',0,'SGW H-817','Summer2',NULL),(751,'M-W----','21:20:00','23:00:00','SGW',0,'SGW','Summer2',NULL),(752,'-T-----','17:45:00','20:15:00','SGW H-403',0,'SGW H-403','Fall',NULL),(753,'--W----','16:15:00','18:05:00','SGW H-849',0,'SGW H-849','Fall',NULL),(754,'M------','16:15:00','18:05:00','SGW H-849',0,'SGW H-849','Fall',NULL),(755,'---J---','17:45:00','20:15:00','SGW H-423',0,'SGW H-423','Winter',NULL),(756,'--W----','16:15:00','18:05:00','SGW',0,'SGW','Winter',NULL),(757,'---J---','20:30:00','22:10:00','SGW',0,'SGW','Winter',NULL),(758,'-T-----','17:45:00','20:15:00','SGW H-401',0,'SGW H-401','Fall',NULL),(759,'-T-----','20:30:00','22:10:00','SGW H-862',0,'SGW H-862','Fall',NULL),(760,'-T-----','20:30:00','22:10:00','SGW H-862',0,'SGW H-862','Fall',NULL),(761,'---J---','17:45:00','20:15:00','SGW H-553',0,'SGW H-553','Fall',NULL),(762,'---J---','20:30:00','21:20:00','SGW H-819',0,'SGW H-819','Fall',NULL),(763,'-------','00:00:00','00:00:00','SGW',0,'SGW','Fall',NULL),(764,'---J---','20:30:00','21:20:00','SGW H-847',0,'SGW H-847','Fall',NULL),(765,'-------','00:00:00','00:00:00','SGW',0,'SGW','Fall',NULL),(766,'M------','17:45:00','20:15:00','SGW H-544',0,'SGW H-544','Winter',NULL),(767,'M------','20:30:00','22:20:00','SGW',0,'SGW','Winter',NULL),(768,'M------','15:45:00','17:30:00','SGW',0,'SGW','Winter',NULL),(769,'M-W----','10:15:00','11:30:00','SGW H-1070',0,'SGW H-1070','Fall',NULL),(770,'M------','13:15:00','15:05:00','SGW H-905',0,'SGW H-905','Fall',NULL),(771,'M------','17:45:00','19:35:00','SGW H-905',0,'SGW H-905','Fall',NULL),(772,'M-W----','13:15:00','14:30:00','SGW MB-S1.235',0,'SGW MB-S1.235','Winter',NULL),(773,'M------','11:10:00','13:00:00','SGW',0,'SGW','Winter',NULL),(774,'--W----','11:10:00','13:00:00','SGW',0,'SGW','Winter',NULL),(775,'-T-J---','16:15:00','17:30:00','SGW H-423',0,'SGW H-423','Fall',NULL),(776,'--W----','13:15:00','14:05:00','SGW H-565',0,'SGW H-565','Fall',NULL),(777,'M-W----','11:45:00','13:00:00','SGW H-433',0,'SGW H-433','Fall',NULL),(778,'-T-----','16:15:00','18:15:00','SGW H-905',0,'SGW H-905','Fall',NULL),(779,'--W----','16:15:00','18:15:00','SGW H-817',0,'SGW H-817','Fall',NULL),(780,'--W----','18:30:00','20:30:00','SGW H-817',0,'SGW H-817','Fall',NULL),(781,'M------','17:45:00','20:15:00','SGW H-520',0,'SGW H-520','Winter',NULL),(782,'M------','20:25:00','22:25:00','SGW',0,'SGW','Winter',NULL),(783,'---J---','17:45:00','19:45:00','SGW',0,'SGW','Winter',NULL),(784,'M------','20:25:00','22:25:00','SGW',0,'SGW','Winter',NULL),(785,'---J---','17:45:00','20:15:00','SGW H-415',0,'SGW H-415','Fall',NULL),(786,'---J---','20:30:00','22:20:00','SGW H-849',0,'SGW H-849','Fall',NULL),(787,'---J---','20:30:00','22:20:00','SGW H-917',0,'SGW H-917','Fall',NULL),(788,'---J---','20:30:00','22:20:00','SGW H-811',0,'SGW H-811','Fall',NULL),(789,'--W----','17:45:00','20:15:00','SGW H-557',0,'SGW H-557','Winter',NULL),(790,'-T-----','15:00:00','17:00:00','SGW',0,'SGW','Winter',NULL),(791,'-T-----','18:00:00','20:00:00','SGW',0,'SGW','Winter',NULL),(792,'-T-----','15:00:00','17:00:00','SGW',0,'SGW','Winter',NULL),(793,'M------','17:45:00','20:15:00','SGW H-607',0,'SGW H-607','Fall',NULL),(794,'--W----','20:30:00','22:30:00','SGW H-811',0,'SGW H-811','Fall',NULL),(795,'M------','20:30:00','22:30:00','SGW H-811',0,'SGW H-811','Fall',NULL),(796,'M-W----','13:15:00','14:30:00','SGW H-539',0,'SGW H-539','Fall',NULL),(797,'M------','14:45:00','16:35:00','SGW H-811',0,'SGW H-811','Fall',NULL),(798,'--W----','14:45:00','16:35:00','SGW H-843',0,'SGW H-843','Fall',NULL),(799,'-T-----','14:45:00','16:35:00','SGW H-811',0,'SGW H-811','Fall',NULL),(800,'-------','00:00:00','00:00:00','SGW',0,'SGW','Winter',NULL),(801,'--W----','17:45:00','20:15:00','SGW H-427',0,'SGW H-427','Fall',NULL),(802,'--W----','20:20:00','21:05:00','SGW H-968',0,'SGW H-968','Fall',NULL),(803,'--W----','21:10:00','23:00:00','SGW H-968',0,'SGW H-968','Fall',NULL),(804,'---J---','14:45:00','16:35:00','SGW H-968',0,'SGW H-968','Fall',NULL),(805,'-T-J---','13:15:00','14:30:00','SGW MB-S1.105',0,'SGW MB-S1.105','Fall',NULL),(806,'-T-----','14:45:00','15:35:00','SGW H-849',0,'SGW H-849','Fall',NULL),(807,'-T-----','15:45:00','17:30:00','SGW H-849',0,'SGW H-849','Fall',NULL),(808,'-------','00:00:00','00:00:00','SGW',0,'SGW','Summer1',NULL),(809,'-------','00:00:00','00:00:00','SGW',0,'SGW','Summer1',NULL),(810,'-------','00:00:00','00:00:00','SGW',0,'SGW','Fall',NULL),(811,'-------','00:00:00','00:00:00','SGW',0,'SGW','Winter',NULL),(812,'-------','00:00:00','00:00:00','SGW',0,'SGW','Winter',NULL),(813,'-T-J---','13:15:00','14:30:00','SGW FG-B070',0,'SGW FG-B070','Fall',NULL),(814,'--W----','20:30:00','22:20:00','SGW H-831',0,'SGW H-831','Fall',NULL),(815,'--W----','20:30:00','22:20:00','SGW H-847',0,'SGW H-847','Fall',NULL),(816,'M-W----','16:15:00','17:30:00','SGW H-605',0,'SGW H-605','Fall',NULL),(817,'--W----','17:45:00','19:35:00','SGW H-929',0,'SGW H-929','Fall',NULL),(818,'--W----','17:45:00','19:35:00','SGW H-847',0,'SGW H-847','Fall',NULL),(819,'--W-F--','14:45:00','16:00:00','SGW H-520',0,'SGW H-520','Winter',NULL),(820,'----F--','16:15:00','18:05:00','SGW',0,'SGW','Winter',NULL),(821,'----F--','16:15:00','18:05:00','SGW',0,'SGW','Winter',NULL),(822,'M-W----','18:30:00','21:00:00','SGW H-920',0,'SGW H-920','Summer2',NULL),(823,'-T-J---','21:10:00','23:00:00','SGW H-817',0,'SGW H-817','Summer2',NULL),(824,'M-W----','21:10:00','23:00:00','SGW H-817',0,'SGW H-817','Summer2',NULL),(825,'M-W----','21:20:00','23:00:00','SGW',0,'SGW','Summer2',NULL),(826,'-T-----','17:45:00','20:15:00','SGW H-403',0,'SGW H-403','Fall',NULL),(827,'--W----','16:15:00','18:05:00','SGW H-849',0,'SGW H-849','Fall',NULL),(828,'M------','16:15:00','18:05:00','SGW H-849',0,'SGW H-849','Fall',NULL),(829,'---J---','17:45:00','20:15:00','SGW H-423',0,'SGW H-423','Winter',NULL),(830,'--W----','16:15:00','18:05:00','SGW',0,'SGW','Winter',NULL),(831,'---J---','20:30:00','22:10:00','SGW',0,'SGW','Winter',NULL),(832,'-T-----','13:15:00','16:00:00','SGW H-429',0,'SGW H-429','Fall',NULL),(833,'-T-----','16:15:00','18:05:00','SGW H-837',0,'SGW H-837','Fall',NULL),(834,'--W----','16:15:00','18:05:00','SGW H-837',0,'SGW H-837','Fall',NULL),(835,'-T-----','19:00:00','20:50:00','SGW H-837',0,'SGW H-837','Fall',NULL),(836,'---J---','13:15:00','16:00:00','SGW H-429',0,'SGW H-429','Fall',NULL),(837,'---J---','16:15:00','18:05:00','SGW H-837',0,'SGW H-837','Fall',NULL),(838,'---J---','19:00:00','20:50:00','SGW H-837',0,'SGW H-837','Fall',NULL),(839,'--W----','18:20:00','20:10:00','SGW H-837',0,'SGW H-837','Fall',NULL),(840,'M-W----','11:45:00','13:00:00','SGW H-433',0,'SGW H-433','Fall',NULL),(841,'-T-----','16:15:00','18:15:00','SGW H-905',0,'SGW H-905','Fall',NULL),(842,'--W----','16:15:00','18:15:00','SGW H-817',0,'SGW H-817','Fall',NULL),(843,'--W----','18:30:00','20:30:00','SGW H-817',0,'SGW H-817','Fall',NULL),(844,'M------','17:45:00','20:15:00','SGW H-520',0,'SGW H-520','Winter',NULL),(845,'M------','20:25:00','22:25:00','SGW',0,'SGW','Winter',NULL),(846,'---J---','17:45:00','19:45:00','SGW',0,'SGW','Winter',NULL),(847,'M------','20:25:00','22:25:00','SGW',0,'SGW','Winter',NULL),(848,'-T-J---','14:45:00','16:00:00','SGW MB-S2.401',0,'SGW MB-S2.401','Winter',NULL),(849,'-------','00:00:00','00:00:00','SGW',0,'SGW','Winter',NULL),(850,'-------','00:00:00','00:00:00','SGW',0,'SGW','Winter',NULL),(851,'-------','00:00:00','00:00:00','SGW',0,'SGW','Winter',NULL),(852,'M-W----','13:15:00','14:30:00','SGW H-411',0,'SGW H-411','Fall',NULL),(853,'M------','14:45:00','16:35:00','SGW H-837',0,'SGW H-837','Fall',NULL),(854,'--W----','14:45:00','16:35:00','SGW H-845',0,'SGW H-845','Fall',NULL),(855,'M-W----','14:45:00','17:15:00','SGW H-521',0,'SGW H-521','Summer2',NULL),(856,'M-W----','13:15:00','14:05:00','SGW H-521',0,'SGW H-521','Summer2',NULL),(857,'M-W----','10:15:00','12:05:00','SGW H-831',0,'SGW H-831','Summer2',NULL),(858,'M-W----','08:15:00','10:05:00','SGW H-400',0,'SGW H-400','Summer2',NULL),(859,'---J---','13:15:00','16:00:00','SGW H-401',0,'SGW H-401','Fall',NULL),(860,'---J---','12:15:00','13:05:00','SGW H-403',0,'SGW H-403','Fall',NULL),(861,'---J---','16:15:00','18:05:00','SGW H-905',0,'SGW H-905','Fall',NULL),(862,'----F--','13:15:00','15:05:00','SGW H-917',0,'SGW H-917','Fall',NULL),(863,'M-W----','13:15:00','14:30:00','SGW H-937',0,'SGW H-937','Winter',NULL),(864,'--W----','16:15:00','17:05:00','SGW H-625',0,'SGW H-625','Winter',NULL),(865,'--W----','17:15:00','19:05:00','SGW',0,'SGW','Winter',NULL),(866,'--W----','16:15:00','17:05:00','SGW H-627',0,'SGW H-627','Winter',NULL),(867,'M------','17:15:00','19:05:00','SGW',0,'SGW','Winter',NULL),(868,'M-W----','10:15:00','11:30:00','SGW H-1070',0,'SGW H-1070','Fall',NULL),(869,'M------','13:15:00','15:05:00','SGW H-905',0,'SGW H-905','Fall',NULL),(870,'M------','17:45:00','19:35:00','SGW H-905',0,'SGW H-905','Fall',NULL),(871,'M-W----','13:15:00','14:30:00','SGW MB-S1.235',0,'SGW MB-S1.235','Winter',NULL),(872,'M------','11:10:00','13:00:00','SGW',0,'SGW','Winter',NULL),(873,'--W----','11:10:00','13:00:00','SGW',0,'SGW','Winter',NULL),(874,'M-W----','13:15:00','14:30:00','SGW H-539',0,'SGW H-539','Fall',NULL),(875,'M------','14:45:00','16:35:00','SGW H-811',0,'SGW H-811','Fall',NULL),(876,'--W----','14:45:00','16:35:00','SGW H-843',0,'SGW H-843','Fall',NULL),(877,'-T-----','14:45:00','16:35:00','SGW H-811',0,'SGW H-811','Fall',NULL),(878,'M-W----','11:45:00','13:00:00','SGW H-535',0,'SGW H-535','Fall',NULL),(879,'----F--','11:45:00','12:35:00','SGW H-967',0,'SGW H-967','Fall',NULL),(880,'----F--','11:45:00','12:35:00','SGW H-905',0,'SGW H-905','Fall',NULL),(881,'--W----','17:45:00','20:15:00','SGW H-633',0,'SGW H-633','Winter',NULL),(882,'--W----','16:25:00','17:15:00','SGW',0,'SGW','Winter',NULL),(883,'--W----','20:30:00','22:20:00','SGW',0,'SGW','Winter',NULL),(884,'---J---','17:45:00','20:15:00','SGW H-920',0,'SGW H-920','Fall',NULL),(885,'M------','11:45:00','13:35:00','SGW H-0011',0,'SGW H-0011','Fall',NULL),(886,'M------','11:45:00','13:35:00','SGW H-0011',0,'SGW H-0011','Fall',NULL),(887,'--W----','12:05:00','13:55:00','SGW H-0011',0,'SGW H-0011','Fall',NULL),(888,'--W----','12:05:00','13:55:00','SGW H-0011',0,'SGW H-0011','Fall',NULL),(889,'--W----','09:45:00','11:35:00','SGW H-0011',0,'SGW H-0011','Fall',NULL),(890,'--W----','09:45:00','11:35:00','SGW H-0011',0,'SGW H-0011','Fall',NULL),(891,'--W----','14:45:00','16:35:00','SGW',0,'SGW','Fall',NULL),(892,'M------','14:45:00','17:45:00','SGW FG-B040',0,'SGW FG-B040','Fall',NULL),(893,'M------','14:45:00','17:45:00','SGW FG-B040',0,'SGW FG-B040','Fall',NULL),(894,'M-W----','16:15:00','17:30:00','SGW H-621',0,'SGW H-621','Fall',NULL),(895,'--W----','14:45:00','15:35:00','SGW H-863',0,'SGW H-863','Fall',NULL),(896,'-T-J---','13:15:00','14:30:00','SGW FG-B070',0,'SGW FG-B070','Fall',NULL),(897,'--W----','20:30:00','22:20:00','SGW H-831',0,'SGW H-831','Fall',NULL),(898,'--W----','20:30:00','22:20:00','SGW H-847',0,'SGW H-847','Fall',NULL),(899,'M-W----','16:15:00','17:30:00','SGW H-605',0,'SGW H-605','Fall',NULL),(900,'--W----','17:45:00','19:35:00','SGW H-929',0,'SGW H-929','Fall',NULL),(901,'--W----','17:45:00','19:35:00','SGW H-847',0,'SGW H-847','Fall',NULL),(902,'--W-F--','14:45:00','16:00:00','SGW H-520',0,'SGW H-520','Winter',NULL),(903,'----F--','16:15:00','18:05:00','SGW',0,'SGW','Winter',NULL),(904,'----F--','16:15:00','18:05:00','SGW',0,'SGW','Winter',NULL),(905,'--W----','17:45:00','20:15:00','SGW H-427',0,'SGW H-427','Fall',NULL),(906,'--W----','20:20:00','21:05:00','SGW H-968',0,'SGW H-968','Fall',NULL),(907,'--W----','21:10:00','23:00:00','SGW H-968',0,'SGW H-968','Fall',NULL),(908,'---J---','14:45:00','16:35:00','SGW H-968',0,'SGW H-968','Fall',NULL),(909,'-T-J---','13:15:00','14:30:00','SGW MB-S1.105',0,'SGW MB-S1.105','Fall',NULL),(910,'-T-----','14:45:00','15:35:00','SGW H-849',0,'SGW H-849','Fall',NULL),(911,'-T-----','15:45:00','17:30:00','SGW H-849',0,'SGW H-849','Fall',NULL),(912,'-T-J---','11:45:00','14:15:00','SGW H-920',0,'SGW H-920','Summer2',NULL),(913,'-T-J---','15:00:00','16:40:00','SGW H-603        1',0,'SGW H-603        1','Summer2',NULL),(914,'--W----','08:45:00','11:30:00','SGW H-822',0,'SGW H-822','Summer2',NULL),(915,'--W----','12:30:00','15:15:00','SGW H-822',0,'SGW H-822','Summer2',NULL),(916,'-T-J---','15:00:00','16:40:00','SGW H-920',0,'SGW H-920','Summer2',NULL),(917,'-T-----','08:45:00','11:30:00','SGW H-822',0,'SGW H-822','Summer2',NULL),(918,'---J---','08:45:00','11:30:00','SGW H-822',0,'SGW H-822','Summer2',NULL),(919,'--W-F--','11:45:00','13:00:00','SGW MB-S2.115',0,'SGW MB-S2.115','Fall',NULL),(920,'----F--','13:15:00','14:55:00','SGW FG-B070',0,'SGW FG-B070','Fall',NULL),(921,'-T-----','11:45:00','14:30:00','SGW H-822',0,'SGW H-822','Fall',NULL),(922,'---J---','11:45:00','14:30:00','SGW H-822',0,'SGW H-822','Fall',NULL),(923,'----F--','08:45:00','11:30:00','SGW H-822',0,'SGW H-822','Fall',NULL),(924,'-T-J---','08:45:00','10:00:00','SGW FG-B040',0,'SGW FG-B040','Fall',NULL),(925,'--W----','14:45:00','16:25:00','SGW H-540',0,'SGW H-540','Fall',NULL),(926,'M------','08:45:00','11:30:00','SGW H-822',0,'SGW H-822','Fall',NULL),(927,'M------','14:45:00','17:30:00','SGW H-822',0,'SGW H-822','Fall',NULL),(928,'--W----','14:45:00','16:25:00','SGW H-603        1',0,'SGW H-603        1','Fall',NULL),(929,'M------','14:45:00','17:30:00','SGW H-822',0,'SGW H-822','Fall',NULL),(930,'M------','08:45:00','11:30:00','SGW H-822',0,'SGW H-822','Fall',NULL),(931,'-T-----','17:45:00','20:15:00','SGW FG-C080',0,'SGW FG-C080','Winter',NULL),(932,'--W----','09:45:00','11:25:00','SGW MB-S1.115',0,'SGW MB-S1.115','Winter',NULL),(933,'M------','08:45:00','11:30:00','SGW H-822',0,'SGW H-822','Winter',NULL),(934,'--W----','17:45:00','20:30:00','SGW H-822',0,'SGW H-822','Winter',NULL),(935,'M------','17:45:00','20:30:00','SGW H-822',0,'SGW H-822','Winter',NULL),(936,'--W----','10:15:00','11:55:00','SGW MB-S2.115',0,'SGW MB-S2.115','Winter',NULL),(937,'M------','08:45:00','11:30:00','SGW H-822',0,'SGW H-822','Winter',NULL),(938,'---J---','17:45:00','20:30:00','SGW H-822',0,'SGW H-822','Winter',NULL),(939,'---J---','17:45:00','20:30:00','SGW H-822',0,'SGW H-822','Winter',NULL),(940,'-T-J---','10:15:00','12:45:00','SGW H-535',0,'SGW H-535','Summer1',NULL),(941,'-T-J---','08:30:00','10:10:00','SGW H-435',0,'SGW H-435','Summer1',NULL),(942,'-T-J---','14:00:00','15:40:00','SGW FG-C080',0,'SGW FG-C080','Summer1',NULL),(943,'M-W----','08:45:00','10:25:00','SGW H-615',0,'SGW H-615','Summer1',NULL),(944,'-T-J---','10:45:00','13:15:00','SGW H-937',0,'SGW H-937','Summer1',NULL),(945,'-T-J---','08:45:00','10:25:00','SGW FG-C070',0,'SGW FG-C070','Summer1',NULL),(946,'-T-J---','14:00:00','15:40:00','SGW H-937',0,'SGW H-937','Summer1',NULL),(947,'M-W----','08:45:00','10:25:00','SGW H-529',0,'SGW H-529','Summer1',NULL),(948,'-T-J---','10:15:00','12:45:00','SGW H-407',0,'SGW H-407','Summer2',NULL),(949,'-T-J---','08:30:00','10:10:00','SGW H-539',0,'SGW H-539','Summer2',NULL),(950,'-T-J---','14:00:00','15:40:00','SGW H-539',0,'SGW H-539','Summer2',NULL),(951,'M-W----','08:45:00','10:25:00','SGW H-623',0,'SGW H-623','Summer2',NULL),(952,'M-W----','16:15:00','17:30:00','SGW H-553',0,'SGW H-553','Fall',NULL),(953,'M------','08:20:00','10:00:00','SGW H-544',0,'SGW H-544','Fall',NULL),(954,'M------','08:20:00','10:00:00','SGW H-529',0,'SGW H-529','Fall',NULL),(955,'M------','08:20:00','10:00:00','SGW H-564',0,'SGW H-564','Fall',NULL),(956,'M------','17:55:00','19:35:00','SGW H-611',0,'SGW H-611','Fall',NULL),(957,'M-W----','14:45:00','16:00:00','SGW H-553',0,'SGW H-553','Fall',NULL),(958,'--W----','16:15:00','17:55:00','SGW H-607',0,'SGW H-607','Fall',NULL),(959,'--W----','16:15:00','17:55:00','SGW H-611',0,'SGW H-611','Fall',NULL),(960,'--W----','16:15:00','17:55:00','SGW H-513',0,'SGW H-513','Fall',NULL),(961,'--W----','17:45:00','19:25:00','SGW H-621',0,'SGW H-621','Fall',NULL),(962,'-T-----','17:45:00','20:15:00','SGW H-553',0,'SGW H-553','Fall',NULL),(963,'----F--','16:15:00','17:55:00','SGW H-615',0,'SGW H-615','Fall',NULL),(964,'----F--','16:15:00','17:55:00','SGW H-529',0,'SGW H-529','Fall',NULL),(965,'----F--','16:15:00','17:55:00','SGW H-400        2',0,'SGW H-400        2','Fall',NULL),(966,'---J---','17:45:00','19:25:00','SGW H-615',0,'SGW H-615','Fall',NULL),(967,'-T-J---','14:45:00','16:00:00','SGW H-553',0,'SGW H-553','Winter',NULL),(968,'----F--','16:15:00','17:55:00','SGW H-615',0,'SGW H-615','Winter',NULL),(969,'-T-----','16:15:00','17:55:00','SGW H-529',0,'SGW H-529','Winter',NULL),(970,'M------','16:15:00','17:55:00','SGW H-611',0,'SGW H-611','Winter',NULL),(971,'----F--','16:15:00','17:55:00','SGW H-529',0,'SGW H-529','Winter',NULL),(972,'-T-----','17:45:00','20:15:00','SGW H-937',0,'SGW H-937','Winter',NULL),(973,'M------','16:15:00','17:55:00','SGW H-529',0,'SGW H-529','Winter',NULL),(974,'---J---','16:15:00','17:55:00','SGW H-439',0,'SGW H-439','Winter',NULL),(975,'----F--','16:15:00','17:55:00','SGW H-400',0,'SGW H-400','Winter',NULL),(976,'-T-----','20:30:00','22:10:00','SGW H-529',0,'SGW H-529','Winter',NULL),(977,'-T-----','20:30:00','22:10:00','SGW H-920',0,'SGW H-920','Winter',NULL),(978,'M------','18:30:00','21:00:00','SGW H-435',0,'SGW H-435','Summer1',NULL),(979,'---J---','09:20:00','10:10:00','SGW H-603        1',0,'SGW H-603        1','Summer1',NULL),(980,'---J---','11:00:00','11:50:00','SGW H-603        1',0,'SGW H-603        1','Summer1',NULL),(981,'---J---','13:00:00','13:50:00','SGW H-603        1',0,'SGW H-603        1','Summer1',NULL),(982,'---J---','14:00:00','14:50:00','SGW H-603        1',0,'SGW H-603        1','Summer1',NULL),(983,'-T-----','16:15:00','17:30:00','SGW H-937',0,'SGW H-937','Fall',NULL),(984,'--W----','08:45:00','09:35:00','SGW H-401',0,'SGW H-401','Fall',NULL),(985,'--W----','08:45:00','09:35:00','SGW H-401',0,'SGW H-401','Fall',NULL),(986,'---J---','16:15:00','17:05:00','SGW FG-B080',0,'SGW FG-B080','Fall',NULL),(987,'---J---','16:15:00','17:05:00','SGW FG-B080',0,'SGW FG-B080','Fall',NULL),(988,'---J---','16:15:00','17:30:00','SGW H-937',0,'SGW H-937','Fall',NULL),(989,'---J---','17:45:00','18:35:00','SGW H-401',0,'SGW H-401','Fall',NULL),(990,'---J---','17:45:00','18:35:00','SGW H-401',0,'SGW H-401','Fall',NULL),(991,'-T-----','16:15:00','17:05:00','SGW H-401',0,'SGW H-401','Fall',NULL),(992,'M------','08:45:00','09:35:00','SGW H-423',0,'SGW H-423','Fall',NULL),(993,'-T-----','16:15:00','17:30:00','SGW H-937',0,'SGW H-937','Winter',NULL),(994,'--W----','08:45:00','09:35:00','SGW FG-B055',0,'SGW FG-B055','Winter',NULL),(995,'--W----','08:45:00','09:35:00','SGW FG-B055',0,'SGW FG-B055','Winter',NULL),(996,'---J---','16:15:00','17:05:00','SGW FG-B080',0,'SGW FG-B080','Winter',NULL),(997,'---J---','16:15:00','17:05:00','SGW FG-B080',0,'SGW FG-B080','Winter',NULL),(998,'-------','00:00:00','00:00:00','SGW(Online)',0,'SGW(Online)','Winter',NULL),(999,'----F--','08:45:00','09:35:00','SGW H-401',0,'SGW H-401','Winter',NULL),(1000,'----F--','08:45:00','09:35:00','SGW H-401',0,'SGW H-401','Winter',NULL),(1001,'-T-----','16:15:00','17:05:00','SGW H-433',0,'SGW H-433','Winter',NULL),(1002,'-T-----','16:15:00','17:05:00','SGW H-433',0,'SGW H-433','Winter',NULL),(1003,'M-W----','11:45:00','13:00:00','SGW H-937',0,'SGW H-937','Summer1',NULL),(1004,'----F--','16:15:00','17:30:00','SGW H-531',0,'SGW H-531','Fall',NULL),(1005,'---J---','16:15:00','17:30:00','SGW H-531',0,'SGW H-531','Fall',NULL),(1006,'---J---','16:15:00','17:30:00','SGW H-531',0,'SGW H-531','Winter',NULL),(1007,'--W----','17:45:00','19:00:00','SGW FG-C080',0,'SGW FG-C080','Winter',NULL),(1008,'-T-J---','10:15:00','12:45:00','SGW H-435',0,'SGW H-435','Summer1',NULL),(1009,'-T-J---','08:30:00','10:10:00','SGW H-937',0,'SGW H-937','Summer1',NULL),(1010,'-T-J---','08:30:00','10:10:00','SGW H-535',0,'SGW H-535','Summer1',NULL),(1011,'M-W----','11:45:00','13:00:00','SGW MB-S2.210',0,'SGW MB-S2.210','Fall',NULL),(1012,'----F--','13:15:00','14:55:00','SGW H-605',0,'SGW H-605','Fall',NULL),(1013,'----F--','13:15:00','14:55:00','SGW MB-S1.430',0,'SGW MB-S1.430','Fall',NULL),(1014,'--W-F--','08:45:00','10:00:00','SGW H-535',0,'SGW H-535','Fall',NULL),(1015,'M------','08:20:00','10:00:00','SGW H-433',0,'SGW H-433','Fall',NULL),(1016,'M------','08:20:00','10:00:00','SGW H-561',0,'SGW H-561','Fall',NULL),(1017,'-T-J---','10:15:00','11:30:00','SGW H-411',0,'SGW H-411','Fall',NULL),(1018,'M------','13:15:00','14:55:00','SGW H-423',0,'SGW H-423','Fall',NULL),(1019,'M------','13:15:00','14:55:00','SGW H-403',0,'SGW H-403','Fall',NULL),(1020,'--W-F--','11:45:00','13:00:00','SGW H-937',0,'SGW H-937','Fall',NULL),(1021,'----F--','14:15:00','15:55:00','SGW H-1011',0,'SGW H-1011','Fall',NULL),(1022,'M------','14:15:00','15:55:00','SGW H-435',0,'SGW H-435','Fall',NULL),(1023,'--W-F--','08:45:00','10:00:00','SGW H-435',0,'SGW H-435','Fall',NULL),(1024,'---J---','13:45:00','15:25:00','SGW H-407',0,'SGW H-407','Fall',NULL),(1025,'---J---','13:45:00','15:25:00','SGW FG-B080',0,'SGW FG-B080','Fall',NULL),(1026,'-T-J---','10:15:00','11:30:00','SGW H-553',0,'SGW H-553','Fall',NULL),(1027,'M------','13:15:00','14:55:00','SGW H-531',0,'SGW H-531','Fall',NULL),(1028,'M------','13:15:00','14:55:00','SGW MB-2.435',0,'SGW MB-2.435','Fall',NULL),(1029,'----F--','17:45:00','20:15:00','SGW H-535',0,'SGW H-535','Fall',NULL),(1030,'----F--','15:45:00','17:25:00','SGW H-520',0,'SGW H-520','Fall',NULL),(1031,'----F--','15:45:00','17:25:00','SGW H-420',0,'SGW H-420','Fall',NULL),(1032,'-T-J---','14:45:00','16:00:00','SGW H-937',0,'SGW H-937','Winter',NULL),(1033,'M------','18:00:00','19:40:00','SGW H-420',0,'SGW H-420','Winter',NULL),(1034,'----F--','17:45:00','19:25:00','SGW H-403',0,'SGW H-403','Winter',NULL),(1035,'M------','18:00:00','19:40:00','SGW H-529',0,'SGW H-529','Winter',NULL),(1036,'----F--','17:45:00','19:25:00','SGW H-513',0,'SGW H-513','Winter',NULL),(1037,'M------','18:00:00','19:40:00','SGW H-611',0,'SGW H-611','Winter',NULL),(1038,'-T-J---','14:45:00','16:00:00','SGW H-435',0,'SGW H-435','Winter',NULL),(1039,'M------','16:10:00','17:50:00','SGW H-420',0,'SGW H-420','Winter',NULL),(1040,'----F--','17:45:00','19:25:00','SGW H-501',0,'SGW H-501','Winter',NULL),(1041,'M------','16:10:00','17:50:00','SGW MB-2.285',0,'SGW MB-2.285','Winter',NULL),(1042,'----F--','17:45:00','19:25:00','SGW H-562',0,'SGW H-562','Winter',NULL),(1043,'M------','16:10:00','17:50:00','SGW H-540',0,'SGW H-540','Winter',NULL),(1044,'M------','18:00:00','19:00:00','SGW H-423',0,'SGW H-423','Winter',NULL),(1045,'-T-J---','14:45:00','16:00:00','SGW FG-B040',0,'SGW FG-B040','Winter',NULL),(1046,'----F--','15:45:00','17:25:00','SGW H-537',0,'SGW H-537','Winter',NULL),(1047,'----F--','15:45:00','17:25:00','SGW H-544',0,'SGW H-544','Winter',NULL),(1048,'----F--','15:45:00','17:25:00','SGW H-619',0,'SGW H-619','Winter',NULL),(1049,'----F--','15:45:00','17:25:00','SGW H-423',0,'SGW H-423','Winter',NULL),(1050,'-T-J---','10:45:00','13:15:00','SGW H-435',0,'SGW H-435','Summer2',NULL),(1051,'-T-J---','08:45:00','10:25:00','SGW H-564',0,'SGW H-564','Summer2',NULL),(1052,'-T-J---','08:45:00','10:25:00','SGW H-562',0,'SGW H-562','Summer2',NULL),(1053,'-T-J---','08:45:00','10:25:00','SGW H-431',0,'SGW H-431','Summer2',NULL),(1054,'-T-J---','08:45:00','10:25:00','SGW H-537',0,'SGW H-537','Summer2',NULL),(1055,'-T-J---','08:45:00','10:25:00','SGW H-627',0,'SGW H-627','Summer2',NULL),(1056,'-T-J---','13:15:00','14:30:00','SGW H-415',0,'SGW H-415','Fall',NULL),(1057,'M------','10:45:00','12:25:00','SGW MB-S1.115',0,'SGW MB-S1.115','Fall',NULL),(1058,'M------','10:45:00','12:25:00','SGW H-401',0,'SGW H-401','Fall',NULL),(1059,'-T-J---','13:15:00','14:30:00','SGW FG-B060',0,'SGW FG-B060','Fall',NULL),(1060,'M------','10:45:00','12:25:00','SGW FG-B055',0,'SGW FG-B055','Fall',NULL),(1061,'M------','10:45:00','12:25:00','SGW FG-B080',0,'SGW FG-B080','Fall',NULL),(1062,'M-W----','16:15:00','17:30:00','SGW FG-C080',0,'SGW FG-C080','Winter',NULL),(1063,'M------','17:45:00','19:25:00','SGW FG-C080',0,'SGW FG-C080','Winter',NULL),(1064,'M------','19:40:00','21:20:00','SGW FG-C080',0,'SGW FG-C080','Winter',NULL),(1065,'M------','13:15:00','15:05:00','SGW MB-2.285',0,'SGW MB-2.285','Winter',NULL),(1066,'-T-J---','11:45:00','13:00:00','SGW H-415',0,'SGW H-415','Winter',NULL),(1067,'----F--','14:15:00','15:55:00','SGW H-627',0,'SGW H-627','Winter',NULL),(1068,'----F--','14:15:00','15:55:00','SGW H-562',0,'SGW H-562','Winter',NULL),(1069,'----F--','14:15:00','15:55:00','SGW H-431',0,'SGW H-431','Winter',NULL),(1070,'--W-F--','08:45:00','10:00:00','SGW MB-S2.210',0,'SGW MB-S2.210','Winter',NULL),(1071,'M------','08:20:00','10:00:00','SGW H-619',0,'SGW H-619','Winter',NULL),(1072,'--W----','13:15:00','14:55:00','SGW H-621',0,'SGW H-621','Winter',NULL),(1073,'M------','08:20:00','10:00:00','SGW H-621',0,'SGW H-621','Winter',NULL),(1074,'--W-F--','10:15:00','11:30:00','SGW H-620',0,'SGW H-620','Winter',NULL),(1075,'---J---','09:45:00','11:25:00','SGW MB-3.265',0,'SGW MB-3.265','Winter',NULL),(1076,'---J---','09:45:00','11:25:00','SGW MB-3.285',0,'SGW MB-3.285','Winter',NULL),(1077,'---J---','09:45:00','11:25:00','SGW MB-1.301',0,'SGW MB-1.301','Winter',NULL),(1078,'-T-J---','08:45:00','10:00:00','SGW H-407',0,'SGW H-407','Winter',NULL),(1079,'M------','09:45:00','11:25:00','SGW H-623',0,'SGW H-623','Winter',NULL),(1080,'M------','13:15:00','14:55:00','SGW H-613',0,'SGW H-613','Winter',NULL),(1081,'M------','09:45:00','11:25:00','SGW H-603        1',0,'SGW H-603        1','Winter',NULL),(1082,'-T-J---','08:45:00','10:00:00','SGW H-535',0,'SGW H-535','Winter',NULL),(1083,'M------','08:20:00','10:00:00','SGW H-611',0,'SGW H-611','Winter',NULL),(1084,'M------','08:20:00','10:00:00','SGW H-609',0,'SGW H-609','Winter',NULL),(1085,'M------','08:20:00','10:00:00','SGW H-607',0,'SGW H-607','Winter',NULL),(1086,'--W-F--','10:15:00','11:30:00','SGW H-1070',0,'SGW H-1070','Winter',NULL),(1087,'----F--','14:15:00','15:55:00','SGW MB-2.285',0,'SGW MB-2.285','Winter',NULL),(1088,'----F--','14:15:00','15:55:00','SGW MB-3.255',0,'SGW MB-3.255','Winter',NULL),(1089,'----F--','14:15:00','15:55:00','SGW H-621',0,'SGW H-621','Winter',NULL),(1090,'-T-J---','18:30:00','21:00:00','SGW H-937',0,'SGW H-937','Summer1',NULL),(1091,'---J---','16:15:00','18:05:00','SGW H-831',0,'SGW H-831','Summer1',NULL),(1092,'-T-----','16:15:00','18:05:00','SGW H-831',0,'SGW H-831','Summer1',NULL),(1093,'---J---','16:15:00','18:05:00','SGW H-917',0,'SGW H-917','Summer1',NULL),(1094,'-T-----','16:15:00','18:05:00','SGW H-917',0,'SGW H-917','Summer1',NULL),(1095,'-T-J---','18:30:00','21:00:00','SGW FG-B060',0,'SGW FG-B060','Summer1',NULL),(1096,'M------','18:30:00','20:20:00','SGW H-831',0,'SGW H-831','Summer1',NULL),(1097,'--W----','18:30:00','20:20:00','SGW H-831',0,'SGW H-831','Summer1',NULL),(1098,'M------','16:15:00','18:05:00','SGW H-831',0,'SGW H-831','Summer1',NULL),(1099,'--W----','16:15:00','18:05:00','SGW H-831',0,'SGW H-831','Summer1',NULL),(1100,'-T-J---','16:15:00','17:30:00','SGW H-507',0,'SGW H-507','Fall',NULL),(1101,'-T-----','17:45:00','18:35:00','SGW EV-1.162',0,'SGW EV-1.162','Fall',NULL),(1102,'-T-----','18:45:00','19:35:00','SGW EV-1.162',0,'SGW EV-1.162','Fall',NULL),(1103,'-T-----','17:45:00','18:35:00','SGW EV-3.309',0,'SGW EV-3.309','Fall',NULL),(1104,'---J---','18:45:00','19:35:00','SGW EV-3.309',0,'SGW EV-3.309','Fall',NULL),(1105,'-T-J---','16:15:00','17:30:00','SGW H-411',0,'SGW H-411','Fall',NULL),(1106,'---J---','17:45:00','18:35:00','SGW EV-3.309',0,'SGW EV-3.309','Fall',NULL),(1107,'---J---','19:45:00','20:35:00','SGW EV-3.309',0,'SGW EV-3.309','Fall',NULL),(1108,'-T-----','19:45:00','20:35:00','SGW EV-1.162',0,'SGW EV-1.162','Fall',NULL),(1109,'-T-----','19:45:00','20:35:00','SGW EV-3.309',0,'SGW EV-3.309','Fall',NULL),(1110,'----F--','17:45:00','20:15:00','SGW H-411',0,'SGW H-411','Fall',NULL),(1111,'M------','17:45:00','18:35:00','SGW EV-3.309',0,'SGW EV-3.309','Fall',NULL),(1112,'M------','18:45:00','19:35:00','SGW EV-3.309',0,'SGW EV-3.309','Fall',NULL),(1113,'M------','17:45:00','18:35:00','SGW EV-1.162',0,'SGW EV-1.162','Fall',NULL),(1114,'--W----','18:45:00','19:35:00','SGW EV-3.309',0,'SGW EV-3.309','Fall',NULL),(1115,'----F--','17:45:00','20:15:00','SGW H-553',0,'SGW H-553','Fall',NULL),(1116,'--W----','17:45:00','18:35:00','SGW EV-3.309',0,'SGW EV-3.309','Fall',NULL),(1117,'--W----','18:45:00','19:35:00','SGW EV-1.162',0,'SGW EV-1.162','Fall',NULL),(1118,'--W----','17:45:00','18:35:00','SGW EV-1.162',0,'SGW EV-1.162','Fall',NULL),(1119,'M------','18:45:00','19:35:00','SGW EV-1.162',0,'SGW EV-1.162','Fall',NULL),(1120,'-T-J---','16:15:00','17:30:00','SGW H-553',0,'SGW H-553','Winter',NULL),(1121,'-T-----','17:45:00','18:35:00','SGW EV-1.162',0,'SGW EV-1.162','Winter',NULL),(1122,'-T-----','17:45:00','18:35:00','SGW EV-3.309',0,'SGW EV-3.309','Winter',NULL),(1123,'---J---','18:45:00','19:35:00','SGW EV-1.162',0,'SGW EV-1.162','Winter',NULL),(1124,'---J---','18:45:00','19:35:00','SGW EV-3.309',0,'SGW EV-3.309','Winter',NULL),(1125,'M------','17:45:00','20:15:00','SGW FG-B060',0,'SGW FG-B060','Winter',NULL),(1126,'---J---','17:45:00','18:35:00','SGW EV-1.162',0,'SGW EV-1.162','Winter',NULL),(1127,'---J---','17:45:00','18:35:00','SGW EV-3.309',0,'SGW EV-3.309','Winter',NULL),(1128,'-T-----','18:45:00','19:35:00','SGW EV-1.162',0,'SGW EV-1.162','Winter',NULL),(1129,'-T-----','18:45:00','19:35:00','SGW EV-3.309',0,'SGW EV-3.309','Winter',NULL),(1130,'M-W----','18:30:00','21:00:00','SGW FG-C080',0,'SGW FG-C080','Summer2',NULL),(1131,'M-W----','21:15:00','22:05:00','SGW H-537',0,'SGW H-537','Summer2',NULL),(1132,'M-W----','21:15:00','22:05:00','SGW H-564',0,'SGW H-564','Summer2',NULL),(1133,'M-W----','21:15:00','22:05:00','SGW H-623',0,'SGW H-623','Summer2',NULL),(1134,'M-W----','18:30:00','21:00:00','SGW H-531',0,'SGW H-531','Summer2',NULL),(1135,'M-W----','21:15:00','22:05:00','SGW H-544',0,'SGW H-544','Summer2',NULL),(1136,'M-W----','21:15:00','22:05:00','SGW H-540',0,'SGW H-540','Summer2',NULL),(1137,'M-W----','21:15:00','22:05:00','SGW H-603        1',0,'SGW H-603        1','Summer2',NULL),(1138,'-T-J---','13:15:00','14:30:00','SGW H-1070',0,'SGW H-1070','Fall',NULL),(1139,'M------','11:45:00','12:35:00','SGW H-619',0,'SGW H-619','Fall',NULL),(1140,'M------','10:15:00','11:05:00','SGW H-619',0,'SGW H-619','Fall',NULL),(1141,'M-W----','13:15:00','14:30:00','SGW H-1070',0,'SGW H-1070','Fall',NULL),(1142,'-T-----','13:15:00','14:05:00','SGW H-619',0,'SGW H-619','Fall',NULL),(1143,'---J---','13:15:00','14:05:00','SGW H-619',0,'SGW H-619','Fall',NULL),(1144,'M------','17:45:00','20:15:00','SGW H-620',0,'SGW H-620','Fall',NULL),(1145,'-T-----','17:45:00','18:35:00','SGW H-619',0,'SGW H-619','Fall',NULL),(1146,'--W----','17:45:00','18:35:00','SGW H-429',0,'SGW H-429','Fall',NULL),(1147,'-T-J---','14:45:00','16:00:00','SGW H-1070',0,'SGW H-1070','Winter',NULL),(1148,'----F--','10:15:00','11:05:00','SGW H-401',0,'SGW H-401','Winter',NULL),(1149,'----F--','10:15:00','11:05:00','SGW FG-B055',0,'SGW FG-B055','Winter',NULL),(1150,'--W-F--','10:15:00','11:30:00','SGW FG-B060',0,'SGW FG-B060','Winter',NULL),(1151,'--W----','08:45:00','09:35:00','SGW FG-B080',0,'SGW FG-B080','Winter',NULL),(1152,'----F--','08:45:00','09:35:00','SGW FG-B055',0,'SGW FG-B055','Winter',NULL),(1153,'----F--','17:45:00','20:15:00','SGW H-620',0,'SGW H-620','Winter',NULL),(1154,'----F--','14:45:00','15:35:00','SGW H-619',0,'SGW H-619','Winter',NULL),(1155,'M------','14:45:00','15:35:00','SGW H-619',0,'SGW H-619','Winter',NULL),(1156,'-T-J---','08:45:00','11:30:00','SGW H-509',0,'SGW H-509','Summer1',NULL),(1157,'-T-J---','11:45:00','14:30:00','SGW FG-B060',0,'SGW FG-B060','Summer1',NULL),(1158,'-T-J---','08:45:00','11:30:00','SGW H-557',0,'SGW H-557','Summer2',NULL),(1159,'----F--','08:45:00','11:30:00','SGW FG-B080',0,'SGW FG-B080','Fall',NULL),(1160,'M-W----','16:15:00','17:30:00','SGW H-629',0,'SGW H-629','Fall',NULL),(1161,'---J---','17:45:00','20:15:00','SGW FG-B055',0,'SGW FG-B055','Fall',NULL),(1162,'----F--','08:45:00','11:30:00','SGW FG-B080',0,'SGW FG-B080','Winter',NULL),(1163,'M-W----','16:15:00','17:30:00','SGW H-401',0,'SGW H-401','Winter',NULL),(1164,'-T-----','17:45:00','20:15:00','SGW FG-B080',0,'SGW FG-B080','Winter',NULL),(1165,'M-W----','14:45:00','16:00:00','SGW H-531',0,'SGW H-531','Winter',NULL),(1166,'--W----','16:15:00','17:55:00','SGW H-400        2',0,'SGW H-400        2','Winter',NULL),(1167,'-T-----','10:00:00','12:00:00','SGW',0,'SGW','Winter',NULL),(1168,'--W----','10:00:00','12:00:00','SGW',0,'SGW','Winter',NULL),(1169,'--W----','16:15:00','17:55:00','SGW H-621',0,'SGW H-621','Winter',NULL),(1170,'--W----','18:00:00','20:00:00','SGW',0,'SGW','Winter',NULL),(1171,'M------','16:15:00','18:15:00','SGW',0,'SGW','Winter',NULL),(1172,'--W----','16:15:00','17:55:00','SGW H-459',0,'SGW H-459','Winter',NULL),(1173,'---J---','10:00:00','12:00:00','SGW',0,'SGW','Winter',NULL),(1174,'--W----','12:15:00','14:15:00','SGW',0,'SGW','Winter',NULL),(1175,'-T-----','17:45:00','20:15:00','SGW H-553',0,'SGW H-553','Winter',NULL),(1176,'-T-----','20:30:00','22:10:00','SGW H-427',0,'SGW H-427','Winter',NULL),(1177,'-T-----','10:00:00','12:00:00','SGW',0,'SGW','Winter',NULL),(1178,'M------','10:00:00','12:00:00','SGW',0,'SGW','Winter',NULL),(1179,'-T-----','20:30:00','22:10:00','SGW H-539',0,'SGW H-539','Winter',NULL),(1180,'--W----','10:00:00','12:00:00','SGW',0,'SGW','Winter',NULL),(1181,'M------','10:00:00','12:00:00','SGW',0,'SGW','Winter',NULL),(1182,'--W----','18:00:00','20:15:00','SGW',0,'SGW','Winter',NULL),(1183,'M-W----','10:45:00','13:15:00','SGW H-531',0,'SGW H-531','Summer2',NULL),(1184,'M-W----','08:45:00','10:25:00','SGW',0,'SGW','Summer2',NULL),(1185,'M-W----','08:45:00','10:25:00','SGW',0,'SGW','Summer2',NULL),(1186,'-T-J---','08:45:00','10:00:00','SGW H-539',0,'SGW H-539','Fall',NULL),(1187,'-T-----','10:15:00','11:55:00','SGW H-967',0,'SGW H-967','Fall',NULL),(1188,'---J---','18:15:00','19:55:00','SGW H-817',0,'SGW H-817','Fall',NULL),(1189,'-T-J---','08:45:00','10:00:00','SGW FG-B080',0,'SGW FG-B080','Winter',NULL),(1190,'-T-----','10:15:00','11:55:00','SGW H-831',0,'SGW H-831','Winter',NULL),(1191,'---J---','10:15:00','11:55:00','SGW H-831',0,'SGW H-831','Winter',NULL),(1192,'-T-J---','14:45:00','16:00:00','SGW FG-C070',0,'SGW FG-C070','Winter',NULL),(1193,'-T-----','16:15:00','17:55:00','SGW H-821',0,'SGW H-821','Winter',NULL),(1194,'---J---','16:15:00','17:55:00','SGW H-831',0,'SGW H-831','Winter',NULL),(1195,'----F--','15:15:00','16:55:00','SGW H-967',0,'SGW H-967','Winter',NULL),(1196,'-T-----','16:15:00','17:55:00','SGW H-819',0,'SGW H-819','Winter',NULL),(1197,'M------','17:45:00','20:15:00','SGW H-415',0,'SGW H-415','Fall',NULL),(1198,'M------','20:30:00','21:20:00','SGW H-929',0,'SGW H-929','Fall',NULL),(1199,'M------','20:30:00','21:20:00','SGW H-905',0,'SGW H-905','Fall',NULL),(1200,'-T-J---','16:15:00','17:30:00','SGW H-411',0,'SGW H-411','Winter',NULL),(1201,'----F--','14:15:00','16:05:00','SGW H-411',0,'SGW H-411','Winter',NULL),(1202,'----F--','14:15:00','16:05:00','SGW H-459',0,'SGW H-459','Winter',NULL),(1203,'--W-F--','10:15:00','11:30:00','SGW H-403',0,'SGW H-403','Fall',NULL),(1204,'----F--','11:45:00','12:35:00','SGW H-917',0,'SGW H-917','Fall',NULL),(1205,'----F--','12:45:00','13:35:00','SGW H-825',0,'SGW H-825','Fall',NULL),(1206,'--W-F--','08:45:00','10:00:00','SGW H-620',0,'SGW H-620','Winter',NULL),(1207,'----F--','12:15:00','13:05:00','SGW H-564',0,'SGW H-564','Winter',NULL),(1208,'----F--','13:15:00','14:05:00','SGW H-564',0,'SGW H-564','Winter',NULL),(1209,'----F--','14:15:00','15:05:00','SGW H-564',0,'SGW H-564','Winter',NULL),(1210,'--W-F--','11:45:00','13:00:00','SGW H-431',0,'SGW H-431','Fall',NULL),(1211,'----F--','15:45:00','16:35:00','SGW H-905',0,'SGW H-905','Fall',NULL),(1212,'----F--','15:45:00','16:35:00','SGW H-917',0,'SGW H-917','Fall',NULL),(1213,'--W-F--','13:15:00','14:30:00','SGW H-431',0,'SGW H-431','Fall',NULL),(1214,'----F--','14:45:00','15:35:00','SGW H-929',0,'SGW H-929','Fall',NULL),(1215,'----F--','14:45:00','15:35:00','SGW H-831',0,'SGW H-831','Fall',NULL),(1216,'-T-J---','13:15:00','14:30:00','SGW H-431',0,'SGW H-431','Winter',NULL),(1217,'---J---','14:45:00','15:35:00','SGW H-920',0,'SGW H-920','Winter',NULL),(1218,'M-W----','14:45:00','16:00:00','SGW H-431',0,'SGW H-431','Winter',NULL),(1219,'--W----','16:15:00','17:05:00','SGW H-441',0,'SGW H-441','Winter',NULL),(1220,'--W----','17:45:00','18:35:00','SGW H-441',0,'SGW H-441','Winter',NULL),(1221,'--W-F--','10:15:00','11:30:00','SGW H-431',0,'SGW H-431','Winter',NULL),(1222,'----F--','11:45:00','12:35:00','SGW H-561',0,'SGW H-561','Winter',NULL),(1223,'--W-F--','10:15:00','11:30:00','SGW H-431',0,'SGW H-431','Fall',NULL),(1224,'----F--','09:15:00','10:05:00','SGW H-929',0,'SGW H-929','Fall',NULL),(1225,'-T-J---','11:45:00','13:00:00','SGW H-557',0,'SGW H-557','Winter',NULL),(1226,'-T-----','10:45:00','11:35:00','SGW',0,'SGW','Winter',NULL),(1227,'---J---','10:45:00','11:35:00','SGW',0,'SGW','Winter',NULL),(1228,'M------','10:45:00','11:35:00','SGW',0,'SGW','Winter',NULL),(1229,'M------','16:15:00','17:55:00','SGW FG-B050',0,'SGW FG-B050','Winter',NULL),(1230,'M------','18:15:00','19:05:00','SGW',0,'SGW','Winter',NULL),(1231,'---J---','15:45:00','18:25:00','SGW',0,'SGW','Winter',NULL),(1232,'M------','18:15:00','19:05:00','SGW',0,'SGW','Winter',NULL),(1233,'-T-----','15:45:00','18:25:00','SGW',0,'SGW','Winter',NULL),(1234,'----F--','18:25:00','19:25:00','SGW H-521',0,'SGW H-521','Fall&Winter;',NULL),(1235,'-T-J---','08:45:00','10:45:00','SGW H-849',0,'SGW H-849','Fall&Winter;',NULL),(1236,'-T-J---','08:45:00','10:45:00','SGW H-825',0,'SGW H-825','Fall&Winter;',NULL),(1237,'-T-J---','10:45:00','13:15:00','SGW H-521',0,'SGW H-521','Summer1',NULL),(1238,'-T-J---','13:45:00','15:25:00','SGW H-521',0,'SGW H-521','Summer1',NULL),(1239,'-T-J---','13:15:00','14:30:00','SGW H-820',0,'SGW H-820','Fall',NULL),(1240,'-T-----','16:15:00','17:55:00','SGW H-607',0,'SGW H-607','Fall',NULL),(1241,'---J---','14:45:00','16:25:00','SGW H-619',0,'SGW H-619','Fall',NULL),(1242,'-T-J---','13:15:00','14:30:00','SGW H-937',0,'SGW H-937','Fall',NULL),(1243,'-T-----','16:15:00','17:55:00','SGW H-1070',0,'SGW H-1070','Fall',NULL),(1244,'-T-----','16:15:00','17:55:00','SGW GN-M100',0,'SGW GN-M100','Fall',NULL),(1245,'--W----','17:45:00','20:15:00','SGW FG-C070',0,'SGW FG-C070','Fall',NULL),(1246,'--W----','20:30:00','22:10:00','SGW H-429',0,'SGW H-429','Fall',NULL),(1247,'--W----','20:30:00','22:10:00','SGW H-619',0,'SGW H-619','Fall',NULL),(1248,'-T-J---','13:15:00','14:30:00','SGW H-561',0,'SGW H-561','Winter',NULL),(1249,'-T-----','14:45:00','16:25:00','SGW H-920',0,'SGW H-920','Winter',NULL),(1250,'-T-----','14:45:00','16:25:00','SGW H-623',0,'SGW H-623','Winter',NULL),(1251,'---J---','17:45:00','20:15:00','SGW H-520',0,'SGW H-520','Winter',NULL),(1252,'---J---','20:30:00','22:10:00','SGW H-520',0,'SGW H-520','Winter',NULL),(1253,'-T-----','20:30:00','22:10:00','SGW H-607',0,'SGW H-607','Winter',NULL),(1254,'M-W----','13:30:00','16:00:00','SGW H-557',0,'SGW H-557','Summer1',NULL),(1255,'M-W----','16:40:00','18:20:00','SGW MB-S1.105',0,'SGW MB-S1.105','Summer1',NULL),(1256,'M-W----','16:40:00','18:20:00','SGW MB-S2.445',0,'SGW MB-S2.445','Summer1',NULL),(1257,'M-W----','16:40:00','18:20:00','SGW MB-1.301',0,'SGW MB-1.301','Summer1',NULL),(1258,'M-W----','13:15:00','14:30:00','SGW FG-C080',0,'SGW FG-C080','Fall',NULL),(1259,'M------','10:15:00','11:55:00','SGW H-831',0,'SGW H-831','Fall',NULL),(1260,'--W----','10:15:00','11:55:00','SGW H-831',0,'SGW H-831','Fall',NULL),(1261,'----F--','08:45:00','10:25:00','SGW H-905',0,'SGW H-905','Fall',NULL),(1262,'M------','10:15:00','11:55:00','SGW H-905',0,'SGW H-905','Fall',NULL),(1263,'M-W----','08:45:00','10:00:00','SGW FG-B050',0,'SGW FG-B050','Fall',NULL),(1264,'----F--','08:45:00','10:25:00','SGW H-917',0,'SGW H-917','Fall',NULL),(1265,'M------','10:15:00','11:55:00','SGW H-917',0,'SGW H-917','Fall',NULL),(1266,'--W----','10:15:00','11:55:00','SGW H-917',0,'SGW H-917','Fall',NULL),(1267,'----F--','17:45:00','20:15:00','SGW H-420',0,'SGW H-420','Fall',NULL),(1268,'-T-----','11:45:00','13:35:00','SGW H-849',0,'SGW H-849','Fall',NULL),(1269,'---J---','11:45:00','13:35:00','SGW H-831',0,'SGW H-831','Fall',NULL),(1270,'M------','17:45:00','19:35:00','SGW H-917',0,'SGW H-917','Fall',NULL),(1271,'--W-F--','10:15:00','11:30:00','SGW H-420',0,'SGW H-420','Winter',NULL),(1272,'----F--','11:45:00','13:25:00','SGW H-967',0,'SGW H-967','Winter',NULL),(1273,'--W----','11:45:00','13:25:00','SGW H-967',0,'SGW H-967','Winter',NULL),(1274,'--W-F--','11:45:00','13:00:00','SGW H-420',0,'SGW H-420','Winter',NULL),(1275,'M------','10:15:00','11:50:00','SGW H-967',0,'SGW H-967','Winter',NULL),(1276,'--W----','14:45:00','16:25:00','SGW H-967',0,'SGW H-967','Winter',NULL),(1277,'M-W----','15:30:00','18:00:00','SGW H-520',0,'SGW H-520','Summer2',NULL),(1278,'-T-J---','18:20:00','20:00:00','SGW',0,'SGW','Summer2',NULL),(1279,'M-W----','18:20:00','20:00:00','SGW',0,'SGW','Summer2',NULL),(1280,'M-W----','14:45:00','16:00:00','SGW H-415',0,'SGW H-415','Fall',NULL),(1281,'M------','12:45:00','14:25:00','SGW H-849',0,'SGW H-849','Fall',NULL),(1282,'--W----','16:15:00','17:55:00','SGW H-967',0,'SGW H-967','Fall',NULL),(1283,'M-W----','08:45:00','10:00:00','SGW H-521',0,'SGW H-521','Winter',NULL),(1284,'--W----','10:15:00','11:55:00','SGW',0,'SGW','Winter',NULL),(1285,'M------','11:45:00','13:25:00','SGW',0,'SGW','Winter',NULL),(1286,'--W-F--','10:15:00','11:30:00','SGW H-1011',0,'SGW H-1011','Winter',NULL),(1287,'M------','10:15:00','11:55:00','SGW',0,'SGW','Winter',NULL),(1288,'--W----','11:45:00','13:25:00','SGW',0,'SGW','Winter',NULL),(1289,'---J---','17:45:00','20:15:00','SGW H-411',0,'SGW H-411','Winter',NULL),(1290,'---J---','20:30:00','22:10:00','SGW',0,'SGW','Winter',NULL),(1291,'----F--','17:45:00','19:25:00','SGW',0,'SGW','Winter',NULL),(1292,'---J---','20:30:00','22:10:00','SGW',0,'SGW','Winter',NULL),(1293,'----F--','17:45:00','19:25:00','SGW',0,'SGW','Winter',NULL),(1294,'-T-J---','18:30:00','21:00:00','SGW H-557',0,'SGW H-557','Summer1',NULL),(1295,'-T-J---','17:30:00','18:20:00','SGW H-615',0,'SGW H-615','Summer1',NULL),(1296,'-T-J---','17:30:00','18:20:00','SGW H-400        2',0,'SGW H-400        2','Summer1',NULL),(1297,'-T-J---','10:15:00','11:30:00','SGW FG-B040',0,'SGW FG-B040','Fall',NULL),(1298,'---J---','11:45:00','12:35:00','SGW FG-B030',0,'SGW FG-B030','Fall',NULL),(1299,'---J---','11:45:00','12:35:00','SGW FG-B050',0,'SGW FG-B050','Fall',NULL),(1300,'-T-J---','08:45:00','10:00:00','SGW H-403',0,'SGW H-403','Fall',NULL),(1301,'-T-----','10:15:00','11:05:00','SGW H-629',0,'SGW H-629','Fall',NULL),(1302,'-T-J---','11:45:00','13:00:00','SGW H-501',0,'SGW H-501','Winter',NULL),(1303,'-T-----','13:15:00','14:05:00','SGW H-423',0,'SGW H-423','Winter',NULL),(1304,'-T-J---','18:30:00','21:00:00','SGW H-521',0,'SGW H-521','Summer2',NULL),(1305,'-T-J---','17:30:00','18:20:00','SGW',0,'SGW','Summer2',NULL),(1306,'-T-J---','21:10:00','23:00:00','SGW H-831',0,'SGW H-831','Summer2',NULL),(1307,'-T-J---','17:30:00','18:20:00','SGW',0,'SGW','Summer2',NULL),(1308,'-T-J---','21:10:00','23:00:00','SGW H-817',0,'SGW H-817','Summer2',NULL),(1309,'-T-----','17:45:00','20:15:00','SGW H-605',0,'SGW H-605','Fall',NULL),(1310,'-T-----','20:30:00','21:20:00','SGW H-929',0,'SGW H-929','Fall',NULL),(1311,'---J---','17:45:00','19:35:00','SGW H-929',0,'SGW H-929','Fall',NULL),(1312,'-T-----','20:30:00','21:20:00','SGW H-849',0,'SGW H-849','Fall',NULL),(1313,'---J---','19:45:00','21:35:00','SGW H-831',0,'SGW H-831','Fall',NULL),(1314,'--W----','17:45:00','20:15:00','SGW H-420',0,'SGW H-420','Winter',NULL),(1315,'--W----','20:20:00','21:10:00','SGW H-905',0,'SGW H-905','Winter',NULL),(1316,'--W----','21:15:00','23:05:00','SGW H-905',0,'SGW H-905','Winter',NULL),(1317,'M------','13:15:00','14:05:00','SGW H-905',0,'SGW H-905','Winter',NULL),(1318,'M------','14:15:00','16:05:00','SGW H-905',0,'SGW H-905','Winter',NULL),(1319,'-T-----','17:45:00','20:15:00','SGW MB-S1.401',0,'SGW MB-S1.401','Winter',NULL),(1320,'-T-----','20:00:00','21:10:00','SGW H-929',0,'SGW H-929','Winter',NULL),(1321,'-T-----','21:15:00','23:05:00','SGW H-929',0,'SGW H-929','Winter',NULL),(1322,'----F--','13:15:00','14:05:00','SGW H-905',0,'SGW H-905','Winter',NULL),(1323,'----F--','14:15:00','16:05:00','SGW H-905',0,'SGW H-905','Winter',NULL),(1324,'M-W----','14:45:00','17:15:00','SGW H-553',0,'SGW H-553','Summer2',NULL),(1325,'M-W----','13:15:00','14:05:00','SGW',0,'SGW','Summer2',NULL),(1326,'M-W----','13:15:00','14:05:00','SGW',0,'SGW','Summer2',NULL),(1327,'M-W----','13:15:00','14:05:00','SGW',0,'SGW','Summer2',NULL),(1328,'M-W----','08:45:00','10:00:00','SGW MB-S2.330',0,'SGW MB-S2.330','Fall',NULL),(1329,'M------','10:15:00','11:05:00','SGW H-929',0,'SGW H-929','Fall',NULL),(1330,'M------','10:15:00','11:05:00','SGW H-967',0,'SGW H-967','Fall',NULL),(1331,'--W----','17:45:00','20:15:00','SGW H-631',0,'SGW H-631','Fall',NULL),(1332,'-T-----','14:45:00','15:35:00','SGW H-905',0,'SGW H-905','Fall',NULL),(1333,'---J---','14:45:00','15:35:00','SGW H-905',0,'SGW H-905','Fall',NULL),(1334,'M-W----','14:45:00','16:00:00','SGW H-631',0,'SGW H-631','Winter',NULL),(1335,'M------','16:15:00','17:05:00','SGW',0,'SGW','Winter',NULL),(1336,'--W----','16:15:00','17:05:00','SGW',0,'SGW','Winter',NULL),(1337,'M-W----','18:30:00','21:00:00','SGW FG-C080',0,'SGW FG-C080','Summer1',NULL),(1338,'M-W----','17:30:00','18:20:00','SGW',0,'SGW','Summer1',NULL),(1339,'M-W----','16:30:00','17:20:00','SGW',0,'SGW','Summer1',NULL),(1340,'--W-F--','13:15:00','14:30:00','SGW H-535',0,'SGW H-535','Fall',NULL),(1341,'----F--','14:45:00','15:35:00','SGW H-905',0,'SGW H-905','Fall',NULL),(1342,'M------','11:45:00','12:35:00','SGW H-905',0,'SGW H-905','Fall',NULL),(1343,'M------','11:45:00','12:35:00','SGW H-821',0,'SGW H-821','Fall',NULL),(1344,'--W-F--','13:15:00','14:30:00','SGW H-631',0,'SGW H-631','Fall',NULL),(1345,'-T-----','14:45:00','15:35:00','SGW H-917',0,'SGW H-917','Fall',NULL),(1346,'---J---','14:45:00','15:35:00','SGW H-917',0,'SGW H-917','Fall',NULL),(1347,'M-W----','13:15:00','14:30:00','SGW H-431',0,'SGW H-431','Winter',NULL),(1348,'M------','16:15:00','17:05:00','SGW',0,'SGW','Winter',NULL),(1349,'--W----','16:15:00','17:05:00','SGW',0,'SGW','Winter',NULL),(1350,'-T-J---','18:30:00','21:00:00','SGW H-435',0,'SGW H-435','Summer1',NULL),(1351,'-T-J---','21:10:00','22:00:00','SGW H-435',0,'SGW H-435','Summer1',NULL),(1352,'-T-J---','17:30:00','18:20:00','SGW H-435',0,'SGW H-435','Summer1',NULL),(1353,'-T-J---','18:30:00','21:00:00','SGW H-553',0,'SGW H-553','Summer2',NULL),(1354,'-T-J---','21:10:00','22:00:00','SGW H-403',0,'SGW H-403','Summer2',NULL),(1355,'-T-J---','21:10:00','22:00:00','SGW H-401',0,'SGW H-401','Summer2',NULL),(1356,'-T-J---','16:15:00','17:30:00','SGW H-420',0,'SGW H-420','Fall',NULL),(1357,'----F--','14:15:00','15:05:00','SGW H-967',0,'SGW H-967','Fall',NULL),(1358,'----F--','16:15:00','17:05:00','SGW H-967',0,'SGW H-967','Fall',NULL),(1359,'-T-J---','08:45:00','10:00:00','SGW H-531',0,'SGW H-531','Fall',NULL),(1360,'----F--','15:15:00','16:05:00','SGW H-967',0,'SGW H-967','Fall',NULL),(1361,'----F--','15:15:00','16:05:00','SGW H-843',0,'SGW H-843','Fall',NULL),(1362,'----F--','15:15:00','16:05:00','SGW H-823',0,'SGW H-823','Fall',NULL),(1363,'-T-J---','16:15:00','17:30:00','SGW H-820',0,'SGW H-820','Fall',NULL),(1364,'----F--','14:15:00','15:05:00','SGW H-843',0,'SGW H-843','Fall',NULL),(1365,'----F--','16:15:00','17:05:00','SGW H-843',0,'SGW H-843','Fall',NULL),(1366,'-T-J---','13:15:00','14:30:00','SGW H-553',0,'SGW H-553','Winter',NULL),(1367,'----F--','11:45:00','12:35:00','SGW H-401',0,'SGW H-401','Winter',NULL),(1368,'----F--','13:15:00','14:05:00','SGW H-403',0,'SGW H-403','Winter',NULL),(1369,'--W-F--','08:45:00','10:00:00','SGW H-553',0,'SGW H-553','Winter',NULL),(1370,'----F--','13:15:00','14:05:00','SGW H-831',0,'SGW H-831','Winter',NULL),(1371,'----F--','15:15:00','16:05:00','SGW H-929',0,'SGW H-929','Winter',NULL),(1372,'---J---','17:45:00','20:15:00','SGW H-553',0,'SGW H-553','Winter',NULL),(1373,'---J---','20:30:00','21:20:00','SGW H-929',0,'SGW H-929','Winter',NULL),(1374,'---J---','20:35:00','21:25:00','SGW H-967',0,'SGW H-967','Winter',NULL),(1375,'----F--','17:45:00','20:15:00','SGW H-433',0,'SGW H-433','Fall',NULL),(1376,'----F--','20:30:00','21:20:00','SGW H-521',0,'SGW H-521','Fall',NULL),(1377,'M------','17:45:00','20:15:00','SGW FG-B070',0,'SGW FG-B070','Winter',NULL),(1378,'--W----','17:45:00','18:35:00','SGW H-561',0,'SGW H-561','Winter',NULL),(1379,'-T-J---','14:45:00','16:00:00','LOY HC-155',0,'LOY HC-155','Winter',NULL),(1380,'-T-J---','11:45:00','13:00:00','LOY SP-S110',0,'LOY SP-S110','Fall',NULL),(1381,'-T-J---','08:45:00','10:00:00','LOY SP-S110',0,'LOY SP-S110','Winter',NULL),(1382,'--W-F--','11:45:00','13:00:00','LOY SP-S110',0,'LOY SP-S110','Fall',NULL),(1383,'-T-----','13:30:00','15:30:00','LOY CC-312',0,'LOY CC-312','Fall',NULL),(1384,'-T-----','15:30:00','17:30:00','LOY CC-312',0,'LOY CC-312','Fall',NULL),(1385,'--W----','13:30:00','15:30:00','LOY CJ-1.121',0,'LOY CJ-1.121','Fall',NULL),(1386,'--W----','15:30:00','17:30:00','LOY CJ-1.121',0,'LOY CJ-1.121','Fall',NULL),(1387,'---J---','13:30:00','15:30:00','LOY CJ-1.125',0,'LOY CJ-1.125','Fall',NULL),(1388,'---J---','15:30:00','17:30:00','LOY CJ-1.125',0,'LOY CJ-1.125','Fall',NULL),(1389,'---J---','13:30:00','15:30:00','LOY CC-425',0,'LOY CC-425','Fall',NULL),(1390,'---J---','15:30:00','17:30:00','LOY CC-425',0,'LOY CC-425','Fall',NULL),(1391,'--W-F--','11:45:00','13:00:00','LOY SP-S110',0,'LOY SP-S110','Winter',NULL),(1392,'-T-----','13:30:00','15:30:00','LOY CC-301',0,'LOY CC-301','Winter',NULL),(1393,'-T-----','15:30:00','17:30:00','LOY CC-301',0,'LOY CC-301','Winter',NULL),(1394,'--W----','13:30:00','15:30:00','LOY CC-301',0,'LOY CC-301','Winter',NULL),(1395,'--W----','15:30:00','17:30:00','LOY CC-301',0,'LOY CC-301','Winter',NULL),(1396,'---J---','13:30:00','15:30:00','LOY CC-312',0,'LOY CC-312','Winter',NULL),(1397,'---J---','15:30:00','17:30:00','LOY CC-312',0,'LOY CC-312','Winter',NULL),(1398,'M-W----','18:00:00','19:15:00','LOY SP-S110',0,'LOY SP-S110','Winter',NULL),(1399,'-T-----','13:30:00','15:30:00','LOY CC-106',0,'LOY CC-106','Winter',NULL),(1400,'-T-----','15:30:00','17:30:00','LOY CC-106',0,'LOY CC-106','Winter',NULL),(1401,'--W----','13:30:00','15:30:00','LOY CC-312',0,'LOY CC-312','Winter',NULL),(1402,'--W----','15:30:00','17:30:00','LOY CC-312',0,'LOY CC-312','Winter',NULL),(1403,'-T-----','18:00:00','20:15:00','SGW H-521',0,'SGW H-521','Winter',NULL),(1404,'--W-F--','10:15:00','11:30:00','LOY CC-321',0,'LOY CC-321','Fall',NULL),(1405,'M------','09:00:00','13:00:00','LOY SP-210',0,'LOY SP-210','Fall',NULL),(1406,'M------','13:30:00','17:30:00','LOY SP-210',0,'LOY SP-210','Fall',NULL),(1407,'-T-----','13:30:00','17:30:00','LOY SP-210',0,'LOY SP-210','Fall',NULL),(1408,'---J---','13:30:00','17:30:00','LOY SP-210',0,'LOY SP-210','Fall',NULL),(1409,'M------','18:30:00','22:30:00','LOY SP-210',0,'LOY SP-210','Fall',NULL),(1410,'---J---','18:30:00','22:30:00','LOY SP-210',0,'LOY SP-210','Fall',NULL),(1411,'-------','00:00:00','00:00:00','LOY',0,'LOY','Fall',NULL),(1412,'--W----','18:00:00','20:30:00','LOY CC-321',0,'LOY CC-321','Fall',NULL),(1413,'M------','09:00:00','13:00:00','LOY SP-210',0,'LOY SP-210','Fall',NULL),(1414,'M------','13:30:00','17:30:00','LOY SP-210',0,'LOY SP-210','Fall',NULL),(1415,'-T-----','13:30:00','17:30:00','LOY SP-210',0,'LOY SP-210','Fall',NULL),(1416,'---J---','13:30:00','17:30:00','LOY SP-210',0,'LOY SP-210','Fall',NULL),(1417,'M------','18:30:00','22:30:00','LOY SP-210',0,'LOY SP-210','Fall',NULL),(1418,'---J---','18:30:00','22:30:00','LOY SP-210',0,'LOY SP-210','Fall',NULL),(1419,'-------','00:00:00','00:00:00','LOY',0,'LOY','Fall',NULL),(1420,'-T-J---','10:15:00','11:30:00','LOY HC-157',0,'LOY HC-157','Fall',NULL),(1421,'M------','09:00:00','13:00:00','LOY SP-116',0,'LOY SP-116','Fall',NULL),(1422,'-T-----','13:30:00','17:30:00','LOY SP-116',0,'LOY SP-116','Fall',NULL),(1423,'--W----','13:30:00','17:30:00','LOY SP-116',0,'LOY SP-116','Fall',NULL),(1424,'----F--','13:30:00','17:30:00','LOY SP-116',0,'LOY SP-116','Fall',NULL),(1425,'----F--','09:00:00','13:00:00','LOY SP-116',0,'LOY SP-116','Fall',NULL),(1426,'-T-----','18:30:00','22:30:00','LOY SP-116',0,'LOY SP-116','Fall',NULL),(1427,'--W----','18:30:00','22:30:00','LOY SP-116',0,'LOY SP-116','Fall',NULL),(1428,'-------','00:00:00','00:00:00','LOY',0,'LOY','Fall',NULL),(1429,'---J---','18:00:00','20:30:00','LOY CC-310',0,'LOY CC-310','Fall',NULL),(1430,'M------','09:00:00','13:00:00','LOY SP-116',0,'LOY SP-116','Fall',NULL),(1431,'-T-----','13:30:00','17:30:00','LOY SP-116',0,'LOY SP-116','Fall',NULL),(1432,'--W----','13:30:00','17:30:00','LOY SP-116',0,'LOY SP-116','Fall',NULL),(1433,'----F--','13:30:00','17:30:00','LOY SP-116',0,'LOY SP-116','Fall',NULL),(1434,'----F--','09:00:00','13:00:00','LOY SP-116',0,'LOY SP-116','Fall',NULL),(1435,'-T-----','18:30:00','22:30:00','LOY SP-116',0,'LOY SP-116','Fall',NULL),(1436,'--W----','18:30:00','22:30:00','LOY SP-116',0,'LOY SP-116','Fall',NULL),(1437,'-------','00:00:00','00:00:00','LOY',0,'LOY','Fall',NULL),(1438,'-T-J---','10:15:00','11:30:00','LOY CC-321',0,'LOY CC-321','Winter',NULL),(1439,'M------','13:30:00','17:30:00','LOY SP-116',0,'LOY SP-116','Winter',NULL),(1440,'--W----','13:30:00','17:30:00','LOY SP-112',0,'LOY SP-112','Winter',NULL),(1441,'---J---','13:30:00','17:30:00','LOY SP-116',0,'LOY SP-116','Winter',NULL),(1442,'----F--','09:00:00','13:00:00','LOY SP-116',0,'LOY SP-116','Winter',NULL),(1443,'M------','09:00:00','13:00:00','LOY SP-112',0,'LOY SP-112','Winter',NULL),(1444,'-T-----','18:30:00','22:30:00','LOY SP-116',0,'LOY SP-116','Winter',NULL),(1445,'-------','00:00:00','00:00:00','LOY',0,'LOY','Winter',NULL),(1446,'---J---','18:00:00','20:30:00','LOY CC-321',0,'LOY CC-321','Winter',NULL),(1447,'M------','13:30:00','17:30:00','LOY SP-116',0,'LOY SP-116','Winter',NULL),(1448,'--W----','13:30:00','17:30:00','LOY SP-112',0,'LOY SP-112','Winter',NULL),(1449,'---J---','13:30:00','17:30:00','LOY SP-116',0,'LOY SP-116','Winter',NULL),(1450,'----F--','09:00:00','13:00:00','LOY SP-116',0,'LOY SP-116','Winter',NULL),(1451,'M------','09:00:00','13:00:00','LOY SP-112',0,'LOY SP-112','Winter',NULL),(1452,'-T-----','18:30:00','22:30:00','LOY SP-116',0,'LOY SP-116','Winter',NULL),(1453,'-------','00:00:00','00:00:00','LOY',0,'LOY','Winter',NULL),(1454,'--W-F--','08:45:00','10:00:00','LOY CC-321',0,'LOY CC-321','Fall',NULL),(1455,'---J---','18:00:00','20:30:00','LOY CC-314',0,'LOY CC-314','Fall',NULL),(1456,'--W-F--','10:15:00','11:30:00','LOY CC-320',0,'LOY CC-320','Winter',NULL),(1457,'-T-J---','10:15:00','11:30:00','LOY CC-425',0,'LOY CC-425','Winter',NULL),(1458,'M-W----','08:45:00','10:00:00','LOY CC-314',0,'LOY CC-314','Fall',NULL),(1459,'M-W----','11:45:00','13:00:00','LOY CJ-1.129',0,'LOY CJ-1.129','Fall',NULL),(1460,'-T-J---','10:15:00','11:30:00','LOY CJ-1.129',0,'LOY CJ-1.129','Winter',NULL),(1461,'-------','00:00:00','00:00:00','SGW(Online)',0,'SGW(Online)','Summer1',NULL),(1462,'-------','00:00:00','00:00:00','SGW(Online)',0,'SGW(Online)','Fall',NULL),(1463,'-------','00:00:00','00:00:00','SGW(Online)',0,'SGW(Online)','Winter',NULL),(1464,'-------','00:00:00','00:00:00','SGW(Online)',0,'SGW(Online)','Summer1',NULL),(1465,'--W----','13:15:00','16:00:00','SGW MB-1.210',0,'SGW MB-1.210','Fall',NULL),(1466,'M------','10:15:00','11:15:00','SGW H-427',0,'SGW H-427','Fall',NULL),(1467,'M------','10:15:00','11:15:00','SGW MB-6.425',0,'SGW MB-6.425','Fall',NULL),(1468,'M------','10:15:00','11:15:00','SGW H-627',0,'SGW H-627','Fall',NULL),(1469,'M------','10:15:00','11:15:00','SGW H-625',0,'SGW H-625','Fall',NULL),(1470,'M------','11:45:00','12:45:00','SGW H-625',0,'SGW H-625','Fall',NULL),(1471,'M------','11:45:00','12:45:00','SGW H-623',0,'SGW H-623','Fall',NULL),(1472,'M------','11:45:00','12:45:00','SGW H-537',0,'SGW H-537','Fall',NULL),(1473,'M------','11:45:00','12:45:00','SGW H-564',0,'SGW H-564','Fall',NULL),(1474,'-------','00:00:00','00:00:00','SGW(Online)',0,'SGW(Online)','Fall',NULL),(1475,'--W-F--','08:45:00','10:00:00','SGW H-507',0,'SGW H-507','Winter',NULL),(1476,'-------','00:00:00','00:00:00','SGW(Online)',0,'SGW(Online)','Winter',NULL),(1477,'-------','00:00:00','00:00:00','SGW(Online)',0,'SGW(Online)','Summer1',NULL),(1478,'M-W----','16:15:00','17:30:00','SGW MB-1.210',0,'SGW MB-1.210','Fall',NULL),(1479,'-------','00:00:00','00:00:00','SGW',0,'SGW','Fall',NULL),(1480,'-------','00:00:00','00:00:00','SGW',0,'SGW','Fall',NULL),(1481,'-------','00:00:00','00:00:00','SGW',0,'SGW','Fall',NULL),(1482,'M-W----','11:45:00','13:00:00','SGW MB-1.210',0,'SGW MB-1.210','Fall',NULL),(1483,'-------','00:00:00','00:00:00','SGW',0,'SGW','Fall',NULL),(1484,'-------','00:00:00','00:00:00','SGW',0,'SGW','Fall',NULL),(1485,'-------','00:00:00','00:00:00','SGW',0,'SGW','Fall',NULL),(1486,'--W-F--','10:15:00','11:30:00','SGW MB-1.210',0,'SGW MB-1.210','Fall',NULL),(1487,'-------','00:00:00','00:00:00','SGW',0,'SGW','Fall',NULL),(1488,'-------','00:00:00','00:00:00','SGW',0,'SGW','Fall',NULL),(1489,'-------','00:00:00','00:00:00','SGW',0,'SGW','Fall',NULL),(1490,'M-W----','08:45:00','10:00:00','SGW MB-1.210',0,'SGW MB-1.210','Fall',NULL),(1491,'-------','00:00:00','00:00:00','SGW',0,'SGW','Fall',NULL),(1492,'-------','00:00:00','00:00:00','SGW',0,'SGW','Fall',NULL),(1493,'-------','00:00:00','00:00:00','SGW',0,'SGW','Fall',NULL),(1494,'--W-F--','08:45:00','10:00:00','SGW H-531',0,'SGW H-531','Fall',NULL),(1495,'-------','00:00:00','00:00:00','SGW',0,'SGW','Fall',NULL),(1496,'M-W----','14:45:00','16:00:00','SGW H-407',0,'SGW H-407','Fall',NULL),(1497,'-------','00:00:00','00:00:00','SGW',0,'SGW','Fall',NULL),(1498,'-------','00:00:00','00:00:00','SGW(Online)',0,'SGW(Online)','Fall',NULL),(1499,'M-W----','16:15:00','17:30:00','SGW MB-1.210',0,'SGW MB-1.210','Winter',NULL),(1500,'-------','00:00:00','00:00:00','SGW',0,'SGW','Winter',NULL),(1501,'-------','00:00:00','00:00:00','SGW',0,'SGW','Winter',NULL),(1502,'-------','00:00:00','00:00:00','SGW',0,'SGW','Winter',NULL),(1503,'M-W----','11:45:00','13:00:00','SGW MB-1.210',0,'SGW MB-1.210','Winter',NULL),(1504,'-------','00:00:00','00:00:00','SGW',0,'SGW','Winter',NULL),(1505,'-------','00:00:00','00:00:00','SGW',0,'SGW','Winter',NULL),(1506,'-------','00:00:00','00:00:00','SGW',0,'SGW','Winter',NULL),(1507,'M-W----','10:15:00','11:30:00','SGW FG-C070',0,'SGW FG-C070','Winter',NULL),(1508,'-------','00:00:00','00:00:00','SGW',0,'SGW','Winter',NULL),(1509,'M-W----','08:45:00','10:00:00','SGW H-407',0,'SGW H-407','Winter',NULL),(1510,'-------','00:00:00','00:00:00','SGW',0,'SGW','Winter',NULL),(1511,'-T-J---','14:45:00','16:00:00','SGW H-531',0,'SGW H-531','Winter',NULL),(1512,'-------','00:00:00','00:00:00','SGW',0,'SGW','Winter',NULL),(1513,'-T-J---','13:15:00','14:30:00','SGW H-531',0,'SGW H-531','Winter',NULL),(1514,'-------','00:00:00','00:00:00','SGW',0,'SGW','Winter',NULL),(1515,'-------','00:00:00','00:00:00','SGW(Online)',0,'SGW(Online)','Winter',NULL),(1516,'-------','00:00:00','00:00:00','SGW(Online)',0,'SGW(Online)','Summer1',NULL),(1517,'-T-J---','11:45:00','13:00:00','SGW MB-1.210',0,'SGW MB-1.210','Fall',NULL),(1518,'-------','00:00:00','00:00:00','SGW',0,'SGW','Fall',NULL),(1519,'-------','00:00:00','00:00:00','SGW',0,'SGW','Fall',NULL),(1520,'-------','00:00:00','00:00:00','SGW',0,'SGW','Fall',NULL),(1521,'-T-J---','16:15:00','17:30:00','SGW MB-1.210',0,'SGW MB-1.210','Fall',NULL),(1522,'-------','00:00:00','00:00:00','SGW',0,'SGW','Fall',NULL),(1523,'-------','00:00:00','00:00:00','SGW',0,'SGW','Fall',NULL),(1524,'-------','00:00:00','00:00:00','SGW',0,'SGW','Fall',NULL),(1525,'-T-J---','08:45:00','10:00:00','SGW H-407',0,'SGW H-407','Fall',NULL),(1526,'-------','00:00:00','00:00:00','SGW',0,'SGW','Fall',NULL),(1527,'M-W----','10:15:00','11:30:00','SGW H-407',0,'SGW H-407','Fall',NULL),(1528,'-------','00:00:00','00:00:00','SGW',0,'SGW','Fall',NULL),(1529,'-------','00:00:00','00:00:00','SGW(Online)',0,'SGW(Online)','Fall',NULL),(1530,'-T-J---','13:15:00','14:30:00','SGW MB-1.210',0,'SGW MB-1.210','Winter',NULL),(1531,'-------','00:00:00','00:00:00','SGW',0,'SGW','Winter',NULL),(1532,'-------','00:00:00','00:00:00','SGW',0,'SGW','Winter',NULL),(1533,'-------','00:00:00','00:00:00','SGW',0,'SGW','Winter',NULL),(1534,'-T-J---','10:15:00','11:30:00','SGW MB-1.210',0,'SGW MB-1.210','Winter',NULL),(1535,'-------','00:00:00','00:00:00','SGW',0,'SGW','Winter',NULL),(1536,'-------','00:00:00','00:00:00','SGW',0,'SGW','Winter',NULL),(1537,'-------','00:00:00','00:00:00','SGW',0,'SGW','Winter',NULL),(1538,'-T-J---','08:45:00','10:00:00','SGW MB-1.210',0,'SGW MB-1.210','Winter',NULL),(1539,'-------','00:00:00','00:00:00','SGW',0,'SGW','Winter',NULL),(1540,'-------','00:00:00','00:00:00','SGW',0,'SGW','Winter',NULL),(1541,'-------','00:00:00','00:00:00','SGW',0,'SGW','Winter',NULL),(1542,'-T-J---','11:45:00','13:00:00','SGW FG-B060',0,'SGW FG-B060','Winter',NULL),(1543,'-------','00:00:00','00:00:00','SGW',0,'SGW','Winter',NULL),(1544,'-T-J---','14:45:00','16:00:00','SGW H-407',0,'SGW H-407','Winter',NULL),(1545,'-------','00:00:00','00:00:00','SGW',0,'SGW','Winter',NULL),(1546,'-------','00:00:00','00:00:00','SGW(Online)',0,'SGW(Online)','Winter',NULL),(1547,'-T-J---','14:45:00','17:30:00','SGW FG-B060',0,'SGW FG-B060','Summer1',NULL),(1548,'-T-----','20:30:00','22:45:00','SGW H-403',0,'SGW H-403','Fall',NULL),(1549,'-T-----','18:00:00','20:15:00','SGW H-629',0,'SGW H-629','Winter',NULL),(1550,'-T-J---','18:30:00','21:00:00','SGW H-920',0,'SGW H-920','Summer2',NULL),(1551,'--W----','14:45:00','17:30:00','SGW H-620',0,'SGW H-620','Fall',NULL),(1552,'--W----','14:45:00','17:30:00','SGW H-507',0,'SGW H-507','Winter',NULL),(1553,'-T-J---','10:15:00','11:30:00','SGW H-937',0,'SGW H-937','Fall',NULL),(1554,'----F--','18:00:00','20:15:00','SGW H-937',0,'SGW H-937','Winter',NULL),(1555,'-T-J---','08:45:00','10:00:00','SGW H-937',0,'SGW H-937','Winter',NULL),(1556,'M-W----','14:45:00','16:00:00','SGW H-937',0,'SGW H-937','Fall',NULL),(1557,'M-W----','11:45:00','13:00:00','SGW H-937',0,'SGW H-937','Winter',NULL),(1558,'--W----','18:00:00','20:15:00','SGW H-603',0,'SGW H-603','Fall',NULL),(1559,'-------','00:00:00','00:00:00','SGW(Online)',0,'SGW(Online)','Fall',NULL),(1560,'M------','18:00:00','20:15:00','LOY CC-308',0,'LOY CC-308','Winter',NULL),(1561,'-------','00:00:00','00:00:00','SGW(Online)',0,'SGW(Online)','Winter',NULL),(1562,'-T-J---','13:15:00','14:30:00','SGW MB-1.210',0,'SGW MB-1.210','Fall',NULL),(1563,'-T-J---','13:15:00','14:30:00','SGW H-411',0,'SGW H-411','Winter',NULL),(1564,'----F--','13:15:00','16:00:00','SGW H-1070',0,'SGW H-1070','Fall',NULL),(1565,'-T-----','18:00:00','20:15:00','SGW MB-1.210',0,'SGW MB-1.210','Winter',NULL),(1566,'-------','00:00:00','00:00:00','(Online)',0,'(Online)','Summer1',NULL),(1567,'-------','00:00:00','00:00:00','(Online)',0,'(Online)','Fall',NULL),(1568,'-------','00:00:00','00:00:00','(Online)',0,'(Online)','Winter',NULL),(1569,'--W-F--','08:45:00','10:00:00','SGW H-553',0,'SGW H-553','Fall',NULL),(1570,'--W-F--','10:15:00','11:30:00','SGW MB-S2.210',0,'SGW MB-S2.210','Winter',NULL),(1571,'-T-J---','08:45:00','10:00:00','SGW H-553',0,'SGW H-553','Winter',NULL),(1572,'-T-J---','11:45:00','13:00:00','SGW H-521',0,'SGW H-521','Fall',NULL),(1573,'M-W----','14:45:00','16:00:00','SGW MB-2.430',0,'SGW MB-2.430','Fall',NULL),(1574,'M-W----','14:45:00','16:00:00','SGW H-509',0,'SGW H-509','Winter',NULL),(1575,'-------','00:00:00','00:00:00','SGW(Online)',0,'SGW(Online)','Summer2',NULL),(1576,'-T-----','14:45:00','17:15:00','SGW CI-104',0,'SGW CI-104','Fall',NULL),(1577,'-------','00:00:00','00:00:00','SGW(Online)',0,'SGW(Online)','Fall',NULL),(1578,'M------','14:45:00','17:15:00','SGW CI-101',0,'SGW CI-101','Fall',NULL),(1579,'M------','13:15:00','16:00:00','SGW MB-1.210',0,'SGW MB-1.210','Fall',NULL),(1580,'M------','10:15:00','11:15:00','SGW H-623',0,'SGW H-623','Fall',NULL),(1581,'M------','10:15:00','11:15:00','SGW H-537',0,'SGW H-537','Fall',NULL),(1582,'M------','10:15:00','11:15:00','SGW H-564',0,'SGW H-564','Fall',NULL),(1583,'M------','10:15:00','11:15:00','SGW H-459',0,'SGW H-459','Fall',NULL),(1584,'M------','10:15:00','11:15:00','SGW H-423',0,'SGW H-423','Fall',NULL),(1585,'M------','10:15:00','11:15:00','SGW H-403',0,'SGW H-403','Fall',NULL),(1586,'M------','11:45:00','12:45:00','SGW H-513',0,'SGW H-513','Fall',NULL),(1587,'M------','11:45:00','12:45:00','SGW MB-S2.105',0,'SGW MB-S2.105','Fall',NULL),(1588,'M------','11:45:00','12:45:00','SGW MB-S1.255',0,'SGW MB-S1.255','Fall',NULL),(1589,'M------','11:45:00','12:45:00','SGW MB-S1.105',0,'SGW MB-S1.105','Fall',NULL),(1590,'M------','11:45:00','12:45:00','SGW MB-2.255',0,'SGW MB-2.255','Fall',NULL),(1591,'M------','11:45:00','12:45:00','SGW MB-2.265',0,'SGW MB-2.265','Fall',NULL),(1592,'--W-F--','08:45:00','10:00:00','SGW H-507',0,'SGW H-507','Fall',NULL),(1593,'M-W----','16:15:00','17:30:00','SGW H-415',0,'SGW H-415','Winter',NULL),(1594,'-T-J---','08:45:00','10:00:00','SGW FG-B060',0,'SGW FG-B060','Winter',NULL),(1595,'-T-----','13:15:00','16:00:00','SGW H-631',0,'SGW H-631','Fall',NULL),(1596,'--W----','18:00:00','20:15:00','SGW H-459',0,'SGW H-459','Fall',NULL),(1597,'---J---','13:15:00','16:00:00','SGW H-401',0,'SGW H-401','Winter',NULL),(1598,'---J---','13:15:00','16:00:00','SGW H-403',0,'SGW H-403','Fall',NULL),(1599,'-T-----','13:15:00','16:00:00','SGW H-631',0,'SGW H-631','Winter',NULL),(1600,'--W----','18:00:00','20:15:00','SGW H-631',0,'SGW H-631','Winter',NULL),(1601,'M------','12:15:00','14:45:00','SGW EV-1.615',0,'SGW EV-1.615','Fall',NULL),(1602,'--W----','18:00:00','20:15:00','SGW EV-1.615',0,'SGW EV-1.615','Winter',NULL),(1603,'-T-----','18:00:00','20:15:00','SGW H-420',0,'SGW H-420','Fall',NULL),(1604,'M-W----','10:15:00','11:30:00','SGW H-520',0,'SGW H-520','Winter',NULL),(1605,'--W----','16:15:00','19:00:00','LOY CJ-1.114',0,'LOY CJ-1.114','Fall',NULL),(1606,'--W----','18:00:00','20:45:00','LOY CJ-1.114',0,'LOY CJ-1.114','Winter',NULL),(1607,'M------','13:15:00','16:00:00','SGW H-625',0,'SGW H-625','Winter',NULL),(1608,'---J---','13:15:00','17:15:00','SGW VA-114',0,'SGW VA-114','Fall',NULL),(1609,'---J---','08:45:00','12:45:00','SGW VA-114',0,'SGW VA-114','Winter',NULL),(1610,'M-W----','10:15:00','11:30:00','SGW H-620',0,'SGW H-620','Fall',NULL),(1611,'-T-J---','10:15:00','11:30:00','SGW H-620',0,'SGW H-620','Fall',NULL),(1612,'---J---','20:30:00','22:45:00','SGW H-1070',0,'SGW H-1070','Fall',NULL),(1613,'M-W----','08:45:00','10:00:00','SGW H-820',0,'SGW H-820','Winter',NULL),(1614,'-T-J---','13:15:00','14:30:00','SGW H-620',0,'SGW H-620','Winter',NULL),(1615,'--W----','18:00:00','20:15:00','SGW H-1070',0,'SGW H-1070','Winter',NULL),(1616,'-T-J---','08:45:00','10:00:00','SGW H-507',0,'SGW H-507','Winter',NULL),(1617,'M------','20:30:00','22:45:00','SGW H-1070',0,'SGW H-1070','Winter',NULL),(1618,'-T-----','14:45:00','17:30:00','SGW FG-B060',0,'SGW FG-B060','Winter',NULL),(1619,'-T-J---','16:15:00','17:30:00','SGW H-415',0,'SGW H-415','Winter',NULL),(1620,'M-W----','18:00:00','20:15:00','SGW H-411',0,'SGW H-411','Summer1',NULL),(1621,'--W-F--','11:45:00','13:00:00','SGW FG-C080',0,'SGW FG-C080','Fall',NULL),(1622,'--W-F--','11:45:00','13:00:00','SGW H-507',0,'SGW H-507','Winter',NULL),(1623,'-------','00:00:00','00:00:00','SGW(Online)',0,'SGW(Online)','Fall',NULL),(1624,'-------','00:00:00','00:00:00','SGW(Online)',0,'SGW(Online)','Winter',NULL),(1625,'M------','13:15:00','15:45:00','SGW H-620',0,'SGW H-620','Fall',NULL),(1626,'M-W----','08:45:00','10:00:00','SGW H-920',0,'SGW H-920','Winter',NULL),(1627,'-------','00:00:00','00:00:00','SGW(Online)',0,'SGW(Online)','Summer1',NULL),(1628,'-------','00:00:00','00:00:00','SGW(Online)',0,'SGW(Online)','Fall',NULL),(1629,'-------','00:00:00','00:00:00','SGW(Online)',0,'SGW(Online)','Winter',NULL),(1630,'--W----','10:15:00','12:45:00','SGW H-920',0,'SGW H-920','Winter',NULL),(1631,'-T-J---','11:45:00','13:00:00','SGW H-427',0,'SGW H-427','Fall',NULL),(1632,'-T-J---','13:15:00','14:30:00','SGW H-507',0,'SGW H-507','Fall',NULL),(1633,'----F--','08:45:00','11:30:00','SGW MB-S2.330',0,'SGW MB-S2.330','Winter',NULL),(1634,'-------','00:00:00','00:00:00','SGW(Online)',0,'SGW(Online)','Summer1',NULL),(1635,'-------','00:00:00','00:00:00','SGW(Online)',0,'SGW(Online)','Winter',NULL),(1636,'-T-J---','08:45:00','11:30:00','SGW MB-S2.210',0,'SGW MB-S2.210','Summer1',NULL),(1637,'-T-J---','13:15:00','14:30:00','SGW FG-B070',0,'SGW FG-B070','Fall',NULL),(1638,'--W----','20:30:00','22:20:00','SGW H-831',0,'SGW H-831','Fall',NULL),(1639,'--W----','20:30:00','22:20:00','SGW H-847',0,'SGW H-847','Fall',NULL),(1640,'M-W----','16:15:00','17:30:00','SGW H-605',0,'SGW H-605','Fall',NULL),(1641,'--W----','17:45:00','19:35:00','SGW H-929',0,'SGW H-929','Fall',NULL),(1642,'--W----','17:45:00','19:35:00','SGW H-847',0,'SGW H-847','Fall',NULL),(1643,'--W-F--','14:45:00','16:00:00','SGW H-520',0,'SGW H-520','Winter',NULL),(1644,'----F--','16:15:00','18:05:00','SGW',0,'SGW','Winter',NULL),(1645,'----F--','16:15:00','18:05:00','SGW',0,'SGW','Winter',NULL),(1646,'M-W----','14:45:00','17:15:00','SGW H-521',0,'SGW H-521','Summer2',NULL),(1647,'M-W----','13:15:00','14:05:00','SGW H-521',0,'SGW H-521','Summer2',NULL),(1648,'M-W----','10:15:00','12:05:00','SGW H-831',0,'SGW H-831','Summer2',NULL),(1649,'M-W----','08:15:00','10:05:00','SGW H-400',0,'SGW H-400','Summer2',NULL),(1650,'---J---','13:15:00','16:00:00','SGW H-401',0,'SGW H-401','Fall',NULL),(1651,'---J---','12:15:00','13:05:00','SGW H-403',0,'SGW H-403','Fall',NULL),(1652,'---J---','16:15:00','18:05:00','SGW H-905',0,'SGW H-905','Fall',NULL),(1653,'----F--','13:15:00','15:05:00','SGW H-917',0,'SGW H-917','Fall',NULL),(1654,'M-W----','13:15:00','14:30:00','SGW H-937',0,'SGW H-937','Winter',NULL),(1655,'--W----','16:15:00','17:05:00','SGW H-625',0,'SGW H-625','Winter',NULL),(1656,'--W----','17:15:00','19:05:00','SGW',0,'SGW','Winter',NULL),(1657,'--W----','16:15:00','17:05:00','SGW H-627',0,'SGW H-627','Winter',NULL),(1658,'M------','17:15:00','19:05:00','SGW',0,'SGW','Winter',NULL),(1659,'M-W----','18:30:00','21:00:00','SGW H-920',0,'SGW H-920','Summer2',NULL),(1660,'-T-J---','21:10:00','23:00:00','SGW H-817',0,'SGW H-817','Summer2',NULL),(1661,'M-W----','21:10:00','23:00:00','SGW H-817',0,'SGW H-817','Summer2',NULL),(1662,'M-W----','21:20:00','23:00:00','SGW',0,'SGW','Summer2',NULL),(1663,'-T-----','17:45:00','20:15:00','SGW H-403',0,'SGW H-403','Fall',NULL),(1664,'--W----','16:15:00','18:05:00','SGW H-849',0,'SGW H-849','Fall',NULL),(1665,'M------','16:15:00','18:05:00','SGW H-849',0,'SGW H-849','Fall',NULL),(1666,'---J---','17:45:00','20:15:00','SGW H-423',0,'SGW H-423','Winter',NULL),(1667,'--W----','16:15:00','18:05:00','SGW',0,'SGW','Winter',NULL),(1668,'---J---','20:30:00','22:10:00','SGW',0,'SGW','Winter',NULL),(1669,'-T-----','17:45:00','20:15:00','SGW H-401',0,'SGW H-401','Fall',NULL),(1670,'-T-----','20:30:00','22:10:00','SGW H-862',0,'SGW H-862','Fall',NULL),(1671,'-T-----','20:30:00','22:10:00','SGW H-862',0,'SGW H-862','Fall',NULL),(1672,'---J---','17:45:00','20:15:00','SGW H-553',0,'SGW H-553','Fall',NULL),(1673,'---J---','20:30:00','21:20:00','SGW H-819',0,'SGW H-819','Fall',NULL),(1674,'-------','00:00:00','00:00:00','SGW',0,'SGW','Fall',NULL),(1675,'---J---','20:30:00','21:20:00','SGW H-847',0,'SGW H-847','Fall',NULL),(1676,'-------','00:00:00','00:00:00','SGW',0,'SGW','Fall',NULL),(1677,'M------','17:45:00','20:15:00','SGW H-544',0,'SGW H-544','Winter',NULL),(1678,'M------','20:30:00','22:20:00','SGW',0,'SGW','Winter',NULL),(1679,'M------','15:45:00','17:30:00','SGW',0,'SGW','Winter',NULL),(1680,'M-W----','10:15:00','11:30:00','SGW H-1070',0,'SGW H-1070','Fall',NULL),(1681,'M------','13:15:00','15:05:00','SGW H-905',0,'SGW H-905','Fall',NULL),(1682,'M------','17:45:00','19:35:00','SGW H-905',0,'SGW H-905','Fall',NULL),(1683,'M-W----','13:15:00','14:30:00','SGW MB-S1.235',0,'SGW MB-S1.235','Winter',NULL),(1684,'M------','11:10:00','13:00:00','SGW',0,'SGW','Winter',NULL),(1685,'--W----','11:10:00','13:00:00','SGW',0,'SGW','Winter',NULL),(1686,'-T-J---','16:15:00','17:30:00','SGW H-423',0,'SGW H-423','Fall',NULL),(1687,'--W----','13:15:00','14:05:00','SGW H-565',0,'SGW H-565','Fall',NULL),(1688,'M-W----','11:45:00','13:00:00','SGW H-433',0,'SGW H-433','Fall',NULL),(1689,'-T-----','16:15:00','18:15:00','SGW H-905',0,'SGW H-905','Fall',NULL),(1690,'--W----','16:15:00','18:15:00','SGW H-817',0,'SGW H-817','Fall',NULL),(1691,'--W----','18:30:00','20:30:00','SGW H-817',0,'SGW H-817','Fall',NULL),(1692,'M------','17:45:00','20:15:00','SGW H-520',0,'SGW H-520','Winter',NULL),(1693,'M------','20:25:00','22:25:00','SGW',0,'SGW','Winter',NULL),(1694,'---J---','17:45:00','19:45:00','SGW',0,'SGW','Winter',NULL),(1695,'M------','20:25:00','22:25:00','SGW',0,'SGW','Winter',NULL),(1696,'---J---','17:45:00','20:15:00','SGW H-415',0,'SGW H-415','Fall',NULL),(1697,'---J---','20:30:00','22:20:00','SGW H-849',0,'SGW H-849','Fall',NULL),(1698,'---J---','20:30:00','22:20:00','SGW H-917',0,'SGW H-917','Fall',NULL),(1699,'---J---','20:30:00','22:20:00','SGW H-811',0,'SGW H-811','Fall',NULL),(1700,'--W----','17:45:00','20:15:00','SGW H-557',0,'SGW H-557','Winter',NULL),(1701,'-T-----','15:00:00','17:00:00','SGW',0,'SGW','Winter',NULL),(1702,'-T-----','18:00:00','20:00:00','SGW',0,'SGW','Winter',NULL),(1703,'-T-----','15:00:00','17:00:00','SGW',0,'SGW','Winter',NULL),(1704,'M------','17:45:00','20:15:00','SGW H-607',0,'SGW H-607','Fall',NULL),(1705,'--W----','20:30:00','22:30:00','SGW H-811',0,'SGW H-811','Fall',NULL),(1706,'M------','20:30:00','22:30:00','SGW H-811',0,'SGW H-811','Fall',NULL),(1707,'M-W----','13:15:00','14:30:00','SGW H-539',0,'SGW H-539','Fall',NULL),(1708,'M------','14:45:00','16:35:00','SGW H-811',0,'SGW H-811','Fall',NULL),(1709,'--W----','14:45:00','16:35:00','SGW H-843',0,'SGW H-843','Fall',NULL),(1710,'-T-----','14:45:00','16:35:00','SGW H-811',0,'SGW H-811','Fall',NULL),(1711,'-------','00:00:00','00:00:00','SGW',0,'SGW','Winter',NULL),(1712,'--W----','17:45:00','20:15:00','SGW H-427',0,'SGW H-427','Fall',NULL),(1713,'--W----','20:20:00','21:05:00','SGW H-968',0,'SGW H-968','Fall',NULL),(1714,'--W----','21:10:00','23:00:00','SGW H-968',0,'SGW H-968','Fall',NULL),(1715,'---J---','14:45:00','16:35:00','SGW H-968',0,'SGW H-968','Fall',NULL),(1716,'-T-J---','13:15:00','14:30:00','SGW MB-S1.105',0,'SGW MB-S1.105','Fall',NULL),(1717,'-T-----','14:45:00','15:35:00','SGW H-849',0,'SGW H-849','Fall',NULL),(1718,'-T-----','15:45:00','17:30:00','SGW H-849',0,'SGW H-849','Fall',NULL),(1719,'-------','00:00:00','00:00:00','SGW',0,'SGW','Summer1',NULL),(1720,'-------','00:00:00','00:00:00','SGW',0,'SGW','Summer1',NULL),(1721,'-------','00:00:00','00:00:00','SGW',0,'SGW','Fall',NULL),(1722,'-------','00:00:00','00:00:00','SGW',0,'SGW','Winter',NULL),(1723,'-------','00:00:00','00:00:00','SGW',0,'SGW','Winter',NULL),(1724,'-T-J---','13:15:00','14:30:00','SGW FG-B070',0,'SGW FG-B070','Fall',NULL),(1725,'--W----','20:30:00','22:20:00','SGW H-831',0,'SGW H-831','Fall',NULL),(1726,'--W----','20:30:00','22:20:00','SGW H-847',0,'SGW H-847','Fall',NULL),(1727,'M-W----','16:15:00','17:30:00','SGW H-605',0,'SGW H-605','Fall',NULL),(1728,'--W----','17:45:00','19:35:00','SGW H-929',0,'SGW H-929','Fall',NULL),(1729,'--W----','17:45:00','19:35:00','SGW H-847',0,'SGW H-847','Fall',NULL),(1730,'--W-F--','14:45:00','16:00:00','SGW H-520',0,'SGW H-520','Winter',NULL),(1731,'----F--','16:15:00','18:05:00','SGW',0,'SGW','Winter',NULL),(1732,'----F--','16:15:00','18:05:00','SGW',0,'SGW','Winter',NULL),(1733,'M-W----','18:30:00','21:00:00','SGW H-920',0,'SGW H-920','Summer2',NULL),(1734,'-T-J---','21:10:00','23:00:00','SGW H-817',0,'SGW H-817','Summer2',NULL),(1735,'M-W----','21:10:00','23:00:00','SGW H-817',0,'SGW H-817','Summer2',NULL),(1736,'M-W----','21:20:00','23:00:00','SGW',0,'SGW','Summer2',NULL),(1737,'-T-----','17:45:00','20:15:00','SGW H-403',0,'SGW H-403','Fall',NULL),(1738,'--W----','16:15:00','18:05:00','SGW H-849',0,'SGW H-849','Fall',NULL),(1739,'M------','16:15:00','18:05:00','SGW H-849',0,'SGW H-849','Fall',NULL),(1740,'---J---','17:45:00','20:15:00','SGW H-423',0,'SGW H-423','Winter',NULL),(1741,'--W----','16:15:00','18:05:00','SGW',0,'SGW','Winter',NULL),(1742,'---J---','20:30:00','22:10:00','SGW',0,'SGW','Winter',NULL),(1743,'-T-----','13:15:00','16:00:00','SGW H-429',0,'SGW H-429','Fall',NULL),(1744,'-T-----','16:15:00','18:05:00','SGW H-837',0,'SGW H-837','Fall',NULL),(1745,'--W----','16:15:00','18:05:00','SGW H-837',0,'SGW H-837','Fall',NULL),(1746,'-T-----','19:00:00','20:50:00','SGW H-837',0,'SGW H-837','Fall',NULL),(1747,'---J---','13:15:00','16:00:00','SGW H-429',0,'SGW H-429','Fall',NULL),(1748,'---J---','16:15:00','18:05:00','SGW H-837',0,'SGW H-837','Fall',NULL),(1749,'---J---','19:00:00','20:50:00','SGW H-837',0,'SGW H-837','Fall',NULL),(1750,'--W----','18:20:00','20:10:00','SGW H-837',0,'SGW H-837','Fall',NULL),(1751,'M-W----','11:45:00','13:00:00','SGW H-433',0,'SGW H-433','Fall',NULL),(1752,'-T-----','16:15:00','18:15:00','SGW H-905',0,'SGW H-905','Fall',NULL),(1753,'--W----','16:15:00','18:15:00','SGW H-817',0,'SGW H-817','Fall',NULL),(1754,'--W----','18:30:00','20:30:00','SGW H-817',0,'SGW H-817','Fall',NULL),(1755,'M------','17:45:00','20:15:00','SGW H-520',0,'SGW H-520','Winter',NULL),(1756,'M------','20:25:00','22:25:00','SGW',0,'SGW','Winter',NULL),(1757,'---J---','17:45:00','19:45:00','SGW',0,'SGW','Winter',NULL),(1758,'M------','20:25:00','22:25:00','SGW',0,'SGW','Winter',NULL),(1759,'-T-J---','14:45:00','16:00:00','SGW MB-S2.401',0,'SGW MB-S2.401','Winter',NULL),(1760,'-------','00:00:00','00:00:00','SGW',0,'SGW','Winter',NULL),(1761,'-------','00:00:00','00:00:00','SGW',0,'SGW','Winter',NULL),(1762,'-------','00:00:00','00:00:00','SGW',0,'SGW','Winter',NULL),(1763,'M-W----','13:15:00','14:30:00','SGW H-411',0,'SGW H-411','Fall',NULL),(1764,'M------','14:45:00','16:35:00','SGW H-837',0,'SGW H-837','Fall',NULL),(1765,'--W----','14:45:00','16:35:00','SGW H-845',0,'SGW H-845','Fall',NULL),(1766,'M-W----','14:45:00','17:15:00','SGW H-521',0,'SGW H-521','Summer2',NULL),(1767,'M-W----','13:15:00','14:05:00','SGW H-521',0,'SGW H-521','Summer2',NULL),(1768,'M-W----','10:15:00','12:05:00','SGW H-831',0,'SGW H-831','Summer2',NULL),(1769,'M-W----','08:15:00','10:05:00','SGW H-400',0,'SGW H-400','Summer2',NULL),(1770,'---J---','13:15:00','16:00:00','SGW H-401',0,'SGW H-401','Fall',NULL),(1771,'---J---','12:15:00','13:05:00','SGW H-403',0,'SGW H-403','Fall',NULL),(1772,'---J---','16:15:00','18:05:00','SGW H-905',0,'SGW H-905','Fall',NULL),(1773,'----F--','13:15:00','15:05:00','SGW H-917',0,'SGW H-917','Fall',NULL),(1774,'M-W----','13:15:00','14:30:00','SGW H-937',0,'SGW H-937','Winter',NULL),(1775,'--W----','16:15:00','17:05:00','SGW H-625',0,'SGW H-625','Winter',NULL),(1776,'--W----','17:15:00','19:05:00','SGW',0,'SGW','Winter',NULL),(1777,'--W----','16:15:00','17:05:00','SGW H-627',0,'SGW H-627','Winter',NULL),(1778,'M------','17:15:00','19:05:00','SGW',0,'SGW','Winter',NULL),(1779,'M-W----','10:15:00','11:30:00','SGW H-1070',0,'SGW H-1070','Fall',NULL),(1780,'M------','13:15:00','15:05:00','SGW H-905',0,'SGW H-905','Fall',NULL),(1781,'M------','17:45:00','19:35:00','SGW H-905',0,'SGW H-905','Fall',NULL),(1782,'M-W----','13:15:00','14:30:00','SGW MB-S1.235',0,'SGW MB-S1.235','Winter',NULL),(1783,'M------','11:10:00','13:00:00','SGW',0,'SGW','Winter',NULL),(1784,'--W----','11:10:00','13:00:00','SGW',0,'SGW','Winter',NULL),(1785,'M-W----','13:15:00','14:30:00','SGW H-539',0,'SGW H-539','Fall',NULL),(1786,'M------','14:45:00','16:35:00','SGW H-811',0,'SGW H-811','Fall',NULL),(1787,'--W----','14:45:00','16:35:00','SGW H-843',0,'SGW H-843','Fall',NULL),(1788,'-T-----','14:45:00','16:35:00','SGW H-811',0,'SGW H-811','Fall',NULL),(1789,'M-W----','11:45:00','13:00:00','SGW H-535',0,'SGW H-535','Fall',NULL),(1790,'----F--','11:45:00','12:35:00','SGW H-967',0,'SGW H-967','Fall',NULL),(1791,'----F--','11:45:00','12:35:00','SGW H-905',0,'SGW H-905','Fall',NULL),(1792,'--W----','17:45:00','20:15:00','SGW H-633',0,'SGW H-633','Winter',NULL),(1793,'--W----','16:25:00','17:15:00','SGW',0,'SGW','Winter',NULL),(1794,'--W----','20:30:00','22:20:00','SGW',0,'SGW','Winter',NULL),(1795,'---J---','17:45:00','20:15:00','SGW H-920',0,'SGW H-920','Fall',NULL),(1796,'M------','11:45:00','13:35:00','SGW H-0011',0,'SGW H-0011','Fall',NULL),(1797,'M------','11:45:00','13:35:00','SGW H-0011',0,'SGW H-0011','Fall',NULL),(1798,'--W----','12:05:00','13:55:00','SGW H-0011',0,'SGW H-0011','Fall',NULL),(1799,'--W----','12:05:00','13:55:00','SGW H-0011',0,'SGW H-0011','Fall',NULL),(1800,'--W----','09:45:00','11:35:00','SGW H-0011',0,'SGW H-0011','Fall',NULL),(1801,'--W----','09:45:00','11:35:00','SGW H-0011',0,'SGW H-0011','Fall',NULL),(1802,'--W----','14:45:00','16:35:00','SGW',0,'SGW','Fall',NULL),(1803,'M------','14:45:00','17:45:00','SGW FG-B040',0,'SGW FG-B040','Fall',NULL),(1804,'M------','14:45:00','17:45:00','SGW FG-B040',0,'SGW FG-B040','Fall',NULL),(1805,'M-W----','16:15:00','17:30:00','SGW H-621',0,'SGW H-621','Fall',NULL),(1806,'--W----','14:45:00','15:35:00','SGW H-863',0,'SGW H-863','Fall',NULL),(1807,'-T-J---','13:15:00','14:30:00','SGW FG-B070',0,'SGW FG-B070','Fall',NULL),(1808,'--W----','20:30:00','22:20:00','SGW H-831',0,'SGW H-831','Fall',NULL),(1809,'--W----','20:30:00','22:20:00','SGW H-847',0,'SGW H-847','Fall',NULL),(1810,'M-W----','16:15:00','17:30:00','SGW H-605',0,'SGW H-605','Fall',NULL),(1811,'--W----','17:45:00','19:35:00','SGW H-929',0,'SGW H-929','Fall',NULL),(1812,'--W----','17:45:00','19:35:00','SGW H-847',0,'SGW H-847','Fall',NULL),(1813,'--W-F--','14:45:00','16:00:00','SGW H-520',0,'SGW H-520','Winter',NULL),(1814,'----F--','16:15:00','18:05:00','SGW',0,'SGW','Winter',NULL),(1815,'----F--','16:15:00','18:05:00','SGW',0,'SGW','Winter',NULL),(1816,'--W----','17:45:00','20:15:00','SGW H-427',0,'SGW H-427','Fall',NULL),(1817,'--W----','20:20:00','21:05:00','SGW H-968',0,'SGW H-968','Fall',NULL),(1818,'--W----','21:10:00','23:00:00','SGW H-968',0,'SGW H-968','Fall',NULL),(1819,'---J---','14:45:00','16:35:00','SGW H-968',0,'SGW H-968','Fall',NULL),(1820,'-T-J---','13:15:00','14:30:00','SGW MB-S1.105',0,'SGW MB-S1.105','Fall',NULL),(1821,'-T-----','14:45:00','15:35:00','SGW H-849',0,'SGW H-849','Fall',NULL),(1822,'-T-----','15:45:00','17:30:00','SGW H-849',0,'SGW H-849','Fall',NULL),(1823,'M-W-F','18:00:00','19:00:00','SGW H',0,'SGW101','Winter',NULL),(1824,'M-W-F','18:00:00','19:00:00','SGW H',0,'SGW101','Winter',NULL),(1825,'M-W-F','18:00:00','19:00:00','SGW H',0,'SGW101','Winter',NULL),(1826,'M-W-F','18:00:00','19:00:00','SGW H',0,'SGW101','Winter',NULL),(1827,'M-W-F','18:00:00','19:00:00','SGW H',0,'SGW101','Winter',NULL),(1828,'M-W-F','18:00:00','19:00:00','SGW H',0,'SGW101','Winter',NULL);
/*!40000 ALTER TABLE `app_event` ENABLE KEYS */;
UNLOCK TABLES;

--
-- Table structure for table `app_lab`
--

DROP TABLE IF EXISTS `app_lab`;
/*!40101 SET @saved_cs_client     = @@character_set_client */;
/*!40101 SET character_set_client = utf8 */;
CREATE TABLE `app_lab` (
  `id` int(11) NOT NULL AUTO_INCREMENT,
  `section` varchar(120) NOT NULL,
  `course_id` varchar(120) DEFAULT NULL,
  `event_id` int(11) DEFAULT NULL,
  `lecture_id` int(11) DEFAULT NULL,
  `tutorial_id` int(11) DEFAULT NULL,
  PRIMARY KEY (`id`),
  UNIQUE KEY `event_id` (`event_id`),
  UNIQUE KEY `app_lab_section_1aef1d3_uniq` (`section`,`course_id`,`lecture_id`,`tutorial_id`),
  KEY `app_lab_ea134da7` (`course_id`),
  KEY `app_lab_72a11f01` (`lecture_id`),
  KEY `app_lab_b6fbbedb` (`tutorial_id`),
  CONSTRAINT `app_lab_tutorial_id_3f65e42e_fk_app_tutorial_id` FOREIGN KEY (`tutorial_id`) REFERENCES `app_tutorial` (`id`),
  CONSTRAINT `app_lab_course_id_71d6349b_fk_app_course_deptnum` FOREIGN KEY (`course_id`) REFERENCES `app_course` (`deptnum`),
  CONSTRAINT `app_lab_event_id_696f7273_fk_app_event_id` FOREIGN KEY (`event_id`) REFERENCES `app_event` (`id`),
  CONSTRAINT `app_lab_lecture_id_c21be4f_fk_app_lecture_id` FOREIGN KEY (`lecture_id`) REFERENCES `app_lecture` (`id`)
) ENGINE=InnoDB AUTO_INCREMENT=387 DEFAULT CHARSET=latin1;
/*!40101 SET character_set_client = @saved_cs_client */;

--
-- Dumping data for table `app_lab`
--

LOCK TABLES `app_lab` WRITE;
/*!40000 ALTER TABLE `app_lab` DISABLE KEYS */;
INSERT INTO `app_lab` VALUES (1,'CI','ELEC275',3,1,1),(2,'CL','ELEC275',4,1,1),(3,'CJ','ELEC275',6,1,2),(4,'CK','ELEC275',7,1,2),(5,'TI','ELEC275',10,2,3),(6,'TJ','ELEC275',11,2,3),(7,'TK','ELEC275',12,2,3),(8,'VI','ELEC275',15,3,4),(9,'VJ','ELEC275',16,3,4),(10,'VK','ELEC275',18,3,5),(11,'VL','ELEC275',19,3,5),(12,'JI','ELEC275',22,4,6),(13,'JL','ELEC275',23,4,6),(14,'JM','ELEC275',24,4,6),(15,'JJ','ELEC275',26,4,7),(16,'JK','ELEC275',27,4,7),(17,'JN','ELEC275',28,4,7),(18,'HI','SOEN228',256,69,169),(19,'HJ','SOEN228',257,69,169),(20,'HK','SOEN228',259,69,170),(21,'HL','SOEN228',260,69,170),(22,'HM','SOEN228',262,69,171),(23,'HN','SOEN228',263,69,171),(24,'DI','SOEN228',266,70,172),(25,'DJ','SOEN228',267,70,172),(26,'DK','SOEN228',269,70,173),(27,'DL','SOEN228',270,70,173),(28,'DM','SOEN228',271,70,173),(29,'SI','SOEN390',320,86,205),(30,'SK','SOEN390',322,86,206),(31,'SI','SOEN490',324,87,NULL),(32,'SJ','SOEN490',325,87,NULL),(33,'CI','COMP346',395,109,253),(34,'CJ','COMP346',397,109,254),(35,'DI','COMP346',400,110,255),(36,'DJ','COMP346',402,110,256),(37,'NI','COMP346',405,111,257),(38,'NJ','COMP346',407,111,258),(39,'WI','COMP346',410,112,259),(40,'WJ','COMP346',412,112,260),(41,'01','CHEM217',494,138,NULL),(42,'02','CHEM217',495,138,NULL),(43,'03','CHEM217',496,138,NULL),(44,'04','CHEM217',497,138,NULL),(45,'51','CHEM217',498,138,NULL),(46,'52','CHEM217',499,138,NULL),(47,'56','CHEM217',500,138,NULL),(48,'01','CHEM217',502,139,NULL),(49,'02','CHEM217',503,139,NULL),(50,'03','CHEM217',504,139,NULL),(51,'04','CHEM217',505,139,NULL),(52,'51','CHEM217',506,139,NULL),(53,'52','CHEM217',507,139,NULL),(54,'56','CHEM217',508,139,NULL),(55,'01','CHEM221',510,140,NULL),(56,'02','CHEM221',511,140,NULL),(57,'03','CHEM221',512,140,NULL),(58,'04','CHEM221',513,140,NULL),(59,'05','CHEM221',514,140,NULL),(60,'51','CHEM221',515,140,NULL),(61,'52','CHEM221',516,140,NULL),(62,'56','CHEM221',517,140,NULL),(63,'01','CHEM221',519,141,NULL),(64,'02','CHEM221',520,141,NULL),(65,'03','CHEM221',521,141,NULL),(66,'04','CHEM221',522,141,NULL),(67,'05','CHEM221',523,141,NULL),(68,'51','CHEM221',524,141,NULL),(69,'52','CHEM221',525,141,NULL),(70,'56','CHEM221',526,141,NULL),(71,'06','CHEM221',528,142,NULL),(72,'07','CHEM221',529,142,NULL),(73,'08','CHEM221',530,142,NULL),(74,'09','CHEM221',531,142,NULL),(75,'10','CHEM221',532,142,NULL),(76,'52','CHEM221',533,142,NULL),(77,'56','CHEM221',534,142,NULL),(78,'06','CHEM221',536,143,NULL),(79,'07','CHEM221',537,143,NULL),(80,'08','CHEM221',538,143,NULL),(81,'09','CHEM221',539,143,NULL),(82,'10','CHEM221',540,143,NULL),(83,'52','CHEM221',541,143,NULL),(84,'56','CHEM221',542,143,NULL),(85,'DI','COMP345',727,264,NULL),(86,'DJ','COMP345',728,264,NULL),(87,'NI','COMP345',730,265,NULL),(88,'NJ','COMP345',731,265,NULL),(89,'SI','COMP345',733,266,NULL),(90,'SJ','COMP345',734,266,NULL),(91,'CI','COMP353',737,267,379),(92,'CJ','COMP353',738,267,379),(93,'FI','COMP353',741,268,380),(94,'FJ','COMP353',742,268,380),(95,'WI','COMP353',745,269,381),(96,'WJ','COMP353',747,269,382),(97,'CI','COMP371',749,270,NULL),(98,'CJ','COMP371',750,270,NULL),(99,'CK','COMP371',751,270,NULL),(100,'UI','COMP371',753,271,NULL),(101,'UJ','COMP371',754,271,NULL),(102,'WI','COMP371',756,272,NULL),(103,'WJ','COMP371',757,272,NULL),(104,'NI','COMP426',759,273,NULL),(105,'NJ','COMP426',760,273,NULL),(106,'FI','COMP428',763,274,383),(107,'FJ','COMP428',765,274,384),(108,'NI','COMP442',767,275,NULL),(109,'NJ','COMP442',768,275,NULL),(110,'DI','COMP445',770,276,NULL),(111,'DJ','COMP445',771,276,NULL),(112,'WI','COMP445',773,277,NULL),(113,'WJ','COMP445',774,277,NULL),(114,'FI','COMP472',778,279,NULL),(115,'FJ','COMP472',779,279,NULL),(116,'FK','COMP472',780,279,NULL),(117,'NI','COMP472',782,280,NULL),(118,'NJ','COMP472',783,280,NULL),(119,'NK','COMP472',784,280,NULL),(120,'DI','COMP473',786,281,NULL),(121,'DJ','COMP473',787,281,NULL),(122,'DK','COMP473',788,281,NULL),(123,'UI','COMP474',790,282,NULL),(124,'UJ','COMP474',791,282,NULL),(125,'UK','COMP474',792,282,NULL),(126,'DI','COMP478',794,283,NULL),(127,'DJ','COMP478',795,283,NULL),(128,'DI','COMP479',797,284,NULL),(129,'DJ','COMP479',798,284,NULL),(130,'DK','COMP479',799,284,NULL),(131,'MI','SOEN422',803,286,386),(132,'MJ','SOEN422',804,286,386),(133,'HI','SOEN423',807,287,387),(134,'DI','COMP345',814,264,NULL),(135,'DJ','COMP345',815,264,NULL),(136,'NI','COMP345',817,265,NULL),(137,'NJ','COMP345',818,265,NULL),(138,'SI','COMP345',820,266,NULL),(139,'SJ','COMP345',821,266,NULL),(140,'CI','COMP371',823,270,NULL),(141,'CJ','COMP371',824,270,NULL),(142,'CK','COMP371',825,270,NULL),(143,'UI','COMP371',827,271,NULL),(144,'UJ','COMP371',828,271,NULL),(145,'WI','COMP371',830,272,NULL),(146,'WJ','COMP371',831,272,NULL),(147,'WI','COMP376',833,299,NULL),(148,'WJ','COMP376',834,299,NULL),(149,'WK','COMP376',835,299,NULL),(150,'XI','COMP376',837,300,NULL),(151,'XJ','COMP376',838,300,NULL),(152,'XK','COMP376',839,300,NULL),(153,'FI','COMP472',841,279,NULL),(154,'FJ','COMP472',842,279,NULL),(155,'FK','COMP472',843,279,NULL),(156,'NI','COMP472',845,280,NULL),(157,'NJ','COMP472',846,280,NULL),(158,'NK','COMP472',847,280,NULL),(159,'NI','COMP476',849,303,NULL),(160,'NJ','COMP476',850,303,NULL),(161,'NK','COMP476',851,303,NULL),(162,'NI','COMP477',853,304,NULL),(163,'NJ','COMP477',854,304,NULL),(170,'DI','COMP445',869,276,NULL),(171,'DJ','COMP445',870,276,NULL),(172,'WI','COMP445',872,277,NULL),(173,'WJ','COMP445',873,277,NULL),(174,'DI','COMP479',875,284,NULL),(175,'DJ','COMP479',876,284,NULL),(176,'DK','COMP479',877,284,NULL),(177,'NI','SOEN487',883,312,394),(178,'XI','AERO480',885,313,NULL),(179,'XJ','AERO480',886,313,NULL),(180,'XK','AERO480',887,313,NULL),(181,'XL','AERO480',888,313,NULL),(182,'XM','AERO480',889,313,NULL),(183,'XN','AERO480',890,313,NULL),(184,'XO','AERO480',891,313,NULL),(185,'DI','COMP345',897,264,NULL),(186,'DJ','COMP345',898,264,NULL),(187,'NI','COMP345',900,265,NULL),(188,'NJ','COMP345',901,265,NULL),(189,'SI','COMP345',903,266,NULL),(190,'SJ','COMP345',904,266,NULL),(224,'SI','SOEN490',1235,87,NULL),(225,'SJ','SOEN490',1236,87,NULL),(234,'01','CHEM217',1405,138,NULL),(235,'02','CHEM217',1406,138,NULL),(236,'03','CHEM217',1407,138,NULL),(237,'04','CHEM217',1408,138,NULL),(238,'51','CHEM217',1409,138,NULL),(239,'52','CHEM217',1410,138,NULL),(240,'56','CHEM217',1411,138,NULL),(241,'01','CHEM217',1413,139,NULL),(242,'02','CHEM217',1414,139,NULL),(243,'03','CHEM217',1415,139,NULL),(244,'04','CHEM217',1416,139,NULL),(245,'51','CHEM217',1417,139,NULL),(246,'52','CHEM217',1418,139,NULL),(247,'56','CHEM217',1419,139,NULL),(248,'01','CHEM221',1421,140,NULL),(249,'02','CHEM221',1422,140,NULL),(250,'03','CHEM221',1423,140,NULL),(251,'04','CHEM221',1424,140,NULL),(252,'05','CHEM221',1425,140,NULL),(253,'51','CHEM221',1426,140,NULL),(254,'52','CHEM221',1427,140,NULL),(255,'56','CHEM221',1428,140,NULL),(256,'01','CHEM221',1430,141,NULL),(257,'02','CHEM221',1431,141,NULL),(258,'03','CHEM221',1432,141,NULL),(259,'04','CHEM221',1433,141,NULL),(260,'05','CHEM221',1434,141,NULL),(261,'51','CHEM221',1435,141,NULL),(262,'52','CHEM221',1436,141,NULL),(263,'56','CHEM221',1437,141,NULL),(264,'06','CHEM221',1439,142,NULL),(265,'07','CHEM221',1440,142,NULL),(266,'08','CHEM221',1441,142,NULL),(267,'09','CHEM221',1442,142,NULL),(268,'10','CHEM221',1443,142,NULL),(269,'52','CHEM221',1444,142,NULL),(270,'56','CHEM221',1445,142,NULL),(271,'06','CHEM221',1447,143,NULL),(272,'07','CHEM221',1448,143,NULL),(273,'08','CHEM221',1449,143,NULL),(274,'09','CHEM221',1450,143,NULL),(275,'10','CHEM221',1451,143,NULL),(276,'52','CHEM221',1452,143,NULL),(277,'56','CHEM221',1453,143,NULL),(278,'DI','COMP345',1638,264,NULL),(279,'DJ','COMP345',1639,264,NULL),(280,'NI','COMP345',1641,265,NULL),(281,'NJ','COMP345',1642,265,NULL),(282,'SI','COMP345',1644,266,NULL),(283,'SJ','COMP345',1645,266,NULL),(290,'CI','COMP371',1660,270,NULL),(291,'CJ','COMP371',1661,270,NULL),(292,'CK','COMP371',1662,270,NULL),(293,'UI','COMP371',1664,271,NULL),(294,'UJ','COMP371',1665,271,NULL),(295,'WI','COMP371',1667,272,NULL),(296,'WJ','COMP371',1668,272,NULL),(297,'NI','COMP426',1670,273,NULL),(298,'NJ','COMP426',1671,273,NULL),(301,'NI','COMP442',1678,275,NULL),(302,'NJ','COMP442',1679,275,NULL),(303,'DI','COMP445',1681,276,NULL),(304,'DJ','COMP445',1682,276,NULL),(305,'WI','COMP445',1684,277,NULL),(306,'WJ','COMP445',1685,277,NULL),(307,'FI','COMP472',1689,279,NULL),(308,'FJ','COMP472',1690,279,NULL),(309,'FK','COMP472',1691,279,NULL),(310,'NI','COMP472',1693,280,NULL),(311,'NJ','COMP472',1694,280,NULL),(312,'NK','COMP472',1695,280,NULL),(313,'DI','COMP473',1697,281,NULL),(314,'DJ','COMP473',1698,281,NULL),(315,'DK','COMP473',1699,281,NULL),(316,'UI','COMP474',1701,282,NULL),(317,'UJ','COMP474',1702,282,NULL),(318,'UK','COMP474',1703,282,NULL),(319,'DI','COMP478',1705,283,NULL),(320,'DJ','COMP478',1706,283,NULL),(321,'DI','COMP479',1708,284,NULL),(322,'DJ','COMP479',1709,284,NULL),(323,'DK','COMP479',1710,284,NULL),(327,'DI','COMP345',1725,264,NULL),(328,'DJ','COMP345',1726,264,NULL),(329,'NI','COMP345',1728,265,NULL),(330,'NJ','COMP345',1729,265,NULL),(331,'SI','COMP345',1731,266,NULL),(332,'SJ','COMP345',1732,266,NULL),(333,'CI','COMP371',1734,270,NULL),(334,'CJ','COMP371',1735,270,NULL),(335,'CK','COMP371',1736,270,NULL),(336,'UI','COMP371',1738,271,NULL),(337,'UJ','COMP371',1739,271,NULL),(338,'WI','COMP371',1741,272,NULL),(339,'WJ','COMP371',1742,272,NULL),(340,'WI','COMP376',1744,299,NULL),(341,'WJ','COMP376',1745,299,NULL),(342,'WK','COMP376',1746,299,NULL),(343,'XI','COMP376',1748,300,NULL),(344,'XJ','COMP376',1749,300,NULL),(345,'XK','COMP376',1750,300,NULL),(346,'FI','COMP472',1752,279,NULL),(347,'FJ','COMP472',1753,279,NULL),(348,'FK','COMP472',1754,279,NULL),(349,'NI','COMP472',1756,280,NULL),(350,'NJ','COMP472',1757,280,NULL),(351,'NK','COMP472',1758,280,NULL),(352,'NI','COMP476',1760,303,NULL),(353,'NJ','COMP476',1761,303,NULL),(354,'NK','COMP476',1762,303,NULL),(355,'NI','COMP477',1764,304,NULL),(356,'NJ','COMP477',1765,304,NULL),(363,'DI','COMP445',1780,276,NULL),(364,'DJ','COMP445',1781,276,NULL),(365,'WI','COMP445',1783,277,NULL),(366,'WJ','COMP445',1784,277,NULL),(367,'DI','COMP479',1786,284,NULL),(368,'DJ','COMP479',1787,284,NULL),(369,'DK','COMP479',1788,284,NULL),(371,'XI','AERO480',1796,313,NULL),(372,'XJ','AERO480',1797,313,NULL),(373,'XK','AERO480',1798,313,NULL),(374,'XL','AERO480',1799,313,NULL),(375,'XM','AERO480',1800,313,NULL),(376,'XN','AERO480',1801,313,NULL),(377,'XO','AERO480',1802,313,NULL),(378,'DI','COMP345',1808,264,NULL),(379,'DJ','COMP345',1809,264,NULL),(380,'NI','COMP345',1811,265,NULL),(381,'NJ','COMP345',1812,265,NULL),(382,'SI','COMP345',1814,266,NULL),(383,'SJ','COMP345',1815,266,NULL);
/*!40000 ALTER TABLE `app_lab` ENABLE KEYS */;
UNLOCK TABLES;

--
-- Table structure for table `app_lecture`
--

DROP TABLE IF EXISTS `app_lecture`;
/*!40101 SET @saved_cs_client     = @@character_set_client */;
/*!40101 SET character_set_client = utf8 */;
CREATE TABLE `app_lecture` (
  `id` int(11) NOT NULL AUTO_INCREMENT,
  `section` varchar(120) NOT NULL,
  `session` varchar(120) NOT NULL,
  `isOnline` tinyint(1) NOT NULL,
  `course_id` varchar(120) DEFAULT NULL,
  `event_id` int(11) DEFAULT NULL,
  PRIMARY KEY (`id`),
  UNIQUE KEY `event_id` (`event_id`),
  UNIQUE KEY `app_lecture_section_1140228f_uniq` (`section`,`course_id`,`session`),
  KEY `app_lecture_ea134da7` (`course_id`),
  CONSTRAINT `app_lecture_event_id_751da495_fk_app_event_id` FOREIGN KEY (`event_id`) REFERENCES `app_event` (`id`),
  CONSTRAINT `app_lecture_course_id_1f0a0bd_fk_app_course_deptnum` FOREIGN KEY (`course_id`) REFERENCES `app_course` (`deptnum`)
) ENGINE=InnoDB AUTO_INCREMENT=649 DEFAULT CHARSET=latin1;
/*!40101 SET character_set_client = @saved_cs_client */;

--
-- Dumping data for table `app_lecture`
--

LOCK TABLES `app_lecture` WRITE;
/*!40000 ALTER TABLE `app_lecture` DISABLE KEYS */;
INSERT INTO `app_lecture` VALUES (1,'CC','Summer2',0,'ELEC275',1),(2,'T','Fall',0,'ELEC275',8),(3,'V','Fall',0,'ELEC275',13),(4,'JJ','Winter',0,'ELEC275',20),(5,'AA','Summer1',0,'ENCS282',29),(6,'AB','Summer1',0,'ENCS282',33),(7,'CC','Summer2',0,'ENCS282',37),(8,'A','Fall',0,'ENCS282',41),(9,'B','Fall',0,'ENCS282',46),(10,'BB','Fall',0,'ENCS282',51),(11,'Y','Winter',0,'ENCS282',56),(12,'EE','Winter',0,'ENCS282',61),(13,'AA','Summer1',0,'ENGR201',67),(14,'G','Fall',0,'ENGR201',72),(15,'H','Fall',0,'ENGR201',77),(16,'Q','Winter',0,'ENGR201',82),(17,'EC','Winter',0,'ENGR201',87),(18,'AA','Summer1',0,'ENGR202',92),(19,'G','Fall',0,'ENGR202',93),(20,'H','Fall',0,'ENGR202',94),(21,'R','Winter',0,'ENGR202',95),(22,'SS','Winter',0,'ENGR202',96),(23,'AA','Summer1',0,'ENGR213',97),(24,'P','Fall',0,'ENGR213',100),(25,'R','Fall',0,'ENGR213',103),(26,'T','Fall',0,'ENGR213',106),(27,'U','Fall',0,'ENGR213',109),(28,'V','Fall',0,'ENGR213',112),(29,'X','Fall',0,'ENGR213',115),(30,'XX','Fall',0,'ENGR213',118),(31,'F','Winter',0,'ENGR213',121),(32,'G','Winter',0,'ENGR213',127),(33,'J','Winter',0,'ENGR213',134),(34,'CC','Summer2',0,'ENGR233',139),(35,'P','Fall',0,'ENGR233',145),(36,'Q','Fall',0,'ENGR233',148),(37,'J','Winter',0,'ENGR233',151),(38,'R','Winter',0,'ENGR233',155),(39,'S','Winter',0,'ENGR233',159),(40,'T','Winter',0,'ENGR233',163),(41,'U','Winter',0,'ENGR233',167),(42,'V','Winter',0,'ENGR233',171),(43,'X','Winter',0,'ENGR233',175),(44,'AA','Summer1',0,'ENGR301',179),(45,'AB','Summer1',0,'ENGR301',184),(46,'G','Fall',0,'ENGR301',189),(47,'H','Fall',0,'ENGR301',194),(48,'FF','Fall',0,'ENGR301',199),(49,'II','Fall',0,'ENGR301',204),(50,'R','Winter',0,'ENGR301',209),(51,'SS','Winter',0,'ENGR301',214),(52,'CC','Summer2',0,'ENGR371',219),(53,'CD','Summer2',0,'ENGR371',223),(54,'R','Fall',0,'ENGR371',227),(55,'S','Fall',0,'ENGR371',230),(56,'FF','Fall',0,'ENGR371',233),(57,'T','Winter',0,'ENGR371',236),(58,'W','Winter',0,'ENGR371',239),(59,'UU','Winter',0,'ENGR371',242),(60,'AA','Summer1',0,'ENGR392',245),(61,'AB','Summer1',0,'ENGR392',246),(62,'CC','Summer2',0,'ENGR392',247),(63,'D','Fall',0,'ENGR392',248),(64,'F','Fall',0,'ENGR392',249),(65,'EE','Fall',0,'ENGR392',250),(66,'P','Winter',0,'ENGR392',251),(67,'Q','Winter',0,'ENGR392',252),(68,'RR','Winter',0,'ENGR392',253),(69,'H','Winter',0,'SOEN228',254),(70,'DD','Winter',0,'SOEN228',264),(71,'CC','Summer2',0,'SOEN287',272),(72,'Q','Fall',0,'SOEN287',275),(73,'S','Winter',0,'SOEN287',278),(74,'U','Winter',0,'SOEN287',281),(75,'GG','Fall',0,'SOEN321',286),(76,'U','Winter',0,'SOEN331',289),(77,'H','Fall',0,'SOEN341',292),(78,'S','Winter',0,'SOEN341',295),(79,'H','Fall',0,'SOEN342',299),(80,'H','Fall',0,'SOEN343',302),(81,'S','Winter',0,'SOEN344',305),(82,'S','Winter',0,'SOEN345',307),(83,'S','Winter',0,'SOEN357',310),(84,'F','Fall',0,'SOEN384',312),(85,'S','Winter',0,'SOEN385',314),(86,'S','Winter',0,'SOEN390',318),(87,'SS','Fall&Winter;',0,'SOEN490',323),(88,'AA','Summer1',0,'COMP232',326),(89,'Q','Fall',0,'COMP232',328),(90,'R','Fall',0,'COMP232',331),(91,'DD','Fall',0,'COMP232',334),(92,'S','Winter',0,'COMP232',337),(93,'NN','Winter',0,'COMP232',340),(94,'AA','Summer1',0,'COMP248',343),(95,'Q','Fall',0,'COMP248',347),(96,'R','Fall',0,'COMP248',352),(97,'EE','Fall',0,'COMP248',356),(98,'U','Winter',0,'COMP248',360),(99,'W','Winter',0,'COMP248',363),(100,'CC','Summer2',0,'COMP249',366),(101,'D','Fall',0,'COMP249',369),(102,'S','Winter',0,'COMP249',372),(103,'U','Winter',0,'COMP249',375),(104,'PP','Winter',0,'COMP249',378),(105,'AA','Summer1',0,'COMP335',383),(106,'E','Fall',0,'COMP335',386),(107,'G','Fall',0,'COMP335',389),(108,'N','Winter',0,'COMP335',391),(109,'CC','Summer2',0,'COMP346',393),(110,'DD','Fall',0,'COMP346',398),(111,'NN','Winter',0,'COMP346',403),(112,'WW','Winter',0,'COMP346',408),(113,'CC','Summer2',0,'COMP348',413),(114,'U','Fall',0,'COMP348',417),(115,'DD','Fall',0,'COMP348',420),(116,'E','Winter',0,'COMP348',423),(117,'AA','Summer1',0,'COMP352',426),(118,'G','Fall',0,'COMP352',429),(119,'H','Fall',0,'COMP352',433),(120,'X','Winter',0,'COMP352',436),(121,'AA','Summer1',0,'ENGR391',439),(122,'CC','Summer2',0,'ENGR391',442),(123,'F','Fall',0,'ENGR391',445),(124,'M','Fall',0,'ENGR391',448),(125,'S','Fall',0,'ENGR391',452),(126,'V','Winter',0,'ENGR391',455),(127,'X','Winter',0,'ENGR391',458),(128,'UU','Winter',0,'ENGR391',461),(129,'DD','Fall',0,'COMP361',464),(130,'NN','Winter',0,'COMP361',466),(131,'01','Winter',0,'BIOL206',468),(132,'01','Fall',0,'BIOL226',469),(133,'02','Winter',0,'BIOL226',470),(134,'01','Fall',0,'BIOL261',471),(135,'02','Winter',0,'BIOL261',480),(136,'51','Winter',0,'BIOL261',487),(137,'AA','Winter',0,'CHEM209',492),(138,'01','Fall',0,'CHEM217',493),(139,'51','Fall',0,'CHEM217',501),(140,'01','Fall',0,'CHEM221',509),(141,'51','Fall',0,'CHEM221',518),(142,'02','Winter',0,'CHEM221',527),(143,'52','Winter',0,'CHEM221',535),(144,'01','Fall',0,'CHEM234',543),(145,'51','Fall',0,'CHEM234',544),(146,'02','Winter',0,'CHEM234',545),(147,'01','Winter',0,'PHYS252',546),(148,'01','Fall',0,'PHYS253',547),(149,'01','Fall',0,'PHYS334',548),(150,'01','Winter',0,'PHYS354',549),(151,'EC','Summer1',0,'AHSC242',550),(152,'EC','Fall',0,'AHSC242',551),(153,'EC','Winter',0,'AHSC242',552),(154,'EC','Summer1',0,'ANTH202',553),(155,'A','Fall',0,'ANTH202',554),(156,'EC','Fall',0,'ANTH202',563),(157,'B','Winter',0,'ANTH202',564),(158,'EC','Winter',0,'ANTH202',565),(159,'EC','Summer1',0,'ECON201',566),(160,'A','Fall',0,'ECON201',567),(161,'B','Fall',0,'ECON201',571),(162,'C','Fall',0,'ECON201',575),(163,'D','Fall',0,'ECON201',579),(164,'E','Fall',0,'ECON201',583),(165,'F','Fall',0,'ECON201',585),(166,'EC','Fall',0,'ECON201',587),(167,'G','Winter',0,'ECON201',588),(168,'H','Winter',0,'ECON201',592),(169,'I','Winter',0,'ECON201',596),(170,'J','Winter',0,'ECON201',598),(171,'K','Winter',0,'ECON201',600),(172,'L','Winter',0,'ECON201',602),(173,'EC','Winter',0,'ECON201',604),(174,'EC','Summer1',0,'ECON203',605),(175,'A','Fall',0,'ECON203',606),(176,'B','Fall',0,'ECON203',610),(177,'C','Fall',0,'ECON203',614),(178,'D','Fall',0,'ECON203',616),(179,'EC','Fall',0,'ECON203',618),(180,'E','Winter',0,'ECON203',619),(181,'F','Winter',0,'ECON203',623),(182,'G','Winter',0,'ECON203',627),(183,'H','Winter',0,'ECON203',631),(184,'I','Winter',0,'ECON203',633),(185,'EC','Winter',0,'ECON203',635),(186,'AA','Summer1',0,'EDUC230',636),(187,'BB','Fall',0,'EDUC230',637),(188,'CC','Winter',0,'EDUC230',638),(189,'CC','Summer2',0,'ENCS483',639),(190,'DD','Fall',0,'ENCS483',640),(191,'W','Winter',0,'ENCS483',641),(192,'A','Fall',0,'GEOG203',642),(193,'AA','Winter',0,'GEOG204',643),(194,'A','Winter',0,'GEOG210',644),(195,'A','Fall',0,'GEOG220',645),(196,'A','Winter',0,'GEOG220',646),(197,'AA','Fall',0,'INST250',647),(198,'EC','Fall',0,'INST250',648),(199,'51','Winter',0,'INST250',649),(200,'EC','Winter',0,'INST250',650),(201,'A','Fall',0,'LING222',651),(202,'B','Winter',0,'LING222',652),(203,'A','Fall',0,'LING300',653),(204,'AA','Winter',0,'LING300',654),(205,'EC','Summer1',0,'POLI202',655),(206,'EC','Fall',0,'POLI202',656),(207,'EC','Winter',0,'POLI202',657),(208,'A','Fall',0,'RELI214',658),(209,'B','Winter',0,'RELI214',659),(210,'A','Winter',0,'RELI215',660),(211,'A','Fall',0,'RELI310',661),(212,'A','Fall',0,'RELI312',662),(213,'A','Winter',0,'RELI312',663),(214,'EC','Summer2',0,'SCPA201',664),(215,'A','Fall',0,'SCPA201',665),(216,'EC','Fall',0,'SCPA201',666),(217,'A','Fall',0,'SCPA215',667),(218,'A','Fall',0,'SOCI203',668),(219,'B','Fall',0,'SOCI203',681),(220,'C','Winter',0,'SOCI203',682),(221,'D','Winter',0,'SOCI203',683),(222,'A','Fall',0,'WSDB290',684),(223,'AA','Fall',0,'WSDB290',685),(224,'B','Winter',0,'WSDB290',686),(225,'A','Fall',0,'WSDB291',687),(226,'B','Winter',0,'WSDB291',688),(227,'AA','Winter',0,'WSDB291',689),(228,'A','Fall',0,'ARTH353',690),(229,'AA','Winter',0,'ARTH353',691),(230,'AA','Fall',0,'CLAS266',692),(231,'A','Winter',0,'CLAS266',693),(232,'01','Fall',0,'COMS360',694),(233,'51','Winter',0,'COMS360',695),(234,'A','Winter',0,'FLIT230',696),(235,'A','Fall',0,'FMST214',697),(236,'A','Winter',0,'FMST215',698),(237,'X','Fall',0,'HIST201',699),(238,'Y','Fall',0,'HIST201',700),(239,'XX','Fall',0,'HIST201',701),(240,'X','Winter',0,'HIST202',702),(241,'Y','Winter',0,'HIST202',703),(242,'XX','Winter',0,'HIST202',704),(243,'B','Winter',0,'HIST205',705),(244,'AA','Winter',0,'HIST205',706),(245,'A','Winter',0,'HIST281',707),(246,'A','Winter',0,'HIST283',708),(247,'AA','Summer1',0,'PHIL201',709),(248,'A','Fall',0,'PHIL201',710),(249,'B','Winter',0,'PHIL201',711),(250,'EC','Fall',0,'PHIL210',712),(251,'EC','Winter',0,'PHIL210',713),(252,'A','Fall',0,'PHIL232',714),(253,'B','Winter',0,'PHIL232',715),(254,'EC','Summer1',0,'PHIL235',716),(255,'EC','Fall',0,'PHIL235',717),(256,'EC','Winter',0,'PHIL235',718),(257,'A','Winter',0,'PHIL275',719),(258,'A','Fall',0,'PHIL330',720),(259,'A','Fall',0,'THEO202',721),(260,'A','Winter',0,'THEO202',722),(261,'EC','Summer1',0,'THEO204',723),(262,'EC','Winter',0,'THEO204',724),(263,'AA','Summer1',0,'THEO233',725),(264,'D','Fall',0,'COMP345',726),(265,'N','Fall',0,'COMP345',729),(266,'S','Winter',0,'COMP345',732),(267,'CC','Summer2',0,'COMP353',735),(268,'F','Fall',0,'COMP353',739),(269,'W','Winter',0,'COMP353',743),(270,'CC','Summer2',0,'COMP371',748),(271,'UU','Fall',0,'COMP371',752),(272,'WW','Winter',0,'COMP371',755),(273,'NN','Fall',0,'COMP426',758),(274,'FF','Fall',0,'COMP428',761),(275,'NN','Winter',0,'COMP442',766),(276,'D','Fall',0,'COMP445',769),(277,'W','Winter',0,'COMP445',772),(278,'N','Fall',0,'COMP465',775),(279,'F','Fall',0,'COMP472',777),(280,'NN','Winter',0,'COMP472',781),(281,'DD','Fall',0,'COMP473',785),(282,'UU','Winter',0,'COMP474',789),(283,'DD','Fall',0,'COMP478',793),(284,'D','Fall',0,'COMP479',796),(285,'W','Winter',0,'SOEN298',800),(286,'MM','Fall',0,'SOEN422',801),(287,'H','Fall',0,'SOEN423',805),(288,'W','Summer1',0,'ENGR411',808),(289,'BB','Summer1',0,'ENGR411',809),(290,'F','Fall',0,'ENGR411',810),(291,'W','Winter',0,'ENGR411',811),(292,'X','Winter',0,'ENGR411',812),(299,'W','Fall',0,'COMP376',832),(300,'X','Fall',0,'COMP376',836),(303,'N','Winter',0,'COMP476',848),(304,'N','Fall',0,'COMP477',852),(311,'F','Fall',0,'SOEN387',878),(312,'NN','Winter',0,'SOEN487',881),(313,'XX','Fall',0,'AERO480',884),(314,'X','Fall',0,'AERO482',892),(316,'S','Fall',0,'COEN320',894),(644,'JK','Winter',0,NULL,1824),(645,'JK','Winter',0,NULL,1825),(646,'JK','Winter',0,NULL,1826);
/*!40000 ALTER TABLE `app_lecture` ENABLE KEYS */;
UNLOCK TABLES;

--
-- Table structure for table `app_option`
--

DROP TABLE IF EXISTS `app_option`;
/*!40101 SET @saved_cs_client     = @@character_set_client */;
/*!40101 SET character_set_client = utf8 */;
CREATE TABLE `app_option` (
  `id` int(11) NOT NULL AUTO_INCREMENT,
  `name` varchar(120) NOT NULL,
  `option` int(11) NOT NULL,
  `type` int(11) NOT NULL,
  `academicprogram_id` int(11) NOT NULL,
  `course_id` varchar(120) NOT NULL,
  PRIMARY KEY (`id`),
  KEY `app_option_15134093` (`academicprogram_id`),
  KEY `app_option_ea134da7` (`course_id`),
  CONSTRAINT `app_option_course_id_5dbb5d072385a0a2_fk_app_course_deptnum` FOREIGN KEY (`course_id`) REFERENCES `app_course` (`deptnum`),
  CONSTRAINT `ap_academicprogram_id_3c4e34397a1b1019_fk_app_academicprogram_id` FOREIGN KEY (`academicprogram_id`) REFERENCES `app_academicprogram` (`id`)
) ENGINE=InnoDB DEFAULT CHARSET=latin1;
/*!40101 SET character_set_client = @saved_cs_client */;

--
-- Dumping data for table `app_option`
--

LOCK TABLES `app_option` WRITE;
/*!40000 ALTER TABLE `app_option` DISABLE KEYS */;
/*!40000 ALTER TABLE `app_option` ENABLE KEYS */;
UNLOCK TABLES;

--
-- Table structure for table `app_professor`
--

DROP TABLE IF EXISTS `app_professor`;
/*!40101 SET @saved_cs_client     = @@character_set_client */;
/*!40101 SET character_set_client = utf8 */;
CREATE TABLE `app_professor` (
  `id` int(11) NOT NULL AUTO_INCREMENT,
  `isEngineer` tinyint(1) NOT NULL,
  `user_id` int(11) NOT NULL,
  PRIMARY KEY (`id`),
  UNIQUE KEY `user_id` (`user_id`),
  CONSTRAINT `app_professor_user_id_1efa71278712eb61_fk_auth_user_id` FOREIGN KEY (`user_id`) REFERENCES `auth_user` (`id`)
) ENGINE=InnoDB DEFAULT CHARSET=latin1;
/*!40101 SET character_set_client = @saved_cs_client */;

--
-- Dumping data for table `app_professor`
--

LOCK TABLES `app_professor` WRITE;
/*!40000 ALTER TABLE `app_professor` DISABLE KEYS */;
/*!40000 ALTER TABLE `app_professor` ENABLE KEYS */;
UNLOCK TABLES;

--
-- Table structure for table `app_programdirector`
--

DROP TABLE IF EXISTS `app_programdirector`;
/*!40101 SET @saved_cs_client     = @@character_set_client */;
/*!40101 SET character_set_client = utf8 */;
CREATE TABLE `app_programdirector` (
  `id` int(11) NOT NULL AUTO_INCREMENT,
  `department` varchar(120) NOT NULL,
  `user_id` int(11) NOT NULL,
  PRIMARY KEY (`id`),
  UNIQUE KEY `user_id` (`user_id`),
  CONSTRAINT `app_programdirector_user_id_7f64a4535ad354dd_fk_auth_user_id` FOREIGN KEY (`user_id`) REFERENCES `auth_user` (`id`)
) ENGINE=InnoDB DEFAULT CHARSET=latin1;
/*!40101 SET character_set_client = @saved_cs_client */;

--
-- Dumping data for table `app_programdirector`
--

LOCK TABLES `app_programdirector` WRITE;
/*!40000 ALTER TABLE `app_programdirector` DISABLE KEYS */;
/*!40000 ALTER TABLE `app_programdirector` ENABLE KEYS */;
UNLOCK TABLES;

--
-- Table structure for table `app_schedule`
--

DROP TABLE IF EXISTS `app_schedule`;
/*!40101 SET @saved_cs_client     = @@character_set_client */;
/*!40101 SET character_set_client = utf8 */;
CREATE TABLE `app_schedule` (
  `id` int(11) NOT NULL AUTO_INCREMENT,
  PRIMARY KEY (`id`)
) ENGINE=InnoDB DEFAULT CHARSET=latin1;
/*!40101 SET character_set_client = @saved_cs_client */;

--
-- Dumping data for table `app_schedule`
--

LOCK TABLES `app_schedule` WRITE;
/*!40000 ALTER TABLE `app_schedule` DISABLE KEYS */;
/*!40000 ALTER TABLE `app_schedule` ENABLE KEYS */;
UNLOCK TABLES;

--
-- Table structure for table `app_schedule_labList`
--

DROP TABLE IF EXISTS `app_schedule_labList`;
/*!40101 SET @saved_cs_client     = @@character_set_client */;
/*!40101 SET character_set_client = utf8 */;
CREATE TABLE `app_schedule_labList` (
  `id` int(11) NOT NULL AUTO_INCREMENT,
  `schedule_id` int(11) NOT NULL,
  `lab_id` int(11) NOT NULL,
  PRIMARY KEY (`id`),
  UNIQUE KEY `schedule_id` (`schedule_id`,`lab_id`),
  KEY `app_schedule_labList_9bc70bb9` (`schedule_id`),
  KEY `app_schedule_labList_9db8e5d7` (`lab_id`),
  CONSTRAINT `app_schedule_labList_lab_id_4d6886eeefc0ab48_fk_app_lab_id` FOREIGN KEY (`lab_id`) REFERENCES `app_lab` (`id`),
  CONSTRAINT `app_schedule_lab_schedule_id_69c42bd8134bc336_fk_app_schedule_id` FOREIGN KEY (`schedule_id`) REFERENCES `app_schedule` (`id`)
) ENGINE=InnoDB DEFAULT CHARSET=latin1;
/*!40101 SET character_set_client = @saved_cs_client */;

--
-- Dumping data for table `app_schedule_labList`
--

LOCK TABLES `app_schedule_labList` WRITE;
/*!40000 ALTER TABLE `app_schedule_labList` DISABLE KEYS */;
/*!40000 ALTER TABLE `app_schedule_labList` ENABLE KEYS */;
UNLOCK TABLES;

--
-- Table structure for table `app_schedule_lectureList`
--

DROP TABLE IF EXISTS `app_schedule_lectureList`;
/*!40101 SET @saved_cs_client     = @@character_set_client */;
/*!40101 SET character_set_client = utf8 */;
CREATE TABLE `app_schedule_lectureList` (
  `id` int(11) NOT NULL AUTO_INCREMENT,
  `schedule_id` int(11) NOT NULL,
  `lecture_id` int(11) NOT NULL,
  PRIMARY KEY (`id`),
  UNIQUE KEY `schedule_id` (`schedule_id`,`lecture_id`),
  KEY `app_schedule_lectureList_9bc70bb9` (`schedule_id`),
  KEY `app_schedule_lectureList_72a11f01` (`lecture_id`),
  CONSTRAINT `app_schedule_lectur_lecture_id_5d5ca183d7c671c_fk_app_lecture_id` FOREIGN KEY (`lecture_id`) REFERENCES `app_lecture` (`id`),
  CONSTRAINT `app_schedule_lec_schedule_id_2c217c97d6eefb4b_fk_app_schedule_id` FOREIGN KEY (`schedule_id`) REFERENCES `app_schedule` (`id`)
) ENGINE=InnoDB DEFAULT CHARSET=latin1;
/*!40101 SET character_set_client = @saved_cs_client */;

--
-- Dumping data for table `app_schedule_lectureList`
--

LOCK TABLES `app_schedule_lectureList` WRITE;
/*!40000 ALTER TABLE `app_schedule_lectureList` DISABLE KEYS */;
/*!40000 ALTER TABLE `app_schedule_lectureList` ENABLE KEYS */;
UNLOCK TABLES;

--
-- Table structure for table `app_schedule_tutorialList`
--

DROP TABLE IF EXISTS `app_schedule_tutorialList`;
/*!40101 SET @saved_cs_client     = @@character_set_client */;
/*!40101 SET character_set_client = utf8 */;
CREATE TABLE `app_schedule_tutorialList` (
  `id` int(11) NOT NULL AUTO_INCREMENT,
  `schedule_id` int(11) NOT NULL,
  `tutorial_id` int(11) NOT NULL,
  PRIMARY KEY (`id`),
  UNIQUE KEY `schedule_id` (`schedule_id`,`tutorial_id`),
  KEY `app_schedule_tutorialList_9bc70bb9` (`schedule_id`),
  KEY `app_schedule_tutorialList_b6fbbedb` (`tutorial_id`),
  CONSTRAINT `app_schedule_tut_tutorial_id_74c3b4570b479e98_fk_app_tutorial_id` FOREIGN KEY (`tutorial_id`) REFERENCES `app_tutorial` (`id`),
  CONSTRAINT `app_schedule_tut_schedule_id_7d374bb389559d93_fk_app_schedule_id` FOREIGN KEY (`schedule_id`) REFERENCES `app_schedule` (`id`)
) ENGINE=InnoDB DEFAULT CHARSET=latin1;
/*!40101 SET character_set_client = @saved_cs_client */;

--
-- Dumping data for table `app_schedule_tutorialList`
--

LOCK TABLES `app_schedule_tutorialList` WRITE;
/*!40000 ALTER TABLE `app_schedule_tutorialList` DISABLE KEYS */;
/*!40000 ALTER TABLE `app_schedule_tutorialList` ENABLE KEYS */;
UNLOCK TABLES;

--
-- Table structure for table `app_student`
--

DROP TABLE IF EXISTS `app_student`;
/*!40101 SET @saved_cs_client     = @@character_set_client */;
/*!40101 SET character_set_client = utf8 */;
CREATE TABLE `app_student` (
  `id` int(11) NOT NULL AUTO_INCREMENT,
  `homephone` int(11) NOT NULL,
  `cellphone` int(11) NOT NULL,
  `address` varchar(120) NOT NULL,
  `user_id` int(11) NOT NULL,
  `IDNumber` int(11) NOT NULL,
  `academicRecord_id` int(11),
  PRIMARY KEY (`id`),
  UNIQUE KEY `user_id` (`user_id`),
  UNIQUE KEY `academicRecord_id` (`academicRecord_id`),
  CONSTRAINT `app_s_academicRecord_id_20040c43834228a9_fk_app_studentrecord_id` FOREIGN KEY (`academicRecord_id`) REFERENCES `app_studentrecord` (`id`),
  CONSTRAINT `app_student_user_id_4bfd19fa07e8f264_fk_auth_user_id` FOREIGN KEY (`user_id`) REFERENCES `auth_user` (`id`)
) ENGINE=InnoDB DEFAULT CHARSET=latin1;
/*!40101 SET character_set_client = @saved_cs_client */;

--
-- Dumping data for table `app_student`
--

LOCK TABLES `app_student` WRITE;
/*!40000 ALTER TABLE `app_student` DISABLE KEYS */;
/*!40000 ALTER TABLE `app_student` ENABLE KEYS */;
UNLOCK TABLES;

--
-- Table structure for table `app_studentrecord`
--

DROP TABLE IF EXISTS `app_studentrecord`;
/*!40101 SET @saved_cs_client     = @@character_set_client */;
/*!40101 SET character_set_client = utf8 */;
CREATE TABLE `app_studentrecord` (
  `id` int(11) NOT NULL AUTO_INCREMENT,
  `GPA` double NOT NULL,
  `currentStanding` varchar(120) NOT NULL,
  `currentCredits` double NOT NULL,
  `remainingCredits` double NOT NULL,
  `academicProgram_id` int(11) DEFAULT NULL,
  `mainSchedule_id` int(11),
  PRIMARY KEY (`id`),
  KEY `app_studentrecord_5f4ad74d` (`academicProgram_id`),
  KEY `app_studentrecord_d09c72f3` (`mainSchedule_id`),
  CONSTRAINT `app_studentr_mainSchedule_id_1dace7017c98894e_fk_app_schedule_id` FOREIGN KEY (`mainSchedule_id`) REFERENCES `app_schedule` (`id`),
  CONSTRAINT `ap_academicProgram_id_5281f9861a887dd5_fk_app_academicprogram_id` FOREIGN KEY (`academicProgram_id`) REFERENCES `app_academicprogram` (`id`)
) ENGINE=InnoDB DEFAULT CHARSET=latin1;
/*!40101 SET character_set_client = @saved_cs_client */;

--
-- Dumping data for table `app_studentrecord`
--

LOCK TABLES `app_studentrecord` WRITE;
/*!40000 ALTER TABLE `app_studentrecord` DISABLE KEYS */;
/*!40000 ALTER TABLE `app_studentrecord` ENABLE KEYS */;
UNLOCK TABLES;

--
-- Table structure for table `app_studentrecord_coursesTaken`
--

DROP TABLE IF EXISTS `app_studentrecord_coursesTaken`;
/*!40101 SET @saved_cs_client     = @@character_set_client */;
/*!40101 SET character_set_client = utf8 */;
CREATE TABLE `app_studentrecord_coursesTaken` (
  `id` int(11) NOT NULL AUTO_INCREMENT,
  `studentrecord_id` int(11) NOT NULL,
  `course_id` varchar(120) NOT NULL,
  PRIMARY KEY (`id`),
  UNIQUE KEY `studentrecord_id` (`studentrecord_id`,`course_id`),
  KEY `app_studentrecord_coursesTaken_e2d76079` (`studentrecord_id`),
  KEY `app_studentrecord_coursesTaken_ea134da7` (`course_id`),
  CONSTRAINT `app_studentreco_course_id_208451b1bbf10c0a_fk_app_course_deptnum` FOREIGN KEY (`course_id`) REFERENCES `app_course` (`deptnum`),
  CONSTRAINT `app_st_studentrecord_id_256c5445710009a4_fk_app_studentrecord_id` FOREIGN KEY (`studentrecord_id`) REFERENCES `app_studentrecord` (`id`)
) ENGINE=InnoDB DEFAULT CHARSET=latin1;
/*!40101 SET character_set_client = @saved_cs_client */;

--
-- Dumping data for table `app_studentrecord_coursesTaken`
--

LOCK TABLES `app_studentrecord_coursesTaken` WRITE;
/*!40000 ALTER TABLE `app_studentrecord_coursesTaken` DISABLE KEYS */;
/*!40000 ALTER TABLE `app_studentrecord_coursesTaken` ENABLE KEYS */;
UNLOCK TABLES;

--
-- Table structure for table `app_studentrecord_registeredCourses`
--

DROP TABLE IF EXISTS `app_studentrecord_registeredCourses`;
/*!40101 SET @saved_cs_client     = @@character_set_client */;
/*!40101 SET character_set_client = utf8 */;
CREATE TABLE `app_studentrecord_registeredCourses` (
  `id` int(11) NOT NULL AUTO_INCREMENT,
  `studentrecord_id` int(11) NOT NULL,
  `course_id` varchar(120) NOT NULL,
  PRIMARY KEY (`id`),
  UNIQUE KEY `studentrecord_id` (`studentrecord_id`,`course_id`),
  KEY `app_studentrecord_registeredCourses_e2d76079` (`studentrecord_id`),
  KEY `app_studentrecord_registeredCourses_ea134da7` (`course_id`),
  CONSTRAINT `app_studentreco_course_id_725c0f37e92b0b5c_fk_app_course_deptnum` FOREIGN KEY (`course_id`) REFERENCES `app_course` (`deptnum`),
  CONSTRAINT `app_st_studentrecord_id_6539f0c0204b4c82_fk_app_studentrecord_id` FOREIGN KEY (`studentrecord_id`) REFERENCES `app_studentrecord` (`id`)
) ENGINE=InnoDB DEFAULT CHARSET=latin1;
/*!40101 SET character_set_client = @saved_cs_client */;

--
-- Dumping data for table `app_studentrecord_registeredCourses`
--

LOCK TABLES `app_studentrecord_registeredCourses` WRITE;
/*!40000 ALTER TABLE `app_studentrecord_registeredCourses` DISABLE KEYS */;
/*!40000 ALTER TABLE `app_studentrecord_registeredCourses` ENABLE KEYS */;
UNLOCK TABLES;

--
-- Table structure for table `app_studentrecord_scheduleCache`
--

DROP TABLE IF EXISTS `app_studentrecord_scheduleCache`;
/*!40101 SET @saved_cs_client     = @@character_set_client */;
/*!40101 SET character_set_client = utf8 */;
CREATE TABLE `app_studentrecord_scheduleCache` (
  `id` int(11) NOT NULL AUTO_INCREMENT,
  `studentrecord_id` int(11) NOT NULL,
  `schedule_id` int(11) NOT NULL,
  PRIMARY KEY (`id`),
  UNIQUE KEY `studentrecord_id` (`studentrecord_id`,`schedule_id`),
  KEY `app_studentrecord_scheduleCache_e2d76079` (`studentrecord_id`),
  KEY `app_studentrecord_scheduleCache_9bc70bb9` (`schedule_id`),
  CONSTRAINT `app_studentrecor_schedule_id_3648ae3e9f422119_fk_app_schedule_id` FOREIGN KEY (`schedule_id`) REFERENCES `app_schedule` (`id`),
  CONSTRAINT `app_st_studentrecord_id_19d03a7817e596db_fk_app_studentrecord_id` FOREIGN KEY (`studentrecord_id`) REFERENCES `app_studentrecord` (`id`)
) ENGINE=InnoDB DEFAULT CHARSET=latin1;
/*!40101 SET character_set_client = @saved_cs_client */;

--
-- Dumping data for table `app_studentrecord_scheduleCache`
--

LOCK TABLES `app_studentrecord_scheduleCache` WRITE;
/*!40000 ALTER TABLE `app_studentrecord_scheduleCache` DISABLE KEYS */;
/*!40000 ALTER TABLE `app_studentrecord_scheduleCache` ENABLE KEYS */;
UNLOCK TABLES;

--
-- Table structure for table `app_tutorial`
--

DROP TABLE IF EXISTS `app_tutorial`;
/*!40101 SET @saved_cs_client     = @@character_set_client */;
/*!40101 SET character_set_client = utf8 */;
CREATE TABLE `app_tutorial` (
  `id` int(11) NOT NULL AUTO_INCREMENT,
  `section` varchar(120) NOT NULL,
  `course_id` varchar(120) DEFAULT NULL,
  `event_id` int(11) DEFAULT NULL,
  `lecture_id` int(11) DEFAULT NULL,
  PRIMARY KEY (`id`),
  UNIQUE KEY `event_id` (`event_id`),
  UNIQUE KEY `app_tutorial_section_19260cc9_uniq` (`section`,`course_id`,`lecture_id`),
  KEY `app_tutorial_ea134da7` (`course_id`),
  KEY `app_tutorial_72a11f01` (`lecture_id`),
  CONSTRAINT `app_tutorial_lecture_id_166f8d8d_fk_app_lecture_id` FOREIGN KEY (`lecture_id`) REFERENCES `app_lecture` (`id`),
  CONSTRAINT `app_tutorial_course_id_70488c2f_fk_app_course_deptnum` FOREIGN KEY (`course_id`) REFERENCES `app_course` (`deptnum`),
  CONSTRAINT `app_tutorial_event_id_4efab0d7_fk_app_event_id` FOREIGN KEY (`event_id`) REFERENCES `app_event` (`id`)
) ENGINE=InnoDB AUTO_INCREMENT=795 DEFAULT CHARSET=latin1;
/*!40101 SET character_set_client = @saved_cs_client */;

--
-- Dumping data for table `app_tutorial`
--

LOCK TABLES `app_tutorial` WRITE;
/*!40000 ALTER TABLE `app_tutorial` DISABLE KEYS */;
INSERT INTO `app_tutorial` VALUES (1,'CE','ELEC275',2,1),(2,'CF','ELEC275',5,1),(3,'TA','ELEC275',9,2),(4,'VA','ELEC275',14,3),(5,'VB','ELEC275',17,3),(6,'JA','ELEC275',21,4),(7,'JB','ELEC275',25,4),(8,'AI','ENCS282',30,5),(9,'AJ','ENCS282',31,5),(10,'AK','ENCS282',32,5),(11,'AL','ENCS282',34,6),(12,'AM','ENCS282',35,6),(13,'AN','ENCS282',36,6),(14,'CM','ENCS282',38,7),(15,'CN','ENCS282',39,7),(16,'CO','ENCS282',40,7),(17,'AL','ENCS282',42,8),(18,'AM','ENCS282',43,8),(19,'AN','ENCS282',44,8),(20,'AO','ENCS282',45,8),(21,'BA','ENCS282',47,9),(22,'BB','ENCS282',48,9),(23,'BC','ENCS282',49,9),(24,'BD','ENCS282',50,9),(25,'BN','ENCS282',52,10),(26,'BO','ENCS282',53,10),(27,'BP','ENCS282',54,10),(28,'BQ','ENCS282',55,10),(29,'YA','ENCS282',57,11),(30,'YB','ENCS282',58,11),(31,'YC','ENCS282',59,11),(32,'YD','ENCS282',60,11),(33,'EN','ENCS282',62,12),(34,'EO','ENCS282',63,12),(35,'EP','ENCS282',64,12),(36,'EQ','ENCS282',65,12),(37,'ER','ENCS282',66,12),(38,'AB','ENGR201',68,13),(39,'AC','ENGR201',69,13),(40,'AD','ENGR201',70,13),(41,'AF','ENGR201',71,13),(42,'GA','ENGR201',73,14),(43,'GB','ENGR201',74,14),(44,'GC','ENGR201',75,14),(45,'GD','ENGR201',76,14),(46,'HA','ENGR201',78,15),(47,'HB','ENGR201',79,15),(48,'HC','ENGR201',80,15),(49,'HD','ENGR201',81,15),(50,'QA','ENGR201',83,16),(51,'QB','ENGR201',84,16),(52,'QE','ENGR201',85,16),(53,'QF','ENGR201',86,16),(54,'EA','ENGR201',88,17),(55,'EB','ENGR201',89,17),(56,'EC','ENGR201',90,17),(57,'ED','ENGR201',91,17),(58,'AE','ENGR213',98,23),(59,'AF','ENGR213',99,23),(60,'PA','ENGR213',101,24),(61,'PB','ENGR213',102,24),(62,'RA','ENGR213',104,25),(63,'RB','ENGR213',105,25),(64,'TA','ENGR213',107,26),(65,'TB','ENGR213',108,26),(66,'UA','ENGR213',110,27),(67,'UB','ENGR213',111,27),(68,'VA','ENGR213',113,28),(69,'VB','ENGR213',114,28),(70,'XA','ENGR213',116,29),(71,'XB','ENGR213',117,29),(72,'XE','ENGR213',119,30),(73,'XF','ENGR213',120,30),(74,'FA','ENGR213',122,31),(75,'FB','ENGR213',123,31),(76,'FC','ENGR213',124,31),(77,'FD','ENGR213',125,31),(78,'FE','ENGR213',126,31),(79,'GA','ENGR213',128,32),(80,'GB','ENGR213',129,32),(81,'GC','ENGR213',130,32),(82,'GD','ENGR213',131,32),(83,'GE','ENGR213',132,32),(84,'GF','ENGR213',133,32),(85,'JA','ENGR213',135,33),(86,'JB','ENGR213',136,33),(87,'JC','ENGR213',137,33),(88,'JD','ENGR213',138,33),(89,'CD','ENGR233',140,34),(90,'CE','ENGR233',141,34),(91,'CF','ENGR233',142,34),(92,'CG','ENGR233',143,34),(93,'CH','ENGR233',144,34),(94,'PA','ENGR233',146,35),(95,'PB','ENGR233',147,35),(96,'QA','ENGR233',149,36),(97,'QB','ENGR233',150,36),(98,'JA','ENGR233',152,37),(99,'JB','ENGR233',153,37),(100,'JC','ENGR233',154,37),(101,'RA','ENGR233',156,38),(102,'RB','ENGR233',157,38),(103,'RC','ENGR233',158,38),(104,'SA','ENGR233',160,39),(105,'SB','ENGR233',161,39),(106,'SC','ENGR233',162,39),(107,'TA','ENGR233',164,40),(108,'TB','ENGR233',165,40),(109,'TC','ENGR233',166,40),(110,'UA','ENGR233',168,41),(111,'UB','ENGR233',169,41),(112,'UC','ENGR233',170,41),(113,'VA','ENGR233',172,42),(114,'VB','ENGR233',173,42),(115,'VC','ENGR233',174,42),(116,'XA','ENGR233',176,43),(117,'XB','ENGR233',177,43),(118,'XC','ENGR233',178,43),(119,'AE','ENGR301',180,44),(120,'AF','ENGR301',181,44),(121,'AG','ENGR301',182,44),(122,'AH','ENGR301',183,44),(123,'AI','ENGR301',185,45),(124,'AJ','ENGR301',186,45),(125,'AK','ENGR301',187,45),(126,'AL','ENGR301',188,45),(127,'GA','ENGR301',190,46),(128,'GB','ENGR301',191,46),(129,'GC','ENGR301',192,46),(130,'GD','ENGR301',193,46),(131,'HA','ENGR301',195,47),(132,'HB','ENGR301',196,47),(133,'HC','ENGR301',197,47),(134,'HD','ENGR301',198,47),(135,'FA','ENGR301',200,48),(136,'FB','ENGR301',201,48),(137,'FC','ENGR301',202,48),(138,'FD','ENGR301',203,48),(139,'IA','ENGR301',205,49),(140,'IB','ENGR301',206,49),(141,'IC','ENGR301',207,49),(142,'ID','ENGR301',208,49),(143,'RA','ENGR301',210,50),(144,'RB','ENGR301',211,50),(145,'RC','ENGR301',212,50),(146,'RD','ENGR301',213,50),(147,'SA','ENGR301',215,51),(148,'SB','ENGR301',216,51),(149,'SC','ENGR301',217,51),(150,'SD','ENGR301',218,51),(151,'CE','ENGR371',220,52),(152,'CF','ENGR371',221,52),(153,'CG','ENGR371',222,52),(154,'CE','ENGR371',224,53),(155,'CF','ENGR371',225,53),(156,'CG','ENGR371',226,53),(157,'RA','ENGR371',228,54),(158,'RB','ENGR371',229,54),(159,'SA','ENGR371',231,55),(160,'SB','ENGR371',232,55),(161,'FA','ENGR371',234,56),(162,'FB','ENGR371',235,56),(163,'TA','ENGR371',237,57),(164,'TB','ENGR371',238,57),(165,'WA','ENGR371',240,58),(166,'WB','ENGR371',241,58),(167,'UA','ENGR371',243,59),(168,'UB','ENGR371',244,59),(169,'HA','SOEN228',255,69),(170,'HB','SOEN228',258,69),(171,'HC','SOEN228',261,69),(172,'DA','SOEN228',265,70),(173,'DB','SOEN228',268,70),(174,'CE','SOEN287',273,71),(175,'CF','SOEN287',274,71),(176,'QA','SOEN287',276,72),(177,'QB','SOEN287',277,72),(178,'SA','SOEN287',279,73),(179,'SB','SOEN287',280,73),(180,'UA','SOEN287',282,74),(181,'UB','SOEN287',283,74),(182,'UC','SOEN287',284,74),(183,'UD','SOEN287',285,74),(184,'GA','SOEN321',287,75),(185,'GB','SOEN321',288,75),(186,'UA','SOEN331',290,76),(187,'UB','SOEN331',291,76),(188,'HA','SOEN341',293,77),(189,'HB','SOEN341',294,77),(190,'SA','SOEN341',296,78),(191,'SB','SOEN341',297,78),(192,'SC','SOEN341',298,78),(193,'HA','SOEN342',300,79),(194,'HB','SOEN342',301,79),(195,'HA','SOEN343',303,80),(196,'HB','SOEN343',304,80),(197,'SA','SOEN344',306,81),(198,'SA','SOEN345',308,82),(199,'SB','SOEN345',309,82),(200,'SA','SOEN357',311,83),(201,'FA','SOEN384',313,84),(202,'SA','SOEN385',315,85),(203,'SB','SOEN385',316,85),(204,'SC','SOEN385',317,85),(205,'SA','SOEN390',319,86),(206,'SB','SOEN390',321,86),(207,'AE','COMP232',327,88),(208,'QA','COMP232',329,89),(209,'QB','COMP232',330,89),(210,'RA','COMP232',332,90),(211,'RB','COMP232',333,90),(212,'DA','COMP232',335,91),(213,'DB','COMP232',336,91),(214,'SA','COMP232',338,92),(215,'SB','COMP232',339,92),(216,'NA','COMP232',341,93),(217,'NB','COMP232',342,93),(218,'AE','COMP248',344,94),(219,'AF','COMP248',345,94),(220,'AG','COMP248',346,94),(221,'QA','COMP248',348,95),(222,'QB','COMP248',349,95),(223,'QC','COMP248',350,95),(224,'QD','COMP248',351,95),(225,'RA','COMP248',353,96),(226,'RB','COMP248',354,96),(227,'RC','COMP248',355,96),(228,'EA','COMP248',357,97),(229,'EB','COMP248',358,97),(230,'EC','COMP248',359,97),(231,'UA','COMP248',361,98),(232,'UB','COMP248',362,98),(233,'WA','COMP248',364,99),(234,'WB','COMP248',365,99),(235,'CE','COMP249',367,100),(236,'CF','COMP249',368,100),(237,'DA','COMP249',370,101),(238,'DB','COMP249',371,101),(239,'SA','COMP249',373,102),(240,'SB','COMP249',374,102),(241,'UA','COMP249',376,103),(242,'UB','COMP249',377,103),(243,'PA','COMP249',379,104),(244,'PB','COMP249',380,104),(245,'PC','COMP249',381,104),(246,'PD','COMP249',382,104),(247,'AE','COMP335',384,105),(248,'AF','COMP335',385,105),(249,'EA','COMP335',387,106),(250,'EB','COMP335',388,106),(251,'GA','COMP335',390,107),(252,'NA','COMP335',392,108),(253,'CA','COMP346',394,109),(254,'CB','COMP346',396,109),(255,'DA','COMP346',399,110),(256,'DB','COMP346',401,110),(257,'NA','COMP346',404,111),(258,'NB','COMP346',406,111),(259,'WA','COMP346',409,112),(260,'WB','COMP346',411,112),(261,'CE','COMP348',414,113),(262,'CF','COMP348',415,113),(263,'CG','COMP348',416,113),(264,'UA','COMP348',418,114),(265,'UB','COMP348',419,114),(266,'DA','COMP348',421,115),(267,'DB','COMP348',422,115),(268,'EI','COMP348',424,116),(269,'EJ','COMP348',425,116),(270,'AE','COMP352',427,117),(271,'AF','COMP352',428,117),(272,'GA','COMP352',430,118),(273,'GB','COMP352',431,118),(274,'GC','COMP352',432,118),(275,'HA','COMP352',434,119),(276,'HB','COMP352',435,119),(277,'XA','COMP352',437,120),(278,'XB','COMP352',438,120),(279,'AE','ENGR391',440,121),(280,'AF','ENGR391',441,121),(281,'CE','ENGR391',443,122),(282,'CF','ENGR391',444,122),(283,'FA','ENGR391',446,123),(284,'FB','ENGR391',447,123),(285,'MA','ENGR391',449,124),(286,'MB','ENGR391',450,124),(287,'MC','ENGR391',451,124),(288,'SA','ENGR391',453,125),(289,'SB','ENGR391',454,125),(290,'VA','ENGR391',456,126),(291,'VB','ENGR391',457,126),(292,'XA','ENGR391',459,127),(293,'XB','ENGR391',460,127),(294,'UA','ENGR391',462,128),(295,'UB','ENGR391',463,128),(296,'DA','COMP361',465,129),(297,'NA','COMP361',467,130),(298,'01','BIOL261',472,134),(299,'02','BIOL261',473,134),(300,'03','BIOL261',474,134),(301,'04','BIOL261',475,134),(302,'05','BIOL261',476,134),(303,'06','BIOL261',477,134),(304,'07','BIOL261',478,134),(305,'08','BIOL261',479,134),(306,'01','BIOL261',481,135),(307,'02','BIOL261',482,135),(308,'03','BIOL261',483,135),(309,'04','BIOL261',484,135),(310,'05','BIOL261',485,135),(311,'06','BIOL261',486,135),(312,'07','BIOL261',488,136),(313,'08','BIOL261',489,136),(314,'09','BIOL261',490,136),(315,'10','BIOL261',491,136),(316,'A','ANTH202',555,155),(317,'B','ANTH202',556,155),(318,'C','ANTH202',557,155),(319,'D','ANTH202',558,155),(320,'E','ANTH202',559,155),(321,'F','ANTH202',560,155),(322,'G','ANTH202',561,155),(323,'H','ANTH202',562,155),(324,'A','ECON201',568,160),(325,'B','ECON201',569,160),(326,'C','ECON201',570,160),(327,'A','ECON201',572,161),(328,'B','ECON201',573,161),(329,'C','ECON201',574,161),(330,'A','ECON201',576,162),(331,'B','ECON201',577,162),(332,'C','ECON201',578,162),(333,'A','ECON201',580,163),(334,'B','ECON201',581,163),(335,'C','ECON201',582,163),(336,'A','ECON201',584,164),(337,'A','ECON201',586,165),(338,'A','ECON201',589,167),(339,'B','ECON201',590,167),(340,'C','ECON201',591,167),(341,'A','ECON201',593,168),(342,'B','ECON201',594,168),(343,'C','ECON201',595,168),(344,'A','ECON201',597,169),(345,'A','ECON201',599,170),(346,'A','ECON201',601,171),(347,'A','ECON201',603,172),(348,'A','ECON203',607,175),(349,'B','ECON203',608,175),(350,'C','ECON203',609,175),(351,'A','ECON203',611,176),(352,'B','ECON203',612,176),(353,'C','ECON203',613,176),(354,'A','ECON203',615,177),(355,'A','ECON203',617,178),(356,'A','ECON203',620,180),(357,'B','ECON203',621,180),(358,'C','ECON203',622,180),(359,'A','ECON203',624,181),(360,'B','ECON203',625,181),(361,'C','ECON203',626,181),(362,'A','ECON203',628,182),(363,'B','ECON203',629,182),(364,'C','ECON203',630,182),(365,'A','ECON203',632,183),(366,'A','ECON203',634,184),(367,'A','SOCI203',669,218),(368,'B','SOCI203',670,218),(369,'C','SOCI203',671,218),(370,'D','SOCI203',672,218),(371,'E','SOCI203',673,218),(372,'F','SOCI203',674,218),(373,'G','SOCI203',675,218),(374,'H','SOCI203',676,218),(375,'I','SOCI203',677,218),(376,'J','SOCI203',678,218),(377,'K','SOCI203',679,218),(378,'L','SOCI203',680,218),(379,'CE','COMP353',736,267),(380,'FA','COMP353',740,268),(381,'WA','COMP353',744,269),(382,'WB','COMP353',746,269),(383,'FA','COMP428',762,274),(384,'FB','COMP428',764,274),(385,'NA','COMP465',776,278),(386,'ME','SOEN422',802,286),(387,'HA','SOEN423',806,287),(392,'FA','SOEN387',879,311),(393,'FB','SOEN387',880,311),(394,'NA','SOEN487',882,312),(395,'SA','COEN320',895,316);
/*!40000 ALTER TABLE `app_tutorial` ENABLE KEYS */;
UNLOCK TABLES;

--
-- Table structure for table `auth_group`
--

DROP TABLE IF EXISTS `auth_group`;
/*!40101 SET @saved_cs_client     = @@character_set_client */;
/*!40101 SET character_set_client = utf8 */;
CREATE TABLE `auth_group` (
  `id` int(11) NOT NULL AUTO_INCREMENT,
  `name` varchar(80) NOT NULL,
  PRIMARY KEY (`id`),
  UNIQUE KEY `name` (`name`)
) ENGINE=InnoDB DEFAULT CHARSET=latin1;
/*!40101 SET character_set_client = @saved_cs_client */;

--
-- Dumping data for table `auth_group`
--

LOCK TABLES `auth_group` WRITE;
/*!40000 ALTER TABLE `auth_group` DISABLE KEYS */;
/*!40000 ALTER TABLE `auth_group` ENABLE KEYS */;
UNLOCK TABLES;

--
-- Table structure for table `auth_group_permissions`
--

DROP TABLE IF EXISTS `auth_group_permissions`;
/*!40101 SET @saved_cs_client     = @@character_set_client */;
/*!40101 SET character_set_client = utf8 */;
CREATE TABLE `auth_group_permissions` (
  `id` int(11) NOT NULL AUTO_INCREMENT,
  `group_id` int(11) NOT NULL,
  `permission_id` int(11) NOT NULL,
  PRIMARY KEY (`id`),
  UNIQUE KEY `group_id` (`group_id`,`permission_id`),
  KEY `auth_group_permissions_0e939a4f` (`group_id`),
  KEY `auth_group_permissions_8373b171` (`permission_id`),
  CONSTRAINT `auth_group_permission_group_id_6a73295befdf3d06_fk_auth_group_id` FOREIGN KEY (`group_id`) REFERENCES `auth_group` (`id`),
  CONSTRAINT `auth_group__permission_id_41019b8511f30c61_fk_auth_permission_id` FOREIGN KEY (`permission_id`) REFERENCES `auth_permission` (`id`)
) ENGINE=InnoDB DEFAULT CHARSET=latin1;
/*!40101 SET character_set_client = @saved_cs_client */;

--
-- Dumping data for table `auth_group_permissions`
--

LOCK TABLES `auth_group_permissions` WRITE;
/*!40000 ALTER TABLE `auth_group_permissions` DISABLE KEYS */;
/*!40000 ALTER TABLE `auth_group_permissions` ENABLE KEYS */;
UNLOCK TABLES;

--
-- Table structure for table `auth_permission`
--

DROP TABLE IF EXISTS `auth_permission`;
/*!40101 SET @saved_cs_client     = @@character_set_client */;
/*!40101 SET character_set_client = utf8 */;
CREATE TABLE `auth_permission` (
  `id` int(11) NOT NULL AUTO_INCREMENT,
  `name` varchar(50) NOT NULL,
  `content_type_id` int(11) NOT NULL,
  `codename` varchar(100) NOT NULL,
  PRIMARY KEY (`id`),
  UNIQUE KEY `content_type_id` (`content_type_id`,`codename`),
  KEY `auth_permission_417f1b1c` (`content_type_id`),
  CONSTRAINT `auth__content_type_id_78b0d12cfe9cfbee_fk_django_content_type_id` FOREIGN KEY (`content_type_id`) REFERENCES `django_content_type` (`id`)
) ENGINE=InnoDB AUTO_INCREMENT=70 DEFAULT CHARSET=latin1;
/*!40101 SET character_set_client = @saved_cs_client */;

--
-- Dumping data for table `auth_permission`
--

LOCK TABLES `auth_permission` WRITE;
/*!40000 ALTER TABLE `auth_permission` DISABLE KEYS */;
INSERT INTO `auth_permission` VALUES (1,'Can add log entry',1,'add_logentry'),(2,'Can change log entry',1,'change_logentry'),(3,'Can delete log entry',1,'delete_logentry'),(4,'Can add permission',2,'add_permission'),(5,'Can change permission',2,'change_permission'),(6,'Can delete permission',2,'delete_permission'),(7,'Can add group',3,'add_group'),(8,'Can change group',3,'change_group'),(9,'Can delete group',3,'delete_group'),(10,'Can add user',4,'add_user'),(11,'Can change user',4,'change_user'),(12,'Can delete user',4,'delete_user'),(13,'Can add content type',5,'add_contenttype'),(14,'Can change content type',5,'change_contenttype'),(15,'Can delete content type',5,'delete_contenttype'),(16,'Can add session',6,'add_session'),(17,'Can change session',6,'change_session'),(18,'Can delete session',6,'delete_session'),(55,'Can add course',14,'add_course'),(56,'Can change course',14,'change_course'),(57,'Can delete course',14,'delete_course'),(58,'Can add event',18,'add_event'),(59,'Can change event',18,'change_event'),(60,'Can delete event',18,'delete_event'),(61,'Can add lecture',15,'add_lecture'),(62,'Can change lecture',15,'change_lecture'),(63,'Can delete lecture',15,'delete_lecture'),(64,'Can add tutorial',16,'add_tutorial'),(65,'Can change tutorial',16,'change_tutorial'),(66,'Can delete tutorial',16,'delete_tutorial'),(67,'Can add lab',17,'add_lab'),(68,'Can change lab',17,'change_lab'),(69,'Can delete lab',17,'delete_lab');
/*!40000 ALTER TABLE `auth_permission` ENABLE KEYS */;
UNLOCK TABLES;

--
-- Table structure for table `auth_user`
--

DROP TABLE IF EXISTS `auth_user`;
/*!40101 SET @saved_cs_client     = @@character_set_client */;
/*!40101 SET character_set_client = utf8 */;
CREATE TABLE `auth_user` (
  `id` int(11) NOT NULL AUTO_INCREMENT,
  `password` varchar(128) NOT NULL,
  `last_login` datetime NOT NULL,
  `is_superuser` tinyint(1) NOT NULL,
  `username` varchar(30) NOT NULL,
  `first_name` varchar(30) NOT NULL,
  `last_name` varchar(30) NOT NULL,
  `email` varchar(75) NOT NULL,
  `is_staff` tinyint(1) NOT NULL,
  `is_active` tinyint(1) NOT NULL,
  `date_joined` datetime NOT NULL,
  PRIMARY KEY (`id`),
  UNIQUE KEY `username` (`username`)
) ENGINE=InnoDB AUTO_INCREMENT=4 DEFAULT CHARSET=latin1;
/*!40101 SET character_set_client = @saved_cs_client */;

--
-- Dumping data for table `auth_user`
--

LOCK TABLES `auth_user` WRITE;
/*!40000 ALTER TABLE `auth_user` DISABLE KEYS */;
INSERT INTO `auth_user` VALUES (1,'pbkdf2_sha256$15000$VhTmrZcSGSl2$UiIveGXkAqbOfgT1rQpRU0UmhMSyhXidhFrwpTNySg8=','2015-03-22 22:58:22',1,'foxtrot','','','sniperjefz@hotmail.com',1,1,'2015-02-15 23:01:36'),(3,'pbkdf2_sha256$15000$H2sO9WqJX0yQ$6j6eGRMrF7evRP+9l3pd1YxwFHyajtaeIz/LFLVFD0s=','2015-03-29 21:35:26',1,'root','','','',1,1,'2015-02-26 01:00:04');
/*!40000 ALTER TABLE `auth_user` ENABLE KEYS */;
UNLOCK TABLES;

--
-- Table structure for table `auth_user_groups`
--

DROP TABLE IF EXISTS `auth_user_groups`;
/*!40101 SET @saved_cs_client     = @@character_set_client */;
/*!40101 SET character_set_client = utf8 */;
CREATE TABLE `auth_user_groups` (
  `id` int(11) NOT NULL AUTO_INCREMENT,
  `user_id` int(11) NOT NULL,
  `group_id` int(11) NOT NULL,
  PRIMARY KEY (`id`),
  UNIQUE KEY `user_id` (`user_id`,`group_id`),
  KEY `auth_user_groups_e8701ad4` (`user_id`),
  KEY `auth_user_groups_0e939a4f` (`group_id`),
  CONSTRAINT `auth_user_groups_group_id_7aeb9d00d1d19f8f_fk_auth_group_id` FOREIGN KEY (`group_id`) REFERENCES `auth_group` (`id`),
  CONSTRAINT `auth_user_groups_user_id_48d8aa830435280c_fk_auth_user_id` FOREIGN KEY (`user_id`) REFERENCES `auth_user` (`id`)
) ENGINE=InnoDB DEFAULT CHARSET=latin1;
/*!40101 SET character_set_client = @saved_cs_client */;

--
-- Dumping data for table `auth_user_groups`
--

LOCK TABLES `auth_user_groups` WRITE;
/*!40000 ALTER TABLE `auth_user_groups` DISABLE KEYS */;
/*!40000 ALTER TABLE `auth_user_groups` ENABLE KEYS */;
UNLOCK TABLES;

--
-- Table structure for table `auth_user_user_permissions`
--

DROP TABLE IF EXISTS `auth_user_user_permissions`;
/*!40101 SET @saved_cs_client     = @@character_set_client */;
/*!40101 SET character_set_client = utf8 */;
CREATE TABLE `auth_user_user_permissions` (
  `id` int(11) NOT NULL AUTO_INCREMENT,
  `user_id` int(11) NOT NULL,
  `permission_id` int(11) NOT NULL,
  PRIMARY KEY (`id`),
  UNIQUE KEY `user_id` (`user_id`,`permission_id`),
  KEY `auth_user_user_permissions_e8701ad4` (`user_id`),
  KEY `auth_user_user_permissions_8373b171` (`permission_id`),
  CONSTRAINT `auth_user_user_permissi_user_id_62435a95d3f27026_fk_auth_user_id` FOREIGN KEY (`user_id`) REFERENCES `auth_user` (`id`),
  CONSTRAINT `auth_user_u_permission_id_2d74ae2dc57d2962_fk_auth_permission_id` FOREIGN KEY (`permission_id`) REFERENCES `auth_permission` (`id`)
) ENGINE=InnoDB DEFAULT CHARSET=latin1;
/*!40101 SET character_set_client = @saved_cs_client */;

--
-- Dumping data for table `auth_user_user_permissions`
--

LOCK TABLES `auth_user_user_permissions` WRITE;
/*!40000 ALTER TABLE `auth_user_user_permissions` DISABLE KEYS */;
/*!40000 ALTER TABLE `auth_user_user_permissions` ENABLE KEYS */;
UNLOCK TABLES;

--
-- Table structure for table `django_admin_log`
--

DROP TABLE IF EXISTS `django_admin_log`;
/*!40101 SET @saved_cs_client     = @@character_set_client */;
/*!40101 SET character_set_client = utf8 */;
CREATE TABLE `django_admin_log` (
  `id` int(11) NOT NULL AUTO_INCREMENT,
  `action_time` datetime NOT NULL,
  `object_id` longtext,
  `object_repr` varchar(200) NOT NULL,
  `action_flag` smallint(5) unsigned NOT NULL,
  `change_message` longtext NOT NULL,
  `content_type_id` int(11) DEFAULT NULL,
  `user_id` int(11) NOT NULL,
  PRIMARY KEY (`id`),
  KEY `django_admin_log_417f1b1c` (`content_type_id`),
  KEY `django_admin_log_e8701ad4` (`user_id`),
  CONSTRAINT `django_admin_log_user_id_44ff872c38b2c95b_fk_auth_user_id` FOREIGN KEY (`user_id`) REFERENCES `auth_user` (`id`),
  CONSTRAINT `django_content_type_id_d695a21803a3786_fk_django_content_type_id` FOREIGN KEY (`content_type_id`) REFERENCES `django_content_type` (`id`)
) ENGINE=InnoDB DEFAULT CHARSET=latin1;
/*!40101 SET character_set_client = @saved_cs_client */;

--
-- Dumping data for table `django_admin_log`
--

LOCK TABLES `django_admin_log` WRITE;
/*!40000 ALTER TABLE `django_admin_log` DISABLE KEYS */;
/*!40000 ALTER TABLE `django_admin_log` ENABLE KEYS */;
UNLOCK TABLES;

--
-- Table structure for table `django_content_type`
--

DROP TABLE IF EXISTS `django_content_type`;
/*!40101 SET @saved_cs_client     = @@character_set_client */;
/*!40101 SET character_set_client = utf8 */;
CREATE TABLE `django_content_type` (
  `id` int(11) NOT NULL AUTO_INCREMENT,
  `name` varchar(100) NOT NULL,
  `app_label` varchar(100) NOT NULL,
  `model` varchar(100) NOT NULL,
  PRIMARY KEY (`id`),
  UNIQUE KEY `django_content_type_app_label_22818de001b4a693_uniq` (`app_label`,`model`)
) ENGINE=InnoDB AUTO_INCREMENT=19 DEFAULT CHARSET=latin1;
/*!40101 SET character_set_client = @saved_cs_client */;

--
-- Dumping data for table `django_content_type`
--

LOCK TABLES `django_content_type` WRITE;
/*!40000 ALTER TABLE `django_content_type` DISABLE KEYS */;
INSERT INTO `django_content_type` VALUES (1,'log entry','admin','logentry'),(2,'permission','auth','permission'),(3,'group','auth','group'),(4,'user','auth','user'),(5,'content type','contenttypes','contenttype'),(6,'session','sessions','session'),(14,'course','app','course'),(15,'lecture','app','lecture'),(16,'tutorial','app','tutorial'),(17,'lab','app','lab'),(18,'event','app','event');
/*!40000 ALTER TABLE `django_content_type` ENABLE KEYS */;
UNLOCK TABLES;

--
-- Table structure for table `django_migrations`
--

DROP TABLE IF EXISTS `django_migrations`;
/*!40101 SET @saved_cs_client     = @@character_set_client */;
/*!40101 SET character_set_client = utf8 */;
CREATE TABLE `django_migrations` (
  `id` int(11) NOT NULL AUTO_INCREMENT,
  `app` varchar(255) NOT NULL,
  `name` varchar(255) NOT NULL,
  `applied` datetime NOT NULL,
  PRIMARY KEY (`id`)
) ENGINE=InnoDB AUTO_INCREMENT=17 DEFAULT CHARSET=latin1;
/*!40101 SET character_set_client = @saved_cs_client */;

--
-- Dumping data for table `django_migrations`
--

LOCK TABLES `django_migrations` WRITE;
/*!40000 ALTER TABLE `django_migrations` DISABLE KEYS */;
INSERT INTO `django_migrations` VALUES (1,'contenttypes','0001_initial','2015-03-29 21:18:57'),(2,'auth','0001_initial','2015-03-29 21:19:02'),(3,'admin','0001_initial','2015-03-29 21:19:03'),(4,'app','0001_initial','2015-03-29 21:19:17'),(5,'app','0002_student','2015-03-29 21:19:18'),(6,'app','0003_auto_20150327_2131','2015-03-29 21:19:18'),(7,'app','0004_auto_20150328_0034','2015-03-29 21:19:19'),(8,'app','0005_studentrecord','2015-03-29 21:19:31'),(9,'app','0006_professor_programdirector','2015-03-29 21:19:32'),(10,'app','0007_lecture_prof','2015-03-29 21:19:33'),(11,'app','0008_student_academicrecord','2015-03-29 21:19:34'),(12,'app','0009_schedule','2015-03-29 21:19:48'),(13,'app','0010_auto_20150328_1826','2015-03-29 21:19:52'),(14,'app','0011_auto_20150329_1556','2015-03-29 21:19:52'),(15,'app','0012_auto_20150329_1556','2015-03-29 21:19:54'),(16,'sessions','0001_initial','2015-03-29 21:19:54');
/*!40000 ALTER TABLE `django_migrations` ENABLE KEYS */;
UNLOCK TABLES;

--
-- Table structure for table `django_session`
--

DROP TABLE IF EXISTS `django_session`;
/*!40101 SET @saved_cs_client     = @@character_set_client */;
/*!40101 SET character_set_client = utf8 */;
CREATE TABLE `django_session` (
  `session_key` varchar(40) NOT NULL,
  `session_data` longtext NOT NULL,
  `expire_date` datetime NOT NULL,
  PRIMARY KEY (`session_key`),
  KEY `django_session_de54fa62` (`expire_date`)
) ENGINE=InnoDB DEFAULT CHARSET=latin1;
/*!40101 SET character_set_client = @saved_cs_client */;

--
-- Dumping data for table `django_session`
--

LOCK TABLES `django_session` WRITE;
/*!40000 ALTER TABLE `django_session` DISABLE KEYS */;
INSERT INTO `django_session` VALUES ('10nl8qdcybgxra5b6konfua5x5cy20nj','MDI2NjJhMWZkYzFjNDk5ZDkzZWQxMzQ2ZGY0ZTE2ZDY2MDliZDJhMjp7fQ==','2015-04-05 22:33:09'),('2c49etizbfysj5bme7triaqsiefd2xp7','MDI2NjJhMWZkYzFjNDk5ZDkzZWQxMzQ2ZGY0ZTE2ZDY2MDliZDJhMjp7fQ==','2015-04-05 22:33:19'),('2ps0ktfeup8oahyznhxx37acn5pdnbpw','ZTJiODgxOWYxYzBmNzk1N2IxZjY2NjRiOTZhZmM5MGQ4NzA2NzE4ZDp7Il9hdXRoX3VzZXJfaGFzaCI6ImU0OWNlNjNiNmI2YWY5MjkzOWM4NmJiODhiMzU0Y2VmNjljZGU4M2EiLCJfYXV0aF91c2VyX2JhY2tlbmQiOiJkamFuZ28uY29udHJpYi5hdXRoLmJhY2tlbmRzLk1vZGVsQmFja2VuZCIsIl9hdXRoX3VzZXJfaWQiOjN9','2015-04-12 21:35:22'),('3yi6hedd8dove2zmcuop2clislb7a5nw','MWExOTFkNWM5NzExMjMyZjBlN2ViZDQxYjlkMjBjYmNhYWM0YzBlYjp7Il9hdXRoX3VzZXJfaWQiOjMsIl9hdXRoX3VzZXJfaGFzaCI6ImU0OWNlNjNiNmI2YWY5MjkzOWM4NmJiODhiMzU0Y2VmNjljZGU4M2EiLCJfYXV0aF91c2VyX2JhY2tlbmQiOiJkamFuZ28uY29udHJpYi5hdXRoLmJhY2tlbmRzLk1vZGVsQmFja2VuZCJ9','2015-03-17 13:56:49'),('481f9es812mgbjmg4lue4elmhvitqtop','OTAzNDdjZDYwNDU2YzZiZDMxZjMzYTdmMDUwM2ZkNDdlNzhlODUxYTp7Il9hdXRoX3VzZXJfaGFzaCI6ImU0OWNlNjNiNmI2YWY5MjkzOWM4NmJiODhiMzU0Y2VmNjljZGU4M2EiLCJfYXV0aF91c2VyX2lkIjozLCJfYXV0aF91c2VyX2JhY2tlbmQiOiJkamFuZ28uY29udHJpYi5hdXRoLmJhY2tlbmRzLk1vZGVsQmFja2VuZCJ9','2015-04-06 20:42:27'),('4tszuky9iunvhule1tf9551bx3y0fiek','MTNjOWMwMzk5NjI4NDVmYjgyOTkyNGFmNWJmYzc0MjgxYmYzZDk3Zjp7Il9hdXRoX3VzZXJfaGFzaCI6ImE3NjdlYjUyZGZmZDc2OTU3ZmY3ODJlYzlkMzlhNjVkOGU2MDdlODEiLCJfYXV0aF91c2VyX2JhY2tlbmQiOiJkamFuZ28uY29udHJpYi5hdXRoLmJhY2tlbmRzLk1vZGVsQmFja2VuZCIsIl9hdXRoX3VzZXJfaWQiOjF9','2015-04-05 22:58:22'),('508rwz0d9nn5c93jltx3nac8siszapho','ZGY1YjgxMmZjNTI1N2YzNjQ4N2EyZTA4MjU0ZGQwYmY2ODRiNjRiYjp7Il9hdXRoX3VzZXJfYmFja2VuZCI6ImRqYW5nby5jb250cmliLmF1dGguYmFja2VuZHMuTW9kZWxCYWNrZW5kIiwiX2F1dGhfdXNlcl9oYXNoIjoiZTQ5Y2U2M2I2YjZhZjkyOTM5Yzg2YmI4OGIzNTRjZWY2OWNkZTgzYSIsIl9hdXRoX3VzZXJfaWQiOjN9','2015-04-06 21:25:13'),('5nkifzd73r1r75wqadqipmfnlocywj9m','ZWJhNjg0OGQwYzQ2YTNmOTZmNzdkNzBhZWM5NTcxMmJkMDg1ODJiNTp7Il9hdXRoX3VzZXJfaWQiOjMsIl9hdXRoX3VzZXJfYmFja2VuZCI6ImRqYW5nby5jb250cmliLmF1dGguYmFja2VuZHMuTW9kZWxCYWNrZW5kIiwiX2F1dGhfdXNlcl9oYXNoIjoiZTQ5Y2U2M2I2YjZhZjkyOTM5Yzg2YmI4OGIzNTRjZWY2OWNkZTgzYSJ9','2015-04-12 21:35:26'),('76ks8cxnhpt67198sdf53s4yfvctzwgw','MDI2NjJhMWZkYzFjNDk5ZDkzZWQxMzQ2ZGY0ZTE2ZDY2MDliZDJhMjp7fQ==','2015-03-18 14:56:38'),('8m6i3gb5o9emdqi8nfwkpcmc3ifcfjg7','ZWJhNjg0OGQwYzQ2YTNmOTZmNzdkNzBhZWM5NTcxMmJkMDg1ODJiNTp7Il9hdXRoX3VzZXJfaWQiOjMsIl9hdXRoX3VzZXJfYmFja2VuZCI6ImRqYW5nby5jb250cmliLmF1dGguYmFja2VuZHMuTW9kZWxCYWNrZW5kIiwiX2F1dGhfdXNlcl9oYXNoIjoiZTQ5Y2U2M2I2YjZhZjkyOTM5Yzg2YmI4OGIzNTRjZWY2OWNkZTgzYSJ9','2015-04-06 18:47:10'),('8wcpop83810h005w26aw1nvi6ksdd971','MDI2NjJhMWZkYzFjNDk5ZDkzZWQxMzQ2ZGY0ZTE2ZDY2MDliZDJhMjp7fQ==','2015-04-04 18:39:11'),('alsd3vietc3u51pjni10fk7gz3bu188w','ZGY1YjgxMmZjNTI1N2YzNjQ4N2EyZTA4MjU0ZGQwYmY2ODRiNjRiYjp7Il9hdXRoX3VzZXJfYmFja2VuZCI6ImRqYW5nby5jb250cmliLmF1dGguYmFja2VuZHMuTW9kZWxCYWNrZW5kIiwiX2F1dGhfdXNlcl9oYXNoIjoiZTQ5Y2U2M2I2YjZhZjkyOTM5Yzg2YmI4OGIzNTRjZWY2OWNkZTgzYSIsIl9hdXRoX3VzZXJfaWQiOjN9','2015-03-12 01:00:31'),('b88agqxhdmmdo616gthzewp4tiudgkcm','MDI2NjJhMWZkYzFjNDk5ZDkzZWQxMzQ2ZGY0ZTE2ZDY2MDliZDJhMjp7fQ==','2015-03-25 23:51:13'),('c4uwtbk5otd0t1yfzdmdjjbqql5cpqrv','MDI2NjJhMWZkYzFjNDk5ZDkzZWQxMzQ2ZGY0ZTE2ZDY2MDliZDJhMjp7fQ==','2015-03-18 14:32:36'),('ctnbcozlm6yky8zs9jorfv2l9be6xt6z','MDI2NjJhMWZkYzFjNDk5ZDkzZWQxMzQ2ZGY0ZTE2ZDY2MDliZDJhMjp7fQ==','2015-04-04 04:25:36'),('eo5z1doy9peiql9qs9niswaezr2c2n7z','N2E5YzRiZDczOTQxNzRiM2VkNWM2Y2I0YTc2NWNjMmM3NzMyMTJhMDp7Il9hdXRoX3VzZXJfYmFja2VuZCI6ImRqYW5nby5jb250cmliLmF1dGguYmFja2VuZHMuTW9kZWxCYWNrZW5kIiwiX2F1dGhfdXNlcl9pZCI6MywiX2F1dGhfdXNlcl9oYXNoIjoiZTQ5Y2U2M2I2YjZhZjkyOTM5Yzg2YmI4OGIzNTRjZWY2OWNkZTgzYSJ9','2015-03-17 14:20:14'),('ernlsgim6umyv51nanvowdnewv66xdfv','ZWJhNjg0OGQwYzQ2YTNmOTZmNzdkNzBhZWM5NTcxMmJkMDg1ODJiNTp7Il9hdXRoX3VzZXJfaWQiOjMsIl9hdXRoX3VzZXJfYmFja2VuZCI6ImRqYW5nby5jb250cmliLmF1dGguYmFja2VuZHMuTW9kZWxCYWNrZW5kIiwiX2F1dGhfdXNlcl9oYXNoIjoiZTQ5Y2U2M2I2YjZhZjkyOTM5Yzg2YmI4OGIzNTRjZWY2OWNkZTgzYSJ9','2015-04-06 15:39:23'),('fujj5rlux2ntkapjdj4sjtreqz0joehj','OTAzNDdjZDYwNDU2YzZiZDMxZjMzYTdmMDUwM2ZkNDdlNzhlODUxYTp7Il9hdXRoX3VzZXJfaGFzaCI6ImU0OWNlNjNiNmI2YWY5MjkzOWM4NmJiODhiMzU0Y2VmNjljZGU4M2EiLCJfYXV0aF91c2VyX2lkIjozLCJfYXV0aF91c2VyX2JhY2tlbmQiOiJkamFuZ28uY29udHJpYi5hdXRoLmJhY2tlbmRzLk1vZGVsQmFja2VuZCJ9','2015-03-21 19:25:45'),('fyqmzb03d4chypethp0itwvig2lw3sgf','ZGY2NjI1MTViZTM1Y2U2ODYxN2QzMDg3NzAwZDczOTg1YTUyZTRlMDp7Il9hdXRoX3VzZXJfYmFja2VuZCI6ImRqYW5nby5jb250cmliLmF1dGguYmFja2VuZHMuTW9kZWxCYWNrZW5kIiwiX2F1dGhfdXNlcl9oYXNoIjoiYTc2N2ViNTJkZmZkNzY5NTdmZjc4MmVjOWQzOWE2NWQ4ZTYwN2U4MSIsIl9hdXRoX3VzZXJfaWQiOjJ9','2015-03-01 23:03:40'),('g4bd7lua8bm1ct1xzqxa76eivj47qxcy','ZTJiODgxOWYxYzBmNzk1N2IxZjY2NjRiOTZhZmM5MGQ4NzA2NzE4ZDp7Il9hdXRoX3VzZXJfaGFzaCI6ImU0OWNlNjNiNmI2YWY5MjkzOWM4NmJiODhiMzU0Y2VmNjljZGU4M2EiLCJfYXV0aF91c2VyX2JhY2tlbmQiOiJkamFuZ28uY29udHJpYi5hdXRoLmJhY2tlbmRzLk1vZGVsQmFja2VuZCIsIl9hdXRoX3VzZXJfaWQiOjN9','2015-04-12 21:34:03'),('j0gwsrft6blvpks2dzdf9hv7yae0r8nd','MDI2NjJhMWZkYzFjNDk5ZDkzZWQxMzQ2ZGY0ZTE2ZDY2MDliZDJhMjp7fQ==','2015-04-06 12:14:03'),('jd3uwyuxkm5xtjd2g9hf267zr8tif8sv','ZGY1YjgxMmZjNTI1N2YzNjQ4N2EyZTA4MjU0ZGQwYmY2ODRiNjRiYjp7Il9hdXRoX3VzZXJfYmFja2VuZCI6ImRqYW5nby5jb250cmliLmF1dGguYmFja2VuZHMuTW9kZWxCYWNrZW5kIiwiX2F1dGhfdXNlcl9oYXNoIjoiZTQ5Y2U2M2I2YjZhZjkyOTM5Yzg2YmI4OGIzNTRjZWY2OWNkZTgzYSIsIl9hdXRoX3VzZXJfaWQiOjN9','2015-04-04 05:55:23'),('jwoymscv5hvc7216b5xgv25apspo1mk7','MDI2NjJhMWZkYzFjNDk5ZDkzZWQxMzQ2ZGY0ZTE2ZDY2MDliZDJhMjp7fQ==','2015-03-18 14:25:27'),('kro4lm898k8ougzusyuu6d9128le2x9i','MDI2NjJhMWZkYzFjNDk5ZDkzZWQxMzQ2ZGY0ZTE2ZDY2MDliZDJhMjp7fQ==','2015-04-12 21:31:07'),('lpwr3hwdkthyf06crgp1xlmbqerr8h5d','MDI2NjJhMWZkYzFjNDk5ZDkzZWQxMzQ2ZGY0ZTE2ZDY2MDliZDJhMjp7fQ==','2015-04-04 03:28:01'),('mj59kvlyewpx6r3wztv19ld5jq2hjhnm','OTAzNDdjZDYwNDU2YzZiZDMxZjMzYTdmMDUwM2ZkNDdlNzhlODUxYTp7Il9hdXRoX3VzZXJfaGFzaCI6ImU0OWNlNjNiNmI2YWY5MjkzOWM4NmJiODhiMzU0Y2VmNjljZGU4M2EiLCJfYXV0aF91c2VyX2lkIjozLCJfYXV0aF91c2VyX2JhY2tlbmQiOiJkamFuZ28uY29udHJpYi5hdXRoLmJhY2tlbmRzLk1vZGVsQmFja2VuZCJ9','2015-04-04 19:08:53'),('nss57z158txp87ukmadss644dcwb47d1','ZGY1YjgxMmZjNTI1N2YzNjQ4N2EyZTA4MjU0ZGQwYmY2ODRiNjRiYjp7Il9hdXRoX3VzZXJfYmFja2VuZCI6ImRqYW5nby5jb250cmliLmF1dGguYmFja2VuZHMuTW9kZWxCYWNrZW5kIiwiX2F1dGhfdXNlcl9oYXNoIjoiZTQ5Y2U2M2I2YjZhZjkyOTM5Yzg2YmI4OGIzNTRjZWY2OWNkZTgzYSIsIl9hdXRoX3VzZXJfaWQiOjN9','2015-04-02 17:41:45'),('pnrvhu24dnn100x2cec23j63pvpwgqwt','MDI2NjJhMWZkYzFjNDk5ZDkzZWQxMzQ2ZGY0ZTE2ZDY2MDliZDJhMjp7fQ==','2015-03-18 14:29:23'),('powep144jjyse1fqlu98f10ozskhbiyj','MWExOTFkNWM5NzExMjMyZjBlN2ViZDQxYjlkMjBjYmNhYWM0YzBlYjp7Il9hdXRoX3VzZXJfaWQiOjMsIl9hdXRoX3VzZXJfaGFzaCI6ImU0OWNlNjNiNmI2YWY5MjkzOWM4NmJiODhiMzU0Y2VmNjljZGU4M2EiLCJfYXV0aF91c2VyX2JhY2tlbmQiOiJkamFuZ28uY29udHJpYi5hdXRoLmJhY2tlbmRzLk1vZGVsQmFja2VuZCJ9','2015-04-04 17:38:14'),('r8fiyfh9hd5xlesz1jaxsolzqv23lqi3','MDI2NjJhMWZkYzFjNDk5ZDkzZWQxMzQ2ZGY0ZTE2ZDY2MDliZDJhMjp7fQ==','2015-03-18 14:27:32'),('uucpqj4nbjgy96wx0rwh3bxkickrhoeu','MDI2NjJhMWZkYzFjNDk5ZDkzZWQxMzQ2ZGY0ZTE2ZDY2MDliZDJhMjp7fQ==','2015-04-04 05:57:43'),('vfzxdjupviqjhskjs7c5nky3mt13a3nq','MDI2NjJhMWZkYzFjNDk5ZDkzZWQxMzQ2ZGY0ZTE2ZDY2MDliZDJhMjp7fQ==','2015-04-07 00:26:09'),('vmaad8diyuu075ujfdzkwjaroiprbkld','OTAzNDdjZDYwNDU2YzZiZDMxZjMzYTdmMDUwM2ZkNDdlNzhlODUxYTp7Il9hdXRoX3VzZXJfaGFzaCI6ImU0OWNlNjNiNmI2YWY5MjkzOWM4NmJiODhiMzU0Y2VmNjljZGU4M2EiLCJfYXV0aF91c2VyX2lkIjozLCJfYXV0aF91c2VyX2JhY2tlbmQiOiJkamFuZ28uY29udHJpYi5hdXRoLmJhY2tlbmRzLk1vZGVsQmFja2VuZCJ9','2015-04-06 21:26:06'),('vwpe67cg1wyugtexw1mlfqou0kzshwvd','ZGY1YjgxMmZjNTI1N2YzNjQ4N2EyZTA4MjU0ZGQwYmY2ODRiNjRiYjp7Il9hdXRoX3VzZXJfYmFja2VuZCI6ImRqYW5nby5jb250cmliLmF1dGguYmFja2VuZHMuTW9kZWxCYWNrZW5kIiwiX2F1dGhfdXNlcl9oYXNoIjoiZTQ5Y2U2M2I2YjZhZjkyOTM5Yzg2YmI4OGIzNTRjZWY2OWNkZTgzYSIsIl9hdXRoX3VzZXJfaWQiOjN9','2015-03-19 01:53:41'),('wml5zzdb4cg8wdlq8268fwseh398boyt','MDI2NjJhMWZkYzFjNDk5ZDkzZWQxMzQ2ZGY0ZTE2ZDY2MDliZDJhMjp7fQ==','2015-04-04 03:28:02'),('x6v9fo1uv75uny1yx8j6mzdx4bsl8h17','MDI2NjJhMWZkYzFjNDk5ZDkzZWQxMzQ2ZGY0ZTE2ZDY2MDliZDJhMjp7fQ==','2015-04-05 22:33:09'),('xwge1newk7p28koisgt60ej1wv34d8gc','MDI2NjJhMWZkYzFjNDk5ZDkzZWQxMzQ2ZGY0ZTE2ZDY2MDliZDJhMjp7fQ==','2015-03-16 21:53:17'),('ynkqmc796cw97z9k1uax6hjfxpjd6xi9','ZWJhNjg0OGQwYzQ2YTNmOTZmNzdkNzBhZWM5NTcxMmJkMDg1ODJiNTp7Il9hdXRoX3VzZXJfaWQiOjMsIl9hdXRoX3VzZXJfYmFja2VuZCI6ImRqYW5nby5jb250cmliLmF1dGguYmFja2VuZHMuTW9kZWxCYWNrZW5kIiwiX2F1dGhfdXNlcl9oYXNoIjoiZTQ5Y2U2M2I2YjZhZjkyOTM5Yzg2YmI4OGIzNTRjZWY2OWNkZTgzYSJ9','2015-04-05 22:04:00'),('zkzrlm6113nzqx0hsuroylyj9i2lncwz','MDI2NjJhMWZkYzFjNDk5ZDkzZWQxMzQ2ZGY0ZTE2ZDY2MDliZDJhMjp7fQ==','2015-04-04 05:07:47'),('zwr5fho2lddvnyp17r6wmgb30y5gp3xs','MWExOTFkNWM5NzExMjMyZjBlN2ViZDQxYjlkMjBjYmNhYWM0YzBlYjp7Il9hdXRoX3VzZXJfaWQiOjMsIl9hdXRoX3VzZXJfaGFzaCI6ImU0OWNlNjNiNmI2YWY5MjkzOWM4NmJiODhiMzU0Y2VmNjljZGU4M2EiLCJfYXV0aF91c2VyX2JhY2tlbmQiOiJkamFuZ28uY29udHJpYi5hdXRoLmJhY2tlbmRzLk1vZGVsQmFja2VuZCJ9','2015-04-06 12:16:38');
/*!40000 ALTER TABLE `django_session` ENABLE KEYS */;
UNLOCK TABLES;
/*!40103 SET TIME_ZONE=@OLD_TIME_ZONE */;

/*!40101 SET SQL_MODE=@OLD_SQL_MODE */;
/*!40014 SET FOREIGN_KEY_CHECKS=@OLD_FOREIGN_KEY_CHECKS */;
/*!40014 SET UNIQUE_CHECKS=@OLD_UNIQUE_CHECKS */;
/*!40101 SET CHARACTER_SET_CLIENT=@OLD_CHARACTER_SET_CLIENT */;
/*!40101 SET CHARACTER_SET_RESULTS=@OLD_CHARACTER_SET_RESULTS */;
/*!40101 SET COLLATION_CONNECTION=@OLD_COLLATION_CONNECTION */;
/*!40111 SET SQL_NOTES=@OLD_SQL_NOTES */;

-- Dump completed on 2015-03-29 17:43:44
