CREATE DATABASE  IF NOT EXISTS `echelon` /*!40100 DEFAULT CHARACTER SET latin1 */;
USE `echelon`;
-- MySQL dump 10.13  Distrib 5.5.41, for debian-linux-gnu (x86_64)
--
-- Host: bbbtimmy.noip.me    Database: echelon
-- ------------------------------------------------------
-- Server version	5.5.41-0+wheezy1

/*!40101 SET @OLD_CHARACTER_SET_CLIENT=@@CHARACTER_SET_CLIENT */;
/*!40101 SET @OLD_CHARACTER_SET_RESULTS=@@CHARACTER_SET_RESULTS */;
/*!40101 SET @OLD_COLLATION_CONNECTION=@@COLLATION_CONNECTION */;
/*!40101 SET NAMES utf8 */;
/*!40103 SET @OLD_TIME_ZONE=@@TIME_ZONE */;
/*!40103 SET TIME_ZONE='+00:00' */;
/*!40014 SET @OLD_UNIQUE_CHECKS=@@UNIQUE_CHECKS, UNIQUE_CHECKS=0 */;
/*!40014 SET @OLD_FOREIGN_KEY_CHECKS=@@FOREIGN_KEY_CHECKS, FOREIGN_KEY_CHECKS=0 */;
/*!40101 SET @OLD_SQL_MODE=@@SQL_MODE, SQL_MODE='NO_AUTO_VALUE_ON_ZERO' */;
/*!40111 SET @OLD_SQL_NOTES=@@SQL_NOTES, SQL_NOTES=0 */;

--
-- Table structure for table `app_academicprogram`
--

DROP TABLE IF EXISTS `app_academicprogram`;
/*!40101 SET @saved_cs_client     = @@character_set_client */;
/*!40101 SET character_set_client = utf8 */;
CREATE TABLE `app_academicprogram` (
  `id` int(11) NOT NULL AUTO_INCREMENT,
  `name` varchar(120) NOT NULL,
  `credits` double NOT NULL,
  PRIMARY KEY (`id`)
) ENGINE=InnoDB AUTO_INCREMENT=6 DEFAULT CHARSET=latin1;
/*!40101 SET character_set_client = @saved_cs_client */;

--
-- Dumping data for table `app_academicprogram`
--

LOCK TABLES `app_academicprogram` WRITE;
/*!40000 ALTER TABLE `app_academicprogram` DISABLE KEYS */;
INSERT INTO `app_academicprogram` VALUES (5,'SOEN',120);
/*!40000 ALTER TABLE `app_academicprogram` ENABLE KEYS */;
UNLOCK TABLES;

--
-- Table structure for table `app_course`
--

DROP TABLE IF EXISTS `app_course`;
/*!40101 SET @saved_cs_client     = @@character_set_client */;
/*!40101 SET character_set_client = utf8 */;
CREATE TABLE `app_course` (
  `name` varchar(120) NOT NULL,
  `department` varchar(120) NOT NULL,
  `number` int(11) NOT NULL,
  `deptnum` varchar(120) NOT NULL,
  `type` varchar(120) DEFAULT NULL,
  `credits` double NOT NULL,
  `yearSpan` varchar(120) DEFAULT NULL,
  PRIMARY KEY (`deptnum`)
) ENGINE=InnoDB DEFAULT CHARSET=latin1;
/*!40101 SET character_set_client = @saved_cs_client */;

--
-- Dumping data for table `app_course`
--

LOCK TABLES `app_course` WRITE;
/*!40000 ALTER TABLE `app_course` DISABLE KEYS */;
INSERT INTO `app_course` VALUES (' FLIGHT CONTROL SYSTEMS','AERO',480,'AERO480',NULL,3.5,'14-15'),(' AVIONIC NAVIGATION SYSTEMS','AERO',482,'AERO482',NULL,3,'14-15'),(' RECREATION/LEISURE IN CANADA','AHSC',242,'AHSC242',NULL,3,'14-15'),(' INTRODUCTION TO CULTURE','ANTH',202,'ANTH202',NULL,3,'14-15'),(' TECHNOLOGY & CONTEMP. ART','ARTH',353,'ARTH353',NULL,3,'14-15'),(' ELEMENTARY GENETICS','BIOL',206,'BIOL206',NULL,3,'14-15'),(' BIODIVERSITY AND ECOLOGY','BIOL',226,'BIOL226',NULL,3,'14-15'),(' MOLECULAR & GENERAL GENETICS','BIOL',261,'BIOL261',NULL,3,'14-15'),(' DISCOVERING BIOTECHNOLOGY','CHEM',209,'CHEM209',NULL,3,'14-15'),(' INTRO ANALYTICAL CHEMISTRY I','CHEM',217,'CHEM217',NULL,3,'14-15'),(' INTRO - ORGANIC CHEMISTRY I','CHEM',221,'CHEM221',NULL,3,'14-15'),(' PHYS.CHEM I:THERMODYNAMICS','CHEM',234,'CHEM234',NULL,3,'14-15'),(' INTRO CLASSICAL ARCHAEOLOGY','CLAS',266,'CLAS266',NULL,3,'14-15'),(' INTRO TO REAL-TIME SYSTEMS','COEN',320,'COEN320',NULL,3,'14-15'),(' MATH. FOR COMPUTER SCIENCE','COMP',232,'COMP232',NULL,3,'14-15'),(' OBJ-ORIENTED PROGRAMMING I','COMP',248,'COMP248',NULL,3,'14-15'),(' OBJ-ORIENTED PROGRAMMING II','COMP',249,'COMP249',NULL,3,'14-15'),(' INTRO/THEORETICAL COMP SCI','COMP',335,'COMP335',NULL,3,'14-15'),(' C++ ADVANCED PROGRAM DESIGN','COMP',345,'COMP345',NULL,4,'14-15'),(' OPERATING SYSTEMS','COMP',346,'COMP346',NULL,4,'14-15'),(' PRIN./PROGRAMMING LANGUAGES','COMP',348,'COMP348',NULL,3,'14-15'),(' DATA STRUCTURES + ALGORITHMS','COMP',352,'COMP352',NULL,3,'14-15'),(' DATABASES','COMP',353,'COMP353',NULL,4,'14-15'),(' ELEMENTARY NUMERICAL METHODS','COMP',361,'COMP361',NULL,3,'14-15'),(' COMPUTER GRAPHICS','COMP',371,'COMP371',NULL,4,'14-15'),(' INTRO. TO GAME DEVELOPMENT','COMP',376,'COMP376',NULL,4,'14-15'),(' MULTICORE PROGRAMMING','COMP',426,'COMP426',NULL,4,'14-15'),(' PARALLEL PROGRAMMING','COMP',428,'COMP428',NULL,4,'14-15'),(' COMPILER DESIGN','COMP',442,'COMP442',NULL,4,'14-15'),(' DATA COMM + COMP NETWORKS','COMP',445,'COMP445',NULL,4,'14-15'),(' DESIGN+ANALYSIS/ALGORITHMS','COMP',465,'COMP465',NULL,3,'14-15'),(' ARTIFICIAL INTELLIGENCE','COMP',472,'COMP472',NULL,4,'14-15'),(' PATTERN RECOGNITION','COMP',473,'COMP473',NULL,4,'14-15'),(' INTELLIGENT SYSTEMS','COMP',474,'COMP474',NULL,4,'14-15'),(' ADVANCED GAME DEVELOPMENT','COMP',476,'COMP476',NULL,4,'14-15'),(' ANIMATION FOR COMPUTER GAMES','COMP',477,'COMP477',NULL,4,'14-15'),(' IMAGE PROCESSING','COMP',478,'COMP478',NULL,4,'14-15'),(' INFO. RETRIEVAL & WEB SEARCH','COMP',479,'COMP479',NULL,4,'14-15'),(' MASS COMMUNICATION','COMS',360,'COMS360',NULL,3,'14-15'),(' INTRODUCTION-MICROECONOMICS','ECON',201,'ECON201',NULL,3,'14-15'),(' INTRODUCTION-MACROECONOMICS','ECON',203,'ECON203',NULL,3,'14-15'),(' INTRO TO PHILOSOPHY OF EDUC','EDUC',230,'EDUC230',NULL,3,'14-15'),(' PRINCIPLES OF ELEC. ENGG.','ELEC',275,'ELEC275',NULL,3.5,'14-15'),(' TECH. WRITING + COMMUNIC N.','ENCS',282,'ENCS282',NULL,3,'14-15'),(' INN.&CRITICL; THKNG SCI&TECH;','ENCS',483,'ENCS483',NULL,3,'14-15'),(' PROFESS L. PRACTICE+RESPONS.','ENGR',201,'ENGR201',NULL,1.5,'14-15'),(' SUSTAIN.DEV.+ENVIRO.STEWART.','ENGR',202,'ENGR202',NULL,1.5,'14-15'),(' APP.ORDINARY DIFF.EQUATIONS','ENGR',213,'ENGR213',NULL,3,'14-15'),(' APPLIED ADVANCED CALCULUS','ENGR',233,'ENGR233',NULL,3,'14-15'),(' ENGR.MGMT.PRINCIP.+ECONOMICS','ENGR',301,'ENGR301',NULL,3,'14-15'),(' PROBABILITY+STATISTICS/ENGR.','ENGR',371,'ENGR371',NULL,3,'14-15'),(' NUMERICAL METHODS IN ENGR','ENGR',391,'ENGR391',NULL,3,'14-15'),(' IMPACT/TECHNOLOGY ON SOCIETY','ENGR',392,'ENGR392',NULL,3,'14-15'),(' SPECIAL TECHNICAL REPORT','ENGR',411,'ENGR411',NULL,1.5,'14-15'),(' INTRO CULTURE FRANCOPHONE','FLIT',230,'FLIT230',NULL,3,'14-15'),(' ENGLISH-CANADIAN FILM','FMST',214,'FMST214',NULL,3,'14-15'),(' LE CINEMA QUEBECOIS','FMST',215,'FMST215',NULL,3,'14-15'),(' CANADIAN ENVIRONM TAL ISSUES','GEOG',203,'GEOG203',NULL,3,'14-15'),(' GLOBAL ENVIRONMENTAL ISSUES','GEOG',204,'GEOG204',NULL,3,'14-15'),(' GEOGRAPHY OF GLOBAL CHANGE','GEOG',210,'GEOG210',NULL,3,'14-15'),(' SPACE AND IDENTITY','GEOG',220,'GEOG220',NULL,3,'14-15'),(' INTRO:EUROPEAN HIST TO 1789','HIST',201,'HIST201',NULL,3,'14-15'),(' INTRO:EUROPEAN 1789-PRESENT','HIST',202,'HIST202',NULL,3,'14-15'),(' CANADA: POST-CONFEDERATION','HIST',205,'HIST205',NULL,3,'14-15'),(' FILM IN HISTORY','HIST',281,'HIST281',NULL,3,'14-15'),(' THE 20TH C: GLOBAL HISTORY','HIST',283,'HIST283',NULL,3,'14-15'),(' INTROINFOLITERACYSKILLS','INST',250,'INST250',NULL,3,'14-15'),(' LANG & MIND: CHOMSKYAN PROG','LING',222,'LING222',NULL,3,'14-15'),(' SOCIOLINGUISTICS','LING',300,'LING300',NULL,3,'14-15'),(' PROBLEMS OF PHILOSOPHY','PHIL',201,'PHIL201',NULL,3,'14-15'),(' CRITICAL THINKING','PHIL',210,'PHIL210',NULL,3,'14-15'),(' INTRO TO  ETHICS','PHIL',232,'PHIL232',NULL,3,'14-15'),(' BIOMEDICAL ETHICS','PHIL',235,'PHIL235',NULL,3,'14-15'),(' MODERN TO POSTMODERN','PHIL',275,'PHIL275',NULL,3,'14-15'),(' CONTEMPORARY ETHICAL THEORY','PHIL',330,'PHIL330',NULL,3,'14-15'),(' OPTICS','PHYS',252,'PHYS252',NULL,3,'14-15'),(' ELECTRICITY & MAGNETISM I','PHYS',253,'PHYS253',NULL,3,'14-15'),(' THERMODYNAMICS','PHYS',334,'PHYS334',NULL,3,'14-15'),(' ELECTRICITY & MAGNETISM II','PHYS',354,'PHYS354',NULL,3,'14-15'),(' INTRO TO POLITICAL SCIENCE','POLI',202,'POLI202',NULL,3,'14-15'),(' RELIGIONS OF THE WEST','RELI',214,'RELI214',NULL,3,'14-15'),(' RELIGIONS OF ASIA','RELI',215,'RELI215',NULL,3,'14-15'),(' SELF/OTHER: IDTY & ETHICS','RELI',310,'RELI310',NULL,3,'14-15'),(' JUSTICE & SOCIAL CONFLICT','RELI',312,'RELI312',NULL,3,'14-15'),(' PUBLIC POLICY &INTEREST;','SCPA',201,'SCPA201',NULL,3,'14-15'),(' ECON FOR PUB POL&COM; DEV','SCPA',215,'SCPA215',NULL,3,'14-15'),(' INTRODUCTION TO SOCIETY','SOCI',203,'SOCI203',NULL,3,'14-15'),(' SYSTEM HARDWARE','SOEN',228,'SOEN228',NULL,4,'14-15'),(' WEB PROGRAMMING','SOEN',287,'SOEN287',NULL,3,'14-15'),(' SYSTEM HARDWARE LAB','SOEN',298,'SOEN298',NULL,1.5,'14-15'),(' INFORMATION SYSTEMS SECURITY','SOEN',321,'SOEN321',NULL,3,'14-15'),(' INTRO TO FML MTHDS FOR SOEN','SOEN',331,'SOEN331',NULL,3,'14-15'),(' SOFTWARE PROCESS','SOEN',341,'SOEN341',NULL,3,'14-15'),(' SW REQUIREMENTS + SPECS.','SOEN',342,'SOEN342',NULL,3,'14-15'),(' S.W. ARCHITECURE & DESIGN I','SOEN',343,'SOEN343',NULL,3,'14-15'),(' S.W. ARCHITECURE & DESIGN II','SOEN',344,'SOEN344',NULL,3,'14-15'),(' S.W. TESTING VERIF & QA','SOEN',345,'SOEN345',NULL,3,'14-15'),(' USER INTERFACE DESIGN','SOEN',357,'SOEN357',NULL,3,'14-15'),(' MGMT+QUALITY CTRL./SW DEV.','SOEN',384,'SOEN384',NULL,3,'14-15'),(' CONTROL SYSTEMS+APPLICATIONS','SOEN',385,'SOEN385',NULL,3,'14-15'),(' WEB-BASED ENTER. APP DESIGN','SOEN',387,'SOEN387',NULL,3,'14-15'),(' SOFTWARE ENGR. TEAM PROJECT','SOEN',390,'SOEN390',NULL,3.5,'14-15'),(' EMBEDDED SYSTEMS/SOFTWARE','SOEN',422,'SOEN422',NULL,4,'14-15'),(' DISTRIBUTED SYSTEMS','SOEN',423,'SOEN423',NULL,4,'14-15'),(' WEB SERVICES & APPLICATIONS','SOEN',487,'SOEN487',NULL,4,'14-15'),(' CAPSTONE SW ENGR DESIGN PROJ','SOEN',490,'SOEN490',NULL,4,'14-15'),(' INTRO. TO BIBLICAL STUDIES','THEO',202,'THEO202',NULL,3,'14-15'),(' INTRO.TO CHRISTIAN ETHICS','THEO',204,'THEO204',NULL,3,'14-15'),(' RELG. PLURALISM/SECULAR CULT','THEO',233,'THEO233',NULL,3,'14-15'),(' INTRO TO HIST. PERSP. IN WS','WSDB',290,'WSDB290',NULL,3,'14-15'),(' INTRO CONT.  PERSP.  IN WS','WSDB',291,'WSDB291',NULL,3,'14-15');
/*!40000 ALTER TABLE `app_course` ENABLE KEYS */;
UNLOCK TABLES;

--
-- Table structure for table `app_course_prerequisites`
--

DROP TABLE IF EXISTS `app_course_prerequisites`;
/*!40101 SET @saved_cs_client     = @@character_set_client */;
/*!40101 SET character_set_client = utf8 */;
CREATE TABLE `app_course_prerequisites` (
  `id` int(11) NOT NULL AUTO_INCREMENT,
  `from_course_id` varchar(120) NOT NULL,
  `to_course_id` varchar(120) NOT NULL,
  PRIMARY KEY (`id`),
  UNIQUE KEY `from_course_id` (`from_course_id`,`to_course_id`),
  KEY `app_course_prerequisites_fd68de27` (`from_course_id`),
  KEY `app_course_prerequisites_faf76fb8` (`to_course_id`),
  CONSTRAINT `app_course_p_to_course_id_3c5e79fde91bad97_fk_app_course_deptnum` FOREIGN KEY (`to_course_id`) REFERENCES `app_course` (`deptnum`),
  CONSTRAINT `app_course_from_course_id_28a5f31dc21eda46_fk_app_course_deptnum` FOREIGN KEY (`from_course_id`) REFERENCES `app_course` (`deptnum`)
) ENGINE=InnoDB AUTO_INCREMENT=360 DEFAULT CHARSET=latin1;
/*!40101 SET character_set_client = @saved_cs_client */;

--
-- Dumping data for table `app_course_prerequisites`
--

LOCK TABLES `app_course_prerequisites` WRITE;
/*!40000 ALTER TABLE `app_course_prerequisites` DISABLE KEYS */;
INSERT INTO `app_course_prerequisites` VALUES (149,'AERO480','COMP232'),(150,'AERO480','COMP248'),(151,'AERO480','COMP249'),(145,'AERO480','ELEC275'),(146,'AERO480','ENCS282'),(141,'AERO480','ENGR201'),(142,'AERO480','ENGR202'),(143,'AERO480','ENGR213'),(144,'AERO480','ENGR233'),(139,'AERO480','ENGR371'),(147,'AERO480','SOEN228'),(148,'AERO480','SOEN287'),(138,'AERO480','SOEN385'),(160,'AERO482','COMP232'),(161,'AERO482','COMP248'),(162,'AERO482','COMP249'),(156,'AERO482','ELEC275'),(157,'AERO482','ENCS282'),(152,'AERO482','ENGR201'),(153,'AERO482','ENGR202'),(154,'AERO482','ENGR213'),(155,'AERO482','ENGR233'),(158,'AERO482','SOEN228'),(159,'AERO482','SOEN287'),(140,'COEN320','COMP346'),(97,'COMP249','COMP248'),(98,'COMP335','COMP232'),(99,'COMP335','COMP249'),(110,'COMP345','COMP352'),(101,'COMP346','COMP352'),(100,'COMP346','SOEN228'),(102,'COMP348','COMP249'),(103,'COMP352','COMP232'),(104,'COMP352','COMP249'),(111,'COMP353','COMP352'),(107,'COMP361','COMP232'),(108,'COMP361','COMP249'),(112,'COMP371','COMP352'),(171,'COMP426','COMP232'),(172,'COMP426','COMP248'),(173,'COMP426','COMP249'),(113,'COMP426','COMP346'),(167,'COMP426','ELEC275'),(168,'COMP426','ENCS282'),(163,'COMP426','ENGR201'),(164,'COMP426','ENGR202'),(165,'COMP426','ENGR213'),(166,'COMP426','ENGR233'),(169,'COMP426','SOEN228'),(170,'COMP426','SOEN287'),(182,'COMP428','COMP232'),(183,'COMP428','COMP248'),(184,'COMP428','COMP249'),(114,'COMP428','COMP346'),(178,'COMP428','ELEC275'),(179,'COMP428','ENCS282'),(174,'COMP428','ENGR201'),(175,'COMP428','ENGR202'),(176,'COMP428','ENGR213'),(177,'COMP428','ENGR233'),(180,'COMP428','SOEN228'),(181,'COMP428','SOEN287'),(193,'COMP442','COMP232'),(194,'COMP442','COMP248'),(195,'COMP442','COMP249'),(115,'COMP442','COMP335'),(116,'COMP442','COMP352'),(189,'COMP442','ELEC275'),(190,'COMP442','ENCS282'),(185,'COMP442','ENGR201'),(186,'COMP442','ENGR202'),(187,'COMP442','ENGR213'),(188,'COMP442','ENGR233'),(191,'COMP442','SOEN228'),(192,'COMP442','SOEN287'),(204,'COMP445','COMP232'),(205,'COMP445','COMP248'),(206,'COMP445','COMP249'),(117,'COMP445','COMP346'),(200,'COMP445','ELEC275'),(201,'COMP445','ENCS282'),(196,'COMP445','ENGR201'),(197,'COMP445','ENGR202'),(198,'COMP445','ENGR213'),(199,'COMP445','ENGR233'),(202,'COMP445','SOEN228'),(203,'COMP445','SOEN287'),(215,'COMP465','COMP232'),(216,'COMP465','COMP248'),(217,'COMP465','COMP249'),(118,'COMP465','COMP335'),(119,'COMP465','COMP352'),(211,'COMP465','ELEC275'),(212,'COMP465','ENCS282'),(207,'COMP465','ENGR201'),(208,'COMP465','ENGR202'),(209,'COMP465','ENGR213'),(210,'COMP465','ENGR233'),(213,'COMP465','SOEN228'),(214,'COMP465','SOEN287'),(226,'COMP472','COMP232'),(227,'COMP472','COMP248'),(228,'COMP472','COMP249'),(120,'COMP472','COMP352'),(222,'COMP472','ELEC275'),(223,'COMP472','ENCS282'),(218,'COMP472','ENGR201'),(219,'COMP472','ENGR202'),(220,'COMP472','ENGR213'),(221,'COMP472','ENGR233'),(224,'COMP472','SOEN228'),(225,'COMP472','SOEN287'),(237,'COMP473','COMP232'),(238,'COMP473','COMP248'),(239,'COMP473','COMP249'),(121,'COMP473','COMP352'),(233,'COMP473','ELEC275'),(234,'COMP473','ENCS282'),(229,'COMP473','ENGR201'),(230,'COMP473','ENGR202'),(231,'COMP473','ENGR213'),(232,'COMP473','ENGR233'),(235,'COMP473','SOEN228'),(236,'COMP473','SOEN287'),(248,'COMP474','COMP232'),(249,'COMP474','COMP248'),(250,'COMP474','COMP249'),(122,'COMP474','COMP352'),(244,'COMP474','ELEC275'),(245,'COMP474','ENCS282'),(240,'COMP474','ENGR201'),(241,'COMP474','ENGR202'),(242,'COMP474','ENGR213'),(243,'COMP474','ENGR233'),(246,'COMP474','SOEN228'),(247,'COMP474','SOEN287'),(259,'COMP476','COMP232'),(260,'COMP476','COMP248'),(261,'COMP476','COMP249'),(129,'COMP476','COMP361'),(128,'COMP476','COMP376'),(255,'COMP476','ELEC275'),(256,'COMP476','ENCS282'),(251,'COMP476','ENGR201'),(252,'COMP476','ENGR202'),(253,'COMP476','ENGR213'),(254,'COMP476','ENGR233'),(130,'COMP476','ENGR391'),(257,'COMP476','SOEN228'),(258,'COMP476','SOEN287'),(270,'COMP477','COMP232'),(271,'COMP477','COMP248'),(272,'COMP477','COMP249'),(132,'COMP477','COMP361'),(131,'COMP477','COMP371'),(266,'COMP477','ELEC275'),(267,'COMP477','ENCS282'),(262,'COMP477','ENGR201'),(263,'COMP477','ENGR202'),(264,'COMP477','ENGR213'),(265,'COMP477','ENGR233'),(133,'COMP477','ENGR391'),(268,'COMP477','SOEN228'),(269,'COMP477','SOEN287'),(281,'COMP478','COMP232'),(282,'COMP478','COMP248'),(283,'COMP478','COMP249'),(123,'COMP478','COMP352'),(277,'COMP478','ELEC275'),(278,'COMP478','ENCS282'),(273,'COMP478','ENGR201'),(274,'COMP478','ENGR202'),(275,'COMP478','ENGR213'),(276,'COMP478','ENGR233'),(279,'COMP478','SOEN228'),(280,'COMP478','SOEN287'),(292,'COMP479','COMP232'),(293,'COMP479','COMP248'),(294,'COMP479','COMP249'),(288,'COMP479','ELEC275'),(289,'COMP479','ENCS282'),(284,'COMP479','ENGR201'),(285,'COMP479','ENGR202'),(286,'COMP479','ENGR213'),(287,'COMP479','ENGR233'),(124,'COMP479','ENGR371'),(290,'COMP479','SOEN228'),(291,'COMP479','SOEN287'),(303,'ENCS483','COMP232'),(304,'ENCS483','COMP248'),(305,'ENCS483','COMP249'),(299,'ENCS483','ELEC275'),(300,'ENCS483','ENCS282'),(295,'ENCS483','ENGR201'),(296,'ENCS483','ENGR202'),(297,'ENCS483','ENGR213'),(298,'ENCS483','ENGR233'),(301,'ENCS483','SOEN228'),(302,'ENCS483','SOEN287'),(72,'ENGR371','ENGR213'),(106,'ENGR391','COMP248'),(105,'ENGR391','ENGR213'),(73,'ENGR392','ENCS282'),(74,'ENGR392','ENGR201'),(313,'ENGR411','COMP232'),(314,'ENGR411','COMP248'),(315,'ENGR411','COMP249'),(310,'ENGR411','ELEC275'),(127,'ENGR411','ENCS282'),(306,'ENGR411','ENGR201'),(307,'ENGR411','ENGR202'),(308,'ENGR411','ENGR213'),(309,'ENGR411','ENGR233'),(311,'ENGR411','SOEN228'),(312,'ENGR411','SOEN287'),(109,'PHIL330','PHIL232'),(75,'SOEN287','COMP248'),(76,'SOEN321','COMP346'),(77,'SOEN331','COMP232'),(78,'SOEN331','COMP249'),(79,'SOEN341','COMP352'),(80,'SOEN341','ENCS282'),(81,'SOEN342','SOEN341'),(82,'SOEN343','SOEN341'),(83,'SOEN343','SOEN342'),(84,'SOEN344','SOEN343'),(85,'SOEN345','SOEN341'),(86,'SOEN345','SOEN343'),(87,'SOEN357','SOEN342'),(88,'SOEN384','ENCS282'),(89,'SOEN385','ENGR213'),(90,'SOEN385','ENGR233'),(134,'SOEN387','COMP353'),(136,'SOEN387','SOEN287'),(135,'SOEN387','SOEN341'),(91,'SOEN390','SOEN344'),(92,'SOEN390','SOEN357'),(324,'SOEN422','COMP232'),(325,'SOEN422','COMP248'),(326,'SOEN422','COMP249'),(125,'SOEN422','COMP346'),(320,'SOEN422','ELEC275'),(321,'SOEN422','ENCS282'),(316,'SOEN422','ENGR201'),(317,'SOEN422','ENGR202'),(318,'SOEN422','ENGR213'),(319,'SOEN422','ENGR233'),(322,'SOEN422','SOEN228'),(323,'SOEN422','SOEN287'),(335,'SOEN423','COMP232'),(336,'SOEN423','COMP248'),(337,'SOEN423','COMP249'),(126,'SOEN423','COMP346'),(331,'SOEN423','ELEC275'),(332,'SOEN423','ENCS282'),(327,'SOEN423','ENGR201'),(328,'SOEN423','ENGR202'),(329,'SOEN423','ENGR213'),(330,'SOEN423','ENGR233'),(333,'SOEN423','SOEN228'),(334,'SOEN423','SOEN287'),(346,'SOEN487','COMP232'),(347,'SOEN487','COMP248'),(348,'SOEN487','COMP249'),(342,'SOEN487','ELEC275'),(343,'SOEN487','ENCS282'),(338,'SOEN487','ENGR201'),(339,'SOEN487','ENGR202'),(340,'SOEN487','ENGR213'),(341,'SOEN487','ENGR233'),(344,'SOEN487','SOEN228'),(345,'SOEN487','SOEN287'),(137,'SOEN487','SOEN387'),(357,'SOEN490','COMP232'),(358,'SOEN490','COMP248'),(359,'SOEN490','COMP249'),(353,'SOEN490','ELEC275'),(354,'SOEN490','ENCS282'),(349,'SOEN490','ENGR201'),(350,'SOEN490','ENGR202'),(351,'SOEN490','ENGR213'),(352,'SOEN490','ENGR233'),(355,'SOEN490','SOEN228'),(356,'SOEN490','SOEN287'),(93,'SOEN490','SOEN342'),(94,'SOEN490','SOEN343'),(95,'SOEN490','SOEN344'),(96,'SOEN490','SOEN390');
/*!40000 ALTER TABLE `app_course_prerequisites` ENABLE KEYS */;
UNLOCK TABLES;

--
-- Table structure for table `app_event`
--

DROP TABLE IF EXISTS `app_event`;
/*!40101 SET @saved_cs_client     = @@character_set_client */;
/*!40101 SET character_set_client = utf8 */;
CREATE TABLE `app_event` (
  `id` int(11) NOT NULL AUTO_INCREMENT,
  `days` varchar(120) NOT NULL,
  `starttime` time NOT NULL,
  `endtime` time NOT NULL,
  `building` varchar(120) DEFAULT NULL,
  `room` int(11) NOT NULL,
  `location` varchar(120) NOT NULL,
  `semester` varchar(120) NOT NULL,
  `yearSpan` varchar(120) DEFAULT NULL,
  PRIMARY KEY (`id`)
) ENGINE=InnoDB AUTO_INCREMENT=1685 DEFAULT CHARSET=latin1;
/*!40101 SET character_set_client = @saved_cs_client */;

--
-- Dumping data for table `app_event`
--

LOCK TABLES `app_event` WRITE;
/*!40000 ALTER TABLE `app_event` DISABLE KEYS */;
INSERT INTO `app_event` VALUES (1,'-T-J---','11:45:00','14:15:00','SGW H',0,'SGW H-920','Summer2',NULL),(2,'-T-J---','15:00:00','16:40:00','SGW H-603',0,'SGW H-603','Summer2',NULL),(3,'--W----','08:45:00','11:30:00','SGW H-822',0,'SGW H-822','Summer2',NULL),(4,'--W----','12:30:00','15:15:00','SGW H-822',0,'SGW H-822','Summer2',NULL),(5,'-T-J---','15:00:00','16:40:00','SGW H-920',0,'SGW H-920','Summer2',NULL),(6,'-T-----','08:45:00','11:30:00','SGW H-822',0,'SGW H-822','Summer2',NULL),(7,'---J---','08:45:00','11:30:00','SGW H-822',0,'SGW H-822','Summer2',NULL),(8,'--W-F--','11:45:00','13:00:00','SGW H',0,'SGW MB-S2.115','Fall',NULL),(9,'----F--','13:15:00','14:55:00','SGW FG-B070',0,'SGW FG-B070','Fall',NULL),(10,'-T-----','11:45:00','14:30:00','SGW H-822',0,'SGW H-822','Fall',NULL),(11,'---J---','11:45:00','14:30:00','SGW H-822',0,'SGW H-822','Fall',NULL),(12,'----F--','08:45:00','11:30:00','SGW H-822',0,'SGW H-822','Fall',NULL),(13,'-T-J---','08:45:00','10:00:00','SGW H',0,'SGW FG-B040','Fall',NULL),(14,'--W----','14:45:00','16:25:00','SGW H-540',0,'SGW H-540','Fall',NULL),(15,'M------','08:45:00','11:30:00','SGW H-822',0,'SGW H-822','Fall',NULL),(16,'M------','14:45:00','17:30:00','SGW H-822',0,'SGW H-822','Fall',NULL),(17,'--W----','14:45:00','16:25:00','SGW H-603',0,'SGW H-603','Fall',NULL),(18,'M------','14:45:00','17:30:00','SGW H-822',0,'SGW H-822','Fall',NULL),(19,'M------','08:45:00','11:30:00','SGW H-822',0,'SGW H-822','Fall',NULL),(20,'-T-----','17:45:00','20:15:00','SGW H',0,'SGW FG-C080','Winter',NULL),(21,'--W----','09:45:00','11:25:00','SGW MB-S1.115',0,'SGW MB-S1.115','Winter',NULL),(22,'M------','08:45:00','11:30:00','SGW H-822',0,'SGW H-822','Winter',NULL),(23,'--W----','17:45:00','20:30:00','SGW H-822',0,'SGW H-822','Winter',NULL),(24,'M------','17:45:00','20:30:00','SGW H-822',0,'SGW H-822','Winter',NULL),(25,'--W----','10:15:00','11:55:00','SGW MB-S2.115',0,'SGW MB-S2.115','Winter',NULL),(26,'M------','08:45:00','11:30:00','SGW H-822',0,'SGW H-822','Winter',NULL),(27,'---J---','17:45:00','20:30:00','SGW H-822',0,'SGW H-822','Winter',NULL),(28,'---J---','17:45:00','20:30:00','SGW H-822',0,'SGW H-822','Winter',NULL),(29,'-T-J---','10:15:00','12:45:00','SGW H',0,'SGW H-535','Summer1',NULL),(30,'-T-J---','08:30:00','10:10:00','SGW H-435',0,'SGW H-435','Summer1',NULL),(31,'-T-J---','14:00:00','15:40:00','SGW FG-C080',0,'SGW FG-C080','Summer1',NULL),(32,'M-W----','08:45:00','10:25:00','SGW H-615',0,'SGW H-615','Summer1',NULL),(33,'-T-J---','10:45:00','13:15:00','SGW H',0,'SGW H-937','Summer1',NULL),(34,'-T-J---','08:45:00','10:25:00','SGW FG-C070',0,'SGW FG-C070','Summer1',NULL),(35,'-T-J---','14:00:00','15:40:00','SGW H-937',0,'SGW H-937','Summer1',NULL),(36,'M-W----','08:45:00','10:25:00','SGW H-529',0,'SGW H-529','Summer1',NULL),(37,'-T-J---','10:15:00','12:45:00','SGW H',0,'SGW H-407','Summer2',NULL),(38,'-T-J---','08:30:00','10:10:00','SGW H-539',0,'SGW H-539','Summer2',NULL),(39,'-T-J---','14:00:00','15:40:00','SGW H-539',0,'SGW H-539','Summer2',NULL),(40,'M-W----','08:45:00','10:25:00','SGW H-623',0,'SGW H-623','Summer2',NULL),(41,'M-W----','16:15:00','17:30:00','SGW H',0,'SGW H-553','Fall',NULL),(42,'M------','08:20:00','10:00:00','SGW H-544',0,'SGW H-544','Fall',NULL),(43,'M------','08:20:00','10:00:00','SGW H-529',0,'SGW H-529','Fall',NULL),(44,'M------','08:20:00','10:00:00','SGW H-564',0,'SGW H-564','Fall',NULL),(45,'M------','17:55:00','19:35:00','SGW H-611',0,'SGW H-611','Fall',NULL),(46,'M-W----','14:45:00','16:00:00','SGW H',0,'SGW H-553','Fall',NULL),(47,'--W----','16:15:00','17:55:00','SGW H-607',0,'SGW H-607','Fall',NULL),(48,'--W----','16:15:00','17:55:00','SGW H-611',0,'SGW H-611','Fall',NULL),(49,'--W----','16:15:00','17:55:00','SGW H-513',0,'SGW H-513','Fall',NULL),(50,'--W----','17:45:00','19:25:00','SGW H-621',0,'SGW H-621','Fall',NULL),(51,'-T-----','17:45:00','20:15:00','SGW H',0,'SGW H-553','Fall',NULL),(52,'----F--','16:15:00','17:55:00','SGW H-615',0,'SGW H-615','Fall',NULL),(53,'----F--','16:15:00','17:55:00','SGW H-529',0,'SGW H-529','Fall',NULL),(54,'----F--','16:15:00','17:55:00','SGW H-400',0,'SGW H-400','Fall',NULL),(55,'---J---','17:45:00','19:25:00','SGW H-615',0,'SGW H-615','Fall',NULL),(56,'-T-J---','14:45:00','16:00:00','SGW H',0,'SGW H-553','Winter',NULL),(57,'----F--','16:15:00','17:55:00','SGW H-615',0,'SGW H-615','Winter',NULL),(58,'-T-----','16:15:00','17:55:00','SGW H-529',0,'SGW H-529','Winter',NULL),(59,'M------','16:15:00','17:55:00','SGW H-611',0,'SGW H-611','Winter',NULL),(60,'----F--','16:15:00','17:55:00','SGW H-529',0,'SGW H-529','Winter',NULL),(61,'-T-----','17:45:00','20:15:00','SGW H',0,'SGW H-937','Winter',NULL),(62,'M------','16:15:00','17:55:00','SGW H-529',0,'SGW H-529','Winter',NULL),(63,'---J---','16:15:00','17:55:00','SGW H-439',0,'SGW H-439','Winter',NULL),(64,'----F--','16:15:00','17:55:00','SGW H-400',0,'SGW H-400','Winter',NULL),(65,'-T-----','20:30:00','22:10:00','SGW H-529',0,'SGW H-529','Winter',NULL),(66,'-T-----','20:30:00','22:10:00','SGW H-920',0,'SGW H-920','Winter',NULL),(67,'M------','18:30:00','21:00:00','SGW H',0,'SGW H-435','Summer1',NULL),(68,'---J---','09:20:00','10:10:00','SGW H-603',0,'SGW H-603','Summer1',NULL),(69,'---J---','11:00:00','11:50:00','SGW H-603',0,'SGW H-603','Summer1',NULL),(70,'---J---','13:00:00','13:50:00','SGW H-603',0,'SGW H-603','Summer1',NULL),(71,'---J---','14:00:00','14:50:00','SGW H-603',0,'SGW H-603','Summer1',NULL),(72,'-T-----','16:15:00','17:30:00','SGW H',0,'SGW H-937','Fall',NULL),(73,'--W----','08:45:00','09:35:00','SGW H-401',0,'SGW H-401','Fall',NULL),(74,'--W----','08:45:00','09:35:00','SGW H-401',0,'SGW H-401','Fall',NULL),(75,'---J---','16:15:00','17:05:00','SGW FG-B080',0,'SGW FG-B080','Fall',NULL),(76,'---J---','16:15:00','17:05:00','SGW FG-B080',0,'SGW FG-B080','Fall',NULL),(77,'---J---','16:15:00','17:30:00','SGW H',0,'SGW H-937','Fall',NULL),(78,'---J---','17:45:00','18:35:00','SGW H-401',0,'SGW H-401','Fall',NULL),(79,'---J---','17:45:00','18:35:00','SGW H-401',0,'SGW H-401','Fall',NULL),(80,'-T-----','16:15:00','17:05:00','SGW H-401',0,'SGW H-401','Fall',NULL),(81,'M------','08:45:00','09:35:00','SGW H-423',0,'SGW H-423','Fall',NULL),(82,'-T-----','16:15:00','17:30:00','SGW H',0,'SGW H-937','Winter',NULL),(83,'--W----','08:45:00','09:35:00','SGW FG-B055',0,'SGW FG-B055','Winter',NULL),(84,'--W----','08:45:00','09:35:00','SGW FG-B055',0,'SGW FG-B055','Winter',NULL),(85,'---J---','16:15:00','17:05:00','SGW FG-B080',0,'SGW FG-B080','Winter',NULL),(86,'---J---','16:15:00','17:05:00','SGW FG-B080',0,'SGW FG-B080','Winter',NULL),(87,'-------','00:00:00','00:00:00','SGW H',0,'SGW(Online)','Winter',NULL),(88,'----F--','08:45:00','09:35:00','SGW H-401',0,'SGW H-401','Winter',NULL),(89,'----F--','08:45:00','09:35:00','SGW H-401',0,'SGW H-401','Winter',NULL),(90,'-T-----','16:15:00','17:05:00','SGW H-433',0,'SGW H-433','Winter',NULL),(91,'-T-----','16:15:00','17:05:00','SGW H-433',0,'SGW H-433','Winter',NULL),(92,'M-W----','11:45:00','13:00:00','SGW H',0,'SGW H-937','Summer1',NULL),(93,'----F--','16:15:00','17:30:00','SGW H',0,'SGW H-531','Fall',NULL),(94,'---J---','16:15:00','17:30:00','SGW H',0,'SGW H-531','Fall',NULL),(95,'---J---','16:15:00','17:30:00','SGW H',0,'SGW H-531','Winter',NULL),(96,'--W----','17:45:00','19:00:00','SGW H',0,'SGW FG-C080','Winter',NULL),(97,'-T-J---','10:15:00','12:45:00','SGW H',0,'SGW H-435','Summer1',NULL),(98,'-T-J---','08:30:00','10:10:00','SGW H-937',0,'SGW H-937','Summer1',NULL),(99,'-T-J---','08:30:00','10:10:00','SGW H-535',0,'SGW H-535','Summer1',NULL),(100,'M-W----','11:45:00','13:00:00','SGW H',0,'SGW MB-S2.210','Fall',NULL),(101,'----F--','13:15:00','14:55:00','SGW H-605',0,'SGW H-605','Fall',NULL),(102,'----F--','13:15:00','14:55:00','SGW MB-S1.430',0,'SGW MB-S1.430','Fall',NULL),(103,'--W-F--','08:45:00','10:00:00','SGW H',0,'SGW H-535','Fall',NULL),(104,'M------','08:20:00','10:00:00','SGW H-433',0,'SGW H-433','Fall',NULL),(105,'M------','08:20:00','10:00:00','SGW H-561',0,'SGW H-561','Fall',NULL),(106,'-T-J---','10:15:00','11:30:00','SGW H',0,'SGW H-411','Fall',NULL),(107,'M------','13:15:00','14:55:00','SGW H-423',0,'SGW H-423','Fall',NULL),(108,'M------','13:15:00','14:55:00','SGW H-403',0,'SGW H-403','Fall',NULL),(109,'--W-F--','11:45:00','13:00:00','SGW H',0,'SGW H-937','Fall',NULL),(110,'----F--','14:15:00','15:55:00','SGW H-1011',0,'SGW H-1011','Fall',NULL),(111,'M------','14:15:00','15:55:00','SGW H-435',0,'SGW H-435','Fall',NULL),(112,'--W-F--','08:45:00','10:00:00','SGW H',0,'SGW H-435','Fall',NULL),(113,'---J---','13:45:00','15:25:00','SGW H-407',0,'SGW H-407','Fall',NULL),(114,'---J---','13:45:00','15:25:00','SGW FG-B080',0,'SGW FG-B080','Fall',NULL),(115,'-T-J---','10:15:00','11:30:00','SGW H',0,'SGW H-553','Fall',NULL),(116,'M------','13:15:00','14:55:00','SGW H-531',0,'SGW H-531','Fall',NULL),(117,'M------','13:15:00','14:55:00','SGW MB-2.435',0,'SGW MB-2.435','Fall',NULL),(118,'----F--','17:45:00','20:15:00','SGW H',0,'SGW H-535','Fall',NULL),(119,'----F--','15:45:00','17:25:00','SGW H-520',0,'SGW H-520','Fall',NULL),(120,'----F--','15:45:00','17:25:00','SGW H-420',0,'SGW H-420','Fall',NULL),(121,'-T-J---','14:45:00','16:00:00','SGW H',0,'SGW H-937','Winter',NULL),(122,'M------','18:00:00','19:40:00','SGW H-420',0,'SGW H-420','Winter',NULL),(123,'----F--','17:45:00','19:25:00','SGW H-403',0,'SGW H-403','Winter',NULL),(124,'M------','18:00:00','19:40:00','SGW H-529',0,'SGW H-529','Winter',NULL),(125,'----F--','17:45:00','19:25:00','SGW H-513',0,'SGW H-513','Winter',NULL),(126,'M------','18:00:00','19:40:00','SGW H-611',0,'SGW H-611','Winter',NULL),(127,'-T-J---','14:45:00','16:00:00','SGW H',0,'SGW H-435','Winter',NULL),(128,'M------','16:10:00','17:50:00','SGW H-420',0,'SGW H-420','Winter',NULL),(129,'----F--','17:45:00','19:25:00','SGW H-501',0,'SGW H-501','Winter',NULL),(130,'M------','16:10:00','17:50:00','SGW MB-2.285',0,'SGW MB-2.285','Winter',NULL),(131,'----F--','17:45:00','19:25:00','SGW H-562',0,'SGW H-562','Winter',NULL),(132,'M------','16:10:00','17:50:00','SGW H-540',0,'SGW H-540','Winter',NULL),(133,'M------','18:00:00','19:00:00','SGW H-423',0,'SGW H-423','Winter',NULL),(134,'-T-J---','14:45:00','16:00:00','SGW H',0,'SGW FG-B040','Winter',NULL),(135,'----F--','15:45:00','17:25:00','SGW H-537',0,'SGW H-537','Winter',NULL),(136,'----F--','15:45:00','17:25:00','SGW H-544',0,'SGW H-544','Winter',NULL),(137,'----F--','15:45:00','17:25:00','SGW H-619',0,'SGW H-619','Winter',NULL),(138,'----F--','15:45:00','17:25:00','SGW H-423',0,'SGW H-423','Winter',NULL),(139,'-T-J---','10:45:00','13:15:00','SGW H',0,'SGW H-435','Summer2',NULL),(140,'-T-J---','08:45:00','10:25:00','SGW H-564',0,'SGW H-564','Summer2',NULL),(141,'-T-J---','08:45:00','10:25:00','SGW H-562',0,'SGW H-562','Summer2',NULL),(142,'-T-J---','08:45:00','10:25:00','SGW H-431',0,'SGW H-431','Summer2',NULL),(143,'-T-J---','08:45:00','10:25:00','SGW H-537',0,'SGW H-537','Summer2',NULL),(144,'-T-J---','08:45:00','10:25:00','SGW H-627',0,'SGW H-627','Summer2',NULL),(145,'-T-J---','13:15:00','14:30:00','SGW H',0,'SGW H-415','Fall',NULL),(146,'M------','10:45:00','12:25:00','SGW MB-S1.115',0,'SGW MB-S1.115','Fall',NULL),(147,'M------','10:45:00','12:25:00','SGW H-401',0,'SGW H-401','Fall',NULL),(148,'-T-J---','13:15:00','14:30:00','SGW H',0,'SGW FG-B060','Fall',NULL),(149,'M------','10:45:00','12:25:00','SGW FG-B055',0,'SGW FG-B055','Fall',NULL),(150,'M------','10:45:00','12:25:00','SGW FG-B080',0,'SGW FG-B080','Fall',NULL),(151,'M-W----','16:15:00','17:30:00','SGW H',0,'SGW FG-C080','Winter',NULL),(152,'M------','17:45:00','19:25:00','SGW FG-C080',0,'SGW FG-C080','Winter',NULL),(153,'M------','19:40:00','21:20:00','SGW FG-C080',0,'SGW FG-C080','Winter',NULL),(154,'M------','13:15:00','15:05:00','SGW MB-2.285',0,'SGW MB-2.285','Winter',NULL),(155,'-T-J---','11:45:00','13:00:00','SGW H',0,'SGW H-415','Winter',NULL),(156,'----F--','14:15:00','15:55:00','SGW H-627',0,'SGW H-627','Winter',NULL),(157,'----F--','14:15:00','15:55:00','SGW H-562',0,'SGW H-562','Winter',NULL),(158,'----F--','14:15:00','15:55:00','SGW H-431',0,'SGW H-431','Winter',NULL),(159,'--W-F--','08:45:00','10:00:00','SGW H',0,'SGW MB-S2.210','Winter',NULL),(160,'M------','08:20:00','10:00:00','SGW H-619',0,'SGW H-619','Winter',NULL),(161,'--W----','13:15:00','14:55:00','SGW H-621',0,'SGW H-621','Winter',NULL),(162,'M------','08:20:00','10:00:00','SGW H-621',0,'SGW H-621','Winter',NULL),(163,'--W-F--','10:15:00','11:30:00','SGW H',0,'SGW H-620','Winter',NULL),(164,'---J---','09:45:00','11:25:00','SGW MB-3.265',0,'SGW MB-3.265','Winter',NULL),(165,'---J---','09:45:00','11:25:00','SGW MB-3.285',0,'SGW MB-3.285','Winter',NULL),(166,'---J---','09:45:00','11:25:00','SGW MB-1.301',0,'SGW MB-1.301','Winter',NULL),(167,'-T-J---','08:45:00','10:00:00','SGW H',0,'SGW H-407','Winter',NULL),(168,'M------','09:45:00','11:25:00','SGW H-623',0,'SGW H-623','Winter',NULL),(169,'M------','13:15:00','14:55:00','SGW H-613',0,'SGW H-613','Winter',NULL),(170,'M------','09:45:00','11:25:00','SGW H-603',0,'SGW H-603','Winter',NULL),(171,'-T-J---','08:45:00','10:00:00','SGW H',0,'SGW H-535','Winter',NULL),(172,'M------','08:20:00','10:00:00','SGW H-611',0,'SGW H-611','Winter',NULL),(173,'M------','08:20:00','10:00:00','SGW H-609',0,'SGW H-609','Winter',NULL),(174,'M------','08:20:00','10:00:00','SGW H-607',0,'SGW H-607','Winter',NULL),(175,'--W-F--','10:15:00','11:30:00','SGW H',0,'SGW H-1070','Winter',NULL),(176,'----F--','14:15:00','15:55:00','SGW MB-2.285',0,'SGW MB-2.285','Winter',NULL),(177,'----F--','14:15:00','15:55:00','SGW MB-3.255',0,'SGW MB-3.255','Winter',NULL),(178,'----F--','14:15:00','15:55:00','SGW H-621',0,'SGW H-621','Winter',NULL),(179,'-T-J---','18:30:00','21:00:00','SGW H',0,'SGW H-937','Summer1',NULL),(180,'---J---','16:15:00','18:05:00','SGW H-831',0,'SGW H-831','Summer1',NULL),(181,'-T-----','16:15:00','18:05:00','SGW H-831',0,'SGW H-831','Summer1',NULL),(182,'---J---','16:15:00','18:05:00','SGW H-917',0,'SGW H-917','Summer1',NULL),(183,'-T-----','16:15:00','18:05:00','SGW H-917',0,'SGW H-917','Summer1',NULL),(184,'-T-J---','18:30:00','21:00:00','SGW H',0,'SGW FG-B060','Summer1',NULL),(185,'M------','18:30:00','20:20:00','SGW H-831',0,'SGW H-831','Summer1',NULL),(186,'--W----','18:30:00','20:20:00','SGW H-831',0,'SGW H-831','Summer1',NULL),(187,'M------','16:15:00','18:05:00','SGW H-831',0,'SGW H-831','Summer1',NULL),(188,'--W----','16:15:00','18:05:00','SGW H-831',0,'SGW H-831','Summer1',NULL),(189,'-T-J---','16:15:00','17:30:00','SGW H',0,'SGW H-507','Fall',NULL),(190,'-T-----','17:45:00','18:35:00','SGW EV-1.162',0,'SGW EV-1.162','Fall',NULL),(191,'-T-----','18:45:00','19:35:00','SGW EV-1.162',0,'SGW EV-1.162','Fall',NULL),(192,'-T-----','17:45:00','18:35:00','SGW EV-3.309',0,'SGW EV-3.309','Fall',NULL),(193,'---J---','18:45:00','19:35:00','SGW EV-3.309',0,'SGW EV-3.309','Fall',NULL),(194,'-T-J---','16:15:00','17:30:00','SGW H',0,'SGW H-411','Fall',NULL),(195,'---J---','17:45:00','18:35:00','SGW EV-3.309',0,'SGW EV-3.309','Fall',NULL),(196,'---J---','19:45:00','20:35:00','SGW EV-3.309',0,'SGW EV-3.309','Fall',NULL),(197,'-T-----','19:45:00','20:35:00','SGW EV-1.162',0,'SGW EV-1.162','Fall',NULL),(198,'-T-----','19:45:00','20:35:00','SGW EV-3.309',0,'SGW EV-3.309','Fall',NULL),(199,'----F--','17:45:00','20:15:00','SGW H',0,'SGW H-411','Fall',NULL),(200,'M------','17:45:00','18:35:00','SGW EV-3.309',0,'SGW EV-3.309','Fall',NULL),(201,'M------','18:45:00','19:35:00','SGW EV-3.309',0,'SGW EV-3.309','Fall',NULL),(202,'M------','17:45:00','18:35:00','SGW EV-1.162',0,'SGW EV-1.162','Fall',NULL),(203,'--W----','18:45:00','19:35:00','SGW EV-3.309',0,'SGW EV-3.309','Fall',NULL),(204,'----F--','17:45:00','20:15:00','SGW H',0,'SGW H-553','Fall',NULL),(205,'--W----','17:45:00','18:35:00','SGW EV-3.309',0,'SGW EV-3.309','Fall',NULL),(206,'--W----','18:45:00','19:35:00','SGW EV-1.162',0,'SGW EV-1.162','Fall',NULL),(207,'--W----','17:45:00','18:35:00','SGW EV-1.162',0,'SGW EV-1.162','Fall',NULL),(208,'M------','18:45:00','19:35:00','SGW EV-1.162',0,'SGW EV-1.162','Fall',NULL),(209,'-T-J---','16:15:00','17:30:00','SGW H',0,'SGW H-553','Winter',NULL),(210,'-T-----','17:45:00','18:35:00','SGW EV-1.162',0,'SGW EV-1.162','Winter',NULL),(211,'-T-----','17:45:00','18:35:00','SGW EV-3.309',0,'SGW EV-3.309','Winter',NULL),(212,'---J---','18:45:00','19:35:00','SGW EV-1.162',0,'SGW EV-1.162','Winter',NULL),(213,'---J---','18:45:00','19:35:00','SGW EV-3.309',0,'SGW EV-3.309','Winter',NULL),(214,'M------','17:45:00','20:15:00','SGW H',0,'SGW FG-B060','Winter',NULL),(215,'---J---','17:45:00','18:35:00','SGW EV-1.162',0,'SGW EV-1.162','Winter',NULL),(216,'---J---','17:45:00','18:35:00','SGW EV-3.309',0,'SGW EV-3.309','Winter',NULL),(217,'-T-----','18:45:00','19:35:00','SGW EV-1.162',0,'SGW EV-1.162','Winter',NULL),(218,'-T-----','18:45:00','19:35:00','SGW EV-3.309',0,'SGW EV-3.309','Winter',NULL),(219,'M-W----','18:30:00','21:00:00','SGW H',0,'SGW FG-C080','Summer2',NULL),(220,'M-W----','21:15:00','22:05:00','SGW H-537',0,'SGW H-537','Summer2',NULL),(221,'M-W----','21:15:00','22:05:00','SGW H-564',0,'SGW H-564','Summer2',NULL),(222,'M-W----','21:15:00','22:05:00','SGW H-623',0,'SGW H-623','Summer2',NULL),(223,'M-W----','18:30:00','21:00:00','SGW H',0,'SGW H-531','Summer2',NULL),(224,'M-W----','21:15:00','22:05:00','SGW H-544',0,'SGW H-544','Summer2',NULL),(225,'M-W----','21:15:00','22:05:00','SGW H-540',0,'SGW H-540','Summer2',NULL),(226,'M-W----','21:15:00','22:05:00','SGW H-603',0,'SGW H-603','Summer2',NULL),(227,'-T-J---','13:15:00','14:30:00','SGW H',0,'SGW H-1070','Fall',NULL),(228,'M------','11:45:00','12:35:00','SGW H-619',0,'SGW H-619','Fall',NULL),(229,'M------','10:15:00','11:05:00','SGW H-619',0,'SGW H-619','Fall',NULL),(230,'M-W----','13:15:00','14:30:00','SGW H',0,'SGW H-1070','Fall',NULL),(231,'-T-----','13:15:00','14:05:00','SGW H-619',0,'SGW H-619','Fall',NULL),(232,'---J---','13:15:00','14:05:00','SGW H-619',0,'SGW H-619','Fall',NULL),(233,'M------','17:45:00','20:15:00','SGW H',0,'SGW H-620','Fall',NULL),(234,'-T-----','17:45:00','18:35:00','SGW H-619',0,'SGW H-619','Fall',NULL),(235,'--W----','17:45:00','18:35:00','SGW H-429',0,'SGW H-429','Fall',NULL),(236,'-T-J---','14:45:00','16:00:00','SGW H',0,'SGW H-1070','Winter',NULL),(237,'----F--','10:15:00','11:05:00','SGW H-401',0,'SGW H-401','Winter',NULL),(238,'----F--','10:15:00','11:05:00','SGW FG-B055',0,'SGW FG-B055','Winter',NULL),(239,'--W-F--','10:15:00','11:30:00','SGW H',0,'SGW FG-B060','Winter',NULL),(240,'--W----','08:45:00','09:35:00','SGW FG-B080',0,'SGW FG-B080','Winter',NULL),(241,'----F--','08:45:00','09:35:00','SGW FG-B055',0,'SGW FG-B055','Winter',NULL),(242,'----F--','17:45:00','20:15:00','SGW H',0,'SGW H-620','Winter',NULL),(243,'----F--','14:45:00','15:35:00','SGW H-619',0,'SGW H-619','Winter',NULL),(244,'M------','14:45:00','15:35:00','SGW H-619',0,'SGW H-619','Winter',NULL),(245,'-T-J---','08:45:00','11:30:00','SGW H',0,'SGW H-509','Summer1',NULL),(246,'-T-J---','11:45:00','14:30:00','SGW H',0,'SGW FG-B060','Summer1',NULL),(247,'-T-J---','08:45:00','11:30:00','SGW H',0,'SGW H-557','Summer2',NULL),(248,'----F--','08:45:00','11:30:00','SGW H',0,'SGW FG-B080','Fall',NULL),(249,'M-W----','16:15:00','17:30:00','SGW H',0,'SGW H-629','Fall',NULL),(250,'---J---','17:45:00','20:15:00','SGW H',0,'SGW FG-B055','Fall',NULL),(251,'----F--','08:45:00','11:30:00','SGW H',0,'SGW FG-B080','Winter',NULL),(252,'M-W----','16:15:00','17:30:00','SGW H',0,'SGW H-401','Winter',NULL),(253,'-T-----','17:45:00','20:15:00','SGW H',0,'SGW FG-B080','Winter',NULL),(254,'M-W----','14:45:00','16:00:00','SGW H',0,'SGW H-531','Winter',NULL),(255,'--W----','16:15:00','17:55:00','SGW H-400',0,'SGW H-400','Winter',NULL),(256,'-T-----','10:00:00','12:00:00','SGW',0,'SGW','Winter',NULL),(257,'--W----','10:00:00','12:00:00','SGW',0,'SGW','Winter',NULL),(258,'--W----','16:15:00','17:55:00','SGW H-621',0,'SGW H-621','Winter',NULL),(259,'--W----','18:00:00','20:00:00','SGW',0,'SGW','Winter',NULL),(260,'M------','16:15:00','18:15:00','SGW',0,'SGW','Winter',NULL),(261,'--W----','16:15:00','17:55:00','SGW H-459',0,'SGW H-459','Winter',NULL),(262,'---J---','10:00:00','12:00:00','SGW',0,'SGW','Winter',NULL),(263,'--W----','12:15:00','14:15:00','SGW',0,'SGW','Winter',NULL),(264,'-T-----','17:45:00','20:15:00','SGW H',0,'SGW H-553','Winter',NULL),(265,'-T-----','20:30:00','22:10:00','SGW H-427',0,'SGW H-427','Winter',NULL),(266,'-T-----','10:00:00','12:00:00','SGW',0,'SGW','Winter',NULL),(267,'M------','10:00:00','12:00:00','SGW',0,'SGW','Winter',NULL),(268,'-T-----','20:30:00','22:10:00','SGW H-539',0,'SGW H-539','Winter',NULL),(269,'--W----','10:00:00','12:00:00','SGW',0,'SGW','Winter',NULL),(270,'M------','10:00:00','12:00:00','SGW',0,'SGW','Winter',NULL),(271,'--W----','18:00:00','20:15:00','SGW',0,'SGW','Winter',NULL),(272,'M-W----','10:45:00','13:15:00','SGW H',0,'SGW H-531','Summer2',NULL),(273,'M-W----','08:45:00','10:25:00','SGW',0,'SGW','Summer2',NULL),(274,'M-W----','08:45:00','10:25:00','SGW',0,'SGW','Summer2',NULL),(275,'-T-J---','08:45:00','10:00:00','SGW H',0,'SGW H-539','Fall',NULL),(276,'-T-----','10:15:00','11:55:00','SGW H-967',0,'SGW H-967','Fall',NULL),(277,'---J---','18:15:00','19:55:00','SGW H-817',0,'SGW H-817','Fall',NULL),(278,'-T-J---','08:45:00','10:00:00','SGW H',0,'SGW FG-B080','Winter',NULL),(279,'-T-----','10:15:00','11:55:00','SGW H-831',0,'SGW H-831','Winter',NULL),(280,'---J---','10:15:00','11:55:00','SGW H-831',0,'SGW H-831','Winter',NULL),(281,'-T-J---','14:45:00','16:00:00','SGW H',0,'SGW FG-C070','Winter',NULL),(282,'-T-----','16:15:00','17:55:00','SGW H-821',0,'SGW H-821','Winter',NULL),(283,'---J---','16:15:00','17:55:00','SGW H-831',0,'SGW H-831','Winter',NULL),(284,'----F--','15:15:00','16:55:00','SGW H-967',0,'SGW H-967','Winter',NULL),(285,'-T-----','16:15:00','17:55:00','SGW H-819',0,'SGW H-819','Winter',NULL),(286,'M------','17:45:00','20:15:00','SGW H',0,'SGW H-415','Fall',NULL),(287,'M------','20:30:00','21:20:00','SGW H-929',0,'SGW H-929','Fall',NULL),(288,'M------','20:30:00','21:20:00','SGW H-905',0,'SGW H-905','Fall',NULL),(289,'-T-J---','16:15:00','17:30:00','SGW H',0,'SGW H-411','Winter',NULL),(290,'----F--','14:15:00','16:05:00','SGW H-411',0,'SGW H-411','Winter',NULL),(291,'----F--','14:15:00','16:05:00','SGW H-459',0,'SGW H-459','Winter',NULL),(292,'--W-F--','10:15:00','11:30:00','SGW H',0,'SGW H-403','Fall',NULL),(293,'----F--','11:45:00','12:35:00','SGW H-917',0,'SGW H-917','Fall',NULL),(294,'----F--','12:45:00','13:35:00','SGW H-825',0,'SGW H-825','Fall',NULL),(295,'--W-F--','08:45:00','10:00:00','SGW H',0,'SGW H-620','Winter',NULL),(296,'----F--','12:15:00','13:05:00','SGW H-564',0,'SGW H-564','Winter',NULL),(297,'----F--','13:15:00','14:05:00','SGW H-564',0,'SGW H-564','Winter',NULL),(298,'----F--','14:15:00','15:05:00','SGW H-564',0,'SGW H-564','Winter',NULL),(299,'--W-F--','11:45:00','13:00:00','SGW H',0,'SGW H-431','Fall',NULL),(300,'----F--','15:45:00','16:35:00','SGW H-905',0,'SGW H-905','Fall',NULL),(301,'----F--','15:45:00','16:35:00','SGW H-917',0,'SGW H-917','Fall',NULL),(302,'--W-F--','13:15:00','14:30:00','SGW H',0,'SGW H-431','Fall',NULL),(303,'----F--','14:45:00','15:35:00','SGW H-929',0,'SGW H-929','Fall',NULL),(304,'----F--','14:45:00','15:35:00','SGW H-831',0,'SGW H-831','Fall',NULL),(305,'-T-J---','13:15:00','14:30:00','SGW H',0,'SGW H-431','Winter',NULL),(306,'---J---','14:45:00','15:35:00','SGW H-920',0,'SGW H-920','Winter',NULL),(307,'M-W----','14:45:00','16:00:00','SGW H',0,'SGW H-431','Winter',NULL),(308,'--W----','16:15:00','17:05:00','SGW H-441',0,'SGW H-441','Winter',NULL),(309,'--W----','17:45:00','18:35:00','SGW H-441',0,'SGW H-441','Winter',NULL),(310,'--W-F--','10:15:00','11:30:00','SGW H',0,'SGW H-431','Winter',NULL),(311,'----F--','11:45:00','12:35:00','SGW H-561',0,'SGW H-561','Winter',NULL),(312,'--W-F--','10:15:00','11:30:00','SGW H',0,'SGW H-431','Fall',NULL),(313,'----F--','09:15:00','10:05:00','SGW H-929',0,'SGW H-929','Fall',NULL),(314,'-T-J---','11:45:00','13:00:00','SGW H',0,'SGW H-557','Winter',NULL),(315,'-T-----','10:45:00','11:35:00','SGW',0,'SGW','Winter',NULL),(316,'---J---','10:45:00','11:35:00','SGW',0,'SGW','Winter',NULL),(317,'M------','10:45:00','11:35:00','SGW',0,'SGW','Winter',NULL),(318,'M------','16:15:00','17:55:00','SGW H',0,'SGW FG-B050','Winter',NULL),(319,'M------','18:15:00','19:05:00','SGW',0,'SGW','Winter',NULL),(320,'---J---','15:45:00','18:25:00','SGW',0,'SGW','Winter',NULL),(321,'M------','18:15:00','19:05:00','SGW',0,'SGW','Winter',NULL),(322,'-T-----','15:45:00','18:25:00','SGW',0,'SGW','Winter',NULL),(323,'----F--','18:25:00','19:25:00','SGW H',0,'SGW H-521','Fall&Winter;',NULL),(324,'-T-J---','08:45:00','10:45:00','SGW H-849',0,'SGW H-849','Fall&Winter;',NULL),(325,'-T-J---','08:45:00','10:45:00','SGW H-825',0,'SGW H-825','Fall&Winter;',NULL),(326,'-T-J---','10:45:00','13:15:00','SGW H',0,'SGW H-521','Summer1',NULL),(327,'-T-J---','13:45:00','15:25:00','SGW H-521',0,'SGW H-521','Summer1',NULL),(328,'-T-J---','13:15:00','14:30:00','SGW H',0,'SGW H-820','Fall',NULL),(329,'-T-----','16:15:00','17:55:00','SGW H-607',0,'SGW H-607','Fall',NULL),(330,'---J---','14:45:00','16:25:00','SGW H-619',0,'SGW H-619','Fall',NULL),(331,'-T-J---','13:15:00','14:30:00','SGW H',0,'SGW H-937','Fall',NULL),(332,'-T-----','16:15:00','17:55:00','SGW H-1070',0,'SGW H-1070','Fall',NULL),(333,'-T-----','16:15:00','17:55:00','SGW GN-M100',0,'SGW GN-M100','Fall',NULL),(334,'--W----','17:45:00','20:15:00','SGW H',0,'SGW FG-C070','Fall',NULL),(335,'--W----','20:30:00','22:10:00','SGW H-429',0,'SGW H-429','Fall',NULL),(336,'--W----','20:30:00','22:10:00','SGW H-619',0,'SGW H-619','Fall',NULL),(337,'-T-J---','13:15:00','14:30:00','SGW H',0,'SGW H-561','Winter',NULL),(338,'-T-----','14:45:00','16:25:00','SGW H-920',0,'SGW H-920','Winter',NULL),(339,'-T-----','14:45:00','16:25:00','SGW H-623',0,'SGW H-623','Winter',NULL),(340,'---J---','17:45:00','20:15:00','SGW H',0,'SGW H-520','Winter',NULL),(341,'---J---','20:30:00','22:10:00','SGW H-520',0,'SGW H-520','Winter',NULL),(342,'-T-----','20:30:00','22:10:00','SGW H-607',0,'SGW H-607','Winter',NULL),(343,'M-W----','13:30:00','16:00:00','SGW H',0,'SGW H-557','Summer1',NULL),(344,'M-W----','16:40:00','18:20:00','SGW MB-S1.105',0,'SGW MB-S1.105','Summer1',NULL),(345,'M-W----','16:40:00','18:20:00','SGW MB-S2.445',0,'SGW MB-S2.445','Summer1',NULL),(346,'M-W----','16:40:00','18:20:00','SGW MB-1.301',0,'SGW MB-1.301','Summer1',NULL),(347,'M-W----','13:15:00','14:30:00','SGW H',0,'SGW FG-C080','Fall',NULL),(348,'M------','10:15:00','11:55:00','SGW H-831',0,'SGW H-831','Fall',NULL),(349,'--W----','10:15:00','11:55:00','SGW H-831',0,'SGW H-831','Fall',NULL),(350,'----F--','08:45:00','10:25:00','SGW H-905',0,'SGW H-905','Fall',NULL),(351,'M------','10:15:00','11:55:00','SGW H-905',0,'SGW H-905','Fall',NULL),(352,'M-W----','08:45:00','10:00:00','SGW H',0,'SGW FG-B050','Fall',NULL),(353,'----F--','08:45:00','10:25:00','SGW H-917',0,'SGW H-917','Fall',NULL),(354,'M------','10:15:00','11:55:00','SGW H-917',0,'SGW H-917','Fall',NULL),(355,'--W----','10:15:00','11:55:00','SGW H-917',0,'SGW H-917','Fall',NULL),(356,'----F--','17:45:00','20:15:00','SGW H',0,'SGW H-420','Fall',NULL),(357,'-T-----','11:45:00','13:35:00','SGW H-849',0,'SGW H-849','Fall',NULL),(358,'---J---','11:45:00','13:35:00','SGW H-831',0,'SGW H-831','Fall',NULL),(359,'M------','17:45:00','19:35:00','SGW H-917',0,'SGW H-917','Fall',NULL),(360,'--W-F--','10:15:00','11:30:00','SGW H',0,'SGW H-420','Winter',NULL),(361,'----F--','11:45:00','13:25:00','SGW H-967',0,'SGW H-967','Winter',NULL),(362,'--W----','11:45:00','13:25:00','SGW H-967',0,'SGW H-967','Winter',NULL),(363,'--W-F--','11:45:00','13:00:00','SGW H',0,'SGW H-420','Winter',NULL),(364,'M------','10:15:00','11:50:00','SGW H-967',0,'SGW H-967','Winter',NULL),(365,'--W----','14:45:00','16:25:00','SGW H-967',0,'SGW H-967','Winter',NULL),(366,'M-W----','15:30:00','18:00:00','SGW H',0,'SGW H-520','Summer2',NULL),(367,'-T-J---','18:20:00','20:00:00','SGW',0,'SGW','Summer2',NULL),(368,'M-W----','18:20:00','20:00:00','SGW',0,'SGW','Summer2',NULL),(369,'M-W----','14:45:00','16:00:00','SGW H',0,'SGW H-415','Fall',NULL),(370,'M------','12:45:00','14:25:00','SGW H-849',0,'SGW H-849','Fall',NULL),(371,'--W----','16:15:00','17:55:00','SGW H-967',0,'SGW H-967','Fall',NULL),(372,'M-W----','08:45:00','10:00:00','SGW H',0,'SGW H-521','Winter',NULL),(373,'--W----','10:15:00','11:55:00','SGW',0,'SGW','Winter',NULL),(374,'M------','11:45:00','13:25:00','SGW',0,'SGW','Winter',NULL),(375,'--W-F--','10:15:00','11:30:00','SGW H',0,'SGW H-1011','Winter',NULL),(376,'M------','10:15:00','11:55:00','SGW',0,'SGW','Winter',NULL),(377,'--W----','11:45:00','13:25:00','SGW',0,'SGW','Winter',NULL),(378,'---J---','17:45:00','20:15:00','SGW H',0,'SGW H-411','Winter',NULL),(379,'---J---','20:30:00','22:10:00','SGW',0,'SGW','Winter',NULL),(380,'----F--','17:45:00','19:25:00','SGW',0,'SGW','Winter',NULL),(381,'---J---','20:30:00','22:10:00','SGW',0,'SGW','Winter',NULL),(382,'----F--','17:45:00','19:25:00','SGW',0,'SGW','Winter',NULL),(383,'-T-J---','18:30:00','21:00:00','SGW H',0,'SGW H-557','Summer1',NULL),(384,'-T-J---','17:30:00','18:20:00','SGW H-615',0,'SGW H-615','Summer1',NULL),(385,'-T-J---','17:30:00','18:20:00','SGW H-400',0,'SGW H-400','Summer1',NULL),(386,'-T-J---','10:15:00','11:30:00','SGW H',0,'SGW FG-B040','Fall',NULL),(387,'---J---','11:45:00','12:35:00','SGW FG-B030',0,'SGW FG-B030','Fall',NULL),(388,'---J---','11:45:00','12:35:00','SGW FG-B050',0,'SGW FG-B050','Fall',NULL),(389,'-T-J---','08:45:00','10:00:00','SGW H',0,'SGW H-403','Fall',NULL),(390,'-T-----','10:15:00','11:05:00','SGW H-629',0,'SGW H-629','Fall',NULL),(391,'-T-J---','11:45:00','13:00:00','SGW H',0,'SGW H-501','Winter',NULL),(392,'-T-----','13:15:00','14:05:00','SGW H-423',0,'SGW H-423','Winter',NULL),(393,'-T-J---','18:30:00','21:00:00','SGW H',0,'SGW H-521','Summer2',NULL),(394,'-T-J---','17:30:00','18:20:00','SGW',0,'SGW','Summer2',NULL),(395,'-T-J---','21:10:00','23:00:00','SGW H-831',0,'SGW H-831','Summer2',NULL),(396,'-T-J---','17:30:00','18:20:00','SGW',0,'SGW','Summer2',NULL),(397,'-T-J---','21:10:00','23:00:00','SGW H-817',0,'SGW H-817','Summer2',NULL),(398,'-T-----','17:45:00','20:15:00','SGW H',0,'SGW H-605','Fall',NULL),(399,'-T-----','20:30:00','21:20:00','SGW H-929',0,'SGW H-929','Fall',NULL),(400,'---J---','17:45:00','19:35:00','SGW H-929',0,'SGW H-929','Fall',NULL),(401,'-T-----','20:30:00','21:20:00','SGW H-849',0,'SGW H-849','Fall',NULL),(402,'---J---','19:45:00','21:35:00','SGW H-831',0,'SGW H-831','Fall',NULL),(403,'--W----','17:45:00','20:15:00','SGW H',0,'SGW H-420','Winter',NULL),(404,'--W----','20:20:00','21:10:00','SGW H-905',0,'SGW H-905','Winter',NULL),(405,'--W----','21:15:00','23:05:00','SGW H-905',0,'SGW H-905','Winter',NULL),(406,'M------','13:15:00','14:05:00','SGW H-905',0,'SGW H-905','Winter',NULL),(407,'M------','14:15:00','16:05:00','SGW H-905',0,'SGW H-905','Winter',NULL),(408,'-T-----','17:45:00','20:15:00','SGW H',0,'SGW MB-S1.401','Winter',NULL),(409,'-T-----','20:00:00','21:10:00','SGW H-929',0,'SGW H-929','Winter',NULL),(410,'-T-----','21:15:00','23:05:00','SGW H-929',0,'SGW H-929','Winter',NULL),(411,'----F--','13:15:00','14:05:00','SGW H-905',0,'SGW H-905','Winter',NULL),(412,'----F--','14:15:00','16:05:00','SGW H-905',0,'SGW H-905','Winter',NULL),(413,'M-W----','14:45:00','17:15:00','SGW H',0,'SGW H-553','Summer2',NULL),(414,'M-W----','13:15:00','14:05:00','SGW',0,'SGW','Summer2',NULL),(415,'M-W----','13:15:00','14:05:00','SGW',0,'SGW','Summer2',NULL),(416,'M-W----','13:15:00','14:05:00','SGW',0,'SGW','Summer2',NULL),(417,'M-W----','08:45:00','10:00:00','SGW H',0,'SGW MB-S2.330','Fall',NULL),(418,'M------','10:15:00','11:05:00','SGW H-929',0,'SGW H-929','Fall',NULL),(419,'M------','10:15:00','11:05:00','SGW H-967',0,'SGW H-967','Fall',NULL),(420,'--W----','17:45:00','20:15:00','SGW H',0,'SGW H-631','Fall',NULL),(421,'-T-----','14:45:00','15:35:00','SGW H-905',0,'SGW H-905','Fall',NULL),(422,'---J---','14:45:00','15:35:00','SGW H-905',0,'SGW H-905','Fall',NULL),(423,'M-W----','14:45:00','16:00:00','SGW H',0,'SGW H-631','Winter',NULL),(424,'M------','16:15:00','17:05:00','SGW',0,'SGW','Winter',NULL),(425,'--W----','16:15:00','17:05:00','SGW',0,'SGW','Winter',NULL),(426,'M-W----','18:30:00','21:00:00','SGW H',0,'SGW FG-C080','Summer1',NULL),(427,'M-W----','17:30:00','18:20:00','SGW',0,'SGW','Summer1',NULL),(428,'M-W----','16:30:00','17:20:00','SGW',0,'SGW','Summer1',NULL),(429,'--W-F--','13:15:00','14:30:00','SGW H',0,'SGW H-535','Fall',NULL),(430,'----F--','14:45:00','15:35:00','SGW H-905',0,'SGW H-905','Fall',NULL),(431,'M------','11:45:00','12:35:00','SGW H-905',0,'SGW H-905','Fall',NULL),(432,'M------','11:45:00','12:35:00','SGW H-821',0,'SGW H-821','Fall',NULL),(433,'--W-F--','13:15:00','14:30:00','SGW H',0,'SGW H-631','Fall',NULL),(434,'-T-----','14:45:00','15:35:00','SGW H-917',0,'SGW H-917','Fall',NULL),(435,'---J---','14:45:00','15:35:00','SGW H-917',0,'SGW H-917','Fall',NULL),(436,'M-W----','13:15:00','14:30:00','SGW H',0,'SGW H-431','Winter',NULL),(437,'M------','16:15:00','17:05:00','SGW',0,'SGW','Winter',NULL),(438,'--W----','16:15:00','17:05:00','SGW',0,'SGW','Winter',NULL),(439,'-T-J---','18:30:00','21:00:00','SGW H',0,'SGW H-435','Summer1',NULL),(440,'-T-J---','21:10:00','22:00:00','SGW H-435',0,'SGW H-435','Summer1',NULL),(441,'-T-J---','17:30:00','18:20:00','SGW H-435',0,'SGW H-435','Summer1',NULL),(442,'-T-J---','18:30:00','21:00:00','SGW H',0,'SGW H-553','Summer2',NULL),(443,'-T-J---','21:10:00','22:00:00','SGW H-403',0,'SGW H-403','Summer2',NULL),(444,'-T-J---','21:10:00','22:00:00','SGW H-401',0,'SGW H-401','Summer2',NULL),(445,'-T-J---','16:15:00','17:30:00','SGW H',0,'SGW H-420','Fall',NULL),(446,'----F--','14:15:00','15:05:00','SGW H-967',0,'SGW H-967','Fall',NULL),(447,'----F--','16:15:00','17:05:00','SGW H-967',0,'SGW H-967','Fall',NULL),(448,'-T-J---','08:45:00','10:00:00','SGW H',0,'SGW H-531','Fall',NULL),(449,'----F--','15:15:00','16:05:00','SGW H-967',0,'SGW H-967','Fall',NULL),(450,'----F--','15:15:00','16:05:00','SGW H-843',0,'SGW H-843','Fall',NULL),(451,'----F--','15:15:00','16:05:00','SGW H-823',0,'SGW H-823','Fall',NULL),(452,'-T-J---','16:15:00','17:30:00','SGW H',0,'SGW H-820','Fall',NULL),(453,'----F--','14:15:00','15:05:00','SGW H-843',0,'SGW H-843','Fall',NULL),(454,'----F--','16:15:00','17:05:00','SGW H-843',0,'SGW H-843','Fall',NULL),(455,'-T-J---','13:15:00','14:30:00','SGW H',0,'SGW H-553','Winter',NULL),(456,'----F--','11:45:00','12:35:00','SGW H-401',0,'SGW H-401','Winter',NULL),(457,'----F--','13:15:00','14:05:00','SGW H-403',0,'SGW H-403','Winter',NULL),(458,'--W-F--','08:45:00','10:00:00','SGW H',0,'SGW H-553','Winter',NULL),(459,'----F--','13:15:00','14:05:00','SGW H-831',0,'SGW H-831','Winter',NULL),(460,'----F--','15:15:00','16:05:00','SGW H-929',0,'SGW H-929','Winter',NULL),(461,'---J---','17:45:00','20:15:00','SGW H',0,'SGW H-553','Winter',NULL),(462,'---J---','20:30:00','21:20:00','SGW H-929',0,'SGW H-929','Winter',NULL),(463,'---J---','20:35:00','21:25:00','SGW H-967',0,'SGW H-967','Winter',NULL),(464,'----F--','17:45:00','20:15:00','SGW H',0,'SGW H-433','Fall',NULL),(465,'----F--','20:30:00','21:20:00','SGW H-521',0,'SGW H-521','Fall',NULL),(466,'M------','17:45:00','20:15:00','SGW H',0,'SGW FG-B070','Winter',NULL),(467,'--W----','17:45:00','18:35:00','SGW H-561',0,'SGW H-561','Winter',NULL),(468,'-T-J---','14:45:00','16:00:00','SGW H',0,'LOY HC-155','Winter',NULL),(469,'-T-J---','11:45:00','13:00:00','SGW H',0,'LOY SP-S110','Fall',NULL),(470,'-T-J---','08:45:00','10:00:00','SGW H',0,'LOY SP-S110','Winter',NULL),(471,'--W-F--','11:45:00','13:00:00','SGW H',0,'LOY SP-S110','Fall',NULL),(472,'-T-----','13:30:00','15:30:00','LOY CC-312',0,'LOY CC-312','Fall',NULL),(473,'-T-----','15:30:00','17:30:00','LOY CC-312',0,'LOY CC-312','Fall',NULL),(474,'--W----','13:30:00','15:30:00','LOY CJ-1.121',0,'LOY CJ-1.121','Fall',NULL),(475,'--W----','15:30:00','17:30:00','LOY CJ-1.121',0,'LOY CJ-1.121','Fall',NULL),(476,'---J---','13:30:00','15:30:00','LOY CJ-1.125',0,'LOY CJ-1.125','Fall',NULL),(477,'---J---','15:30:00','17:30:00','LOY CJ-1.125',0,'LOY CJ-1.125','Fall',NULL),(478,'---J---','13:30:00','15:30:00','LOY CC-425',0,'LOY CC-425','Fall',NULL),(479,'---J---','15:30:00','17:30:00','LOY CC-425',0,'LOY CC-425','Fall',NULL),(480,'--W-F--','11:45:00','13:00:00','SGW H',0,'LOY SP-S110','Winter',NULL),(481,'-T-----','13:30:00','15:30:00','LOY CC-301',0,'LOY CC-301','Winter',NULL),(482,'-T-----','15:30:00','17:30:00','LOY CC-301',0,'LOY CC-301','Winter',NULL),(483,'--W----','13:30:00','15:30:00','LOY CC-301',0,'LOY CC-301','Winter',NULL),(484,'--W----','15:30:00','17:30:00','LOY CC-301',0,'LOY CC-301','Winter',NULL),(485,'---J---','13:30:00','15:30:00','LOY CC-312',0,'LOY CC-312','Winter',NULL),(486,'---J---','15:30:00','17:30:00','LOY CC-312',0,'LOY CC-312','Winter',NULL),(487,'M-W----','18:00:00','19:15:00','SGW H',0,'LOY SP-S110','Winter',NULL),(488,'-T-----','13:30:00','15:30:00','LOY CC-106',0,'LOY CC-106','Winter',NULL),(489,'-T-----','15:30:00','17:30:00','LOY CC-106',0,'LOY CC-106','Winter',NULL),(490,'--W----','13:30:00','15:30:00','LOY CC-312',0,'LOY CC-312','Winter',NULL),(491,'--W----','15:30:00','17:30:00','LOY CC-312',0,'LOY CC-312','Winter',NULL),(492,'-T-----','18:00:00','20:15:00','SGW H',0,'SGW H-521','Winter',NULL),(493,'--W-F--','10:15:00','11:30:00','SGW H',0,'LOY CC-321','Fall',NULL),(494,'M------','09:00:00','13:00:00','LOY SP-210',0,'LOY SP-210','Fall',NULL),(495,'M------','13:30:00','17:30:00','LOY SP-210',0,'LOY SP-210','Fall',NULL),(496,'-T-----','13:30:00','17:30:00','LOY SP-210',0,'LOY SP-210','Fall',NULL),(497,'---J---','13:30:00','17:30:00','LOY SP-210',0,'LOY SP-210','Fall',NULL),(498,'M------','18:30:00','22:30:00','LOY SP-210',0,'LOY SP-210','Fall',NULL),(499,'---J---','18:30:00','22:30:00','LOY SP-210',0,'LOY SP-210','Fall',NULL),(500,'-------','00:00:00','00:00:00','LOY',0,'LOY','Fall',NULL),(501,'--W----','18:00:00','20:30:00','SGW H',0,'LOY CC-321','Fall',NULL),(502,'M------','09:00:00','13:00:00','LOY SP-210',0,'LOY SP-210','Fall',NULL),(503,'M------','13:30:00','17:30:00','LOY SP-210',0,'LOY SP-210','Fall',NULL),(504,'-T-----','13:30:00','17:30:00','LOY SP-210',0,'LOY SP-210','Fall',NULL),(505,'---J---','13:30:00','17:30:00','LOY SP-210',0,'LOY SP-210','Fall',NULL),(506,'M------','18:30:00','22:30:00','LOY SP-210',0,'LOY SP-210','Fall',NULL),(507,'---J---','18:30:00','22:30:00','LOY SP-210',0,'LOY SP-210','Fall',NULL),(508,'-------','00:00:00','00:00:00','LOY',0,'LOY','Fall',NULL),(509,'-T-J---','10:15:00','11:30:00','SGW H',0,'LOY HC-157','Fall',NULL),(510,'M------','09:00:00','13:00:00','LOY SP-116',0,'LOY SP-116','Fall',NULL),(511,'-T-----','13:30:00','17:30:00','LOY SP-116',0,'LOY SP-116','Fall',NULL),(512,'--W----','13:30:00','17:30:00','LOY SP-116',0,'LOY SP-116','Fall',NULL),(513,'----F--','13:30:00','17:30:00','LOY SP-116',0,'LOY SP-116','Fall',NULL),(514,'----F--','09:00:00','13:00:00','LOY SP-116',0,'LOY SP-116','Fall',NULL),(515,'-T-----','18:30:00','22:30:00','LOY SP-116',0,'LOY SP-116','Fall',NULL),(516,'--W----','18:30:00','22:30:00','LOY SP-116',0,'LOY SP-116','Fall',NULL),(517,'-------','00:00:00','00:00:00','LOY',0,'LOY','Fall',NULL),(518,'---J---','18:00:00','20:30:00','SGW H',0,'LOY CC-310','Fall',NULL),(519,'M------','09:00:00','13:00:00','LOY SP-116',0,'LOY SP-116','Fall',NULL),(520,'-T-----','13:30:00','17:30:00','LOY SP-116',0,'LOY SP-116','Fall',NULL),(521,'--W----','13:30:00','17:30:00','LOY SP-116',0,'LOY SP-116','Fall',NULL),(522,'----F--','13:30:00','17:30:00','LOY SP-116',0,'LOY SP-116','Fall',NULL),(523,'----F--','09:00:00','13:00:00','LOY SP-116',0,'LOY SP-116','Fall',NULL),(524,'-T-----','18:30:00','22:30:00','LOY SP-116',0,'LOY SP-116','Fall',NULL),(525,'--W----','18:30:00','22:30:00','LOY SP-116',0,'LOY SP-116','Fall',NULL),(526,'-------','00:00:00','00:00:00','LOY',0,'LOY','Fall',NULL),(527,'-T-J---','10:15:00','11:30:00','SGW H',0,'LOY CC-321','Winter',NULL),(528,'M------','13:30:00','17:30:00','LOY SP-116',0,'LOY SP-116','Winter',NULL),(529,'--W----','13:30:00','17:30:00','LOY SP-112',0,'LOY SP-112','Winter',NULL),(530,'---J---','13:30:00','17:30:00','LOY SP-116',0,'LOY SP-116','Winter',NULL),(531,'----F--','09:00:00','13:00:00','LOY SP-116',0,'LOY SP-116','Winter',NULL),(532,'M------','09:00:00','13:00:00','LOY SP-112',0,'LOY SP-112','Winter',NULL),(533,'-T-----','18:30:00','22:30:00','LOY SP-116',0,'LOY SP-116','Winter',NULL),(534,'-------','00:00:00','00:00:00','LOY',0,'LOY','Winter',NULL),(535,'---J---','18:00:00','20:30:00','SGW H',0,'LOY CC-321','Winter',NULL),(536,'M------','13:30:00','17:30:00','LOY SP-116',0,'LOY SP-116','Winter',NULL),(537,'--W----','13:30:00','17:30:00','LOY SP-112',0,'LOY SP-112','Winter',NULL),(538,'---J---','13:30:00','17:30:00','LOY SP-116',0,'LOY SP-116','Winter',NULL),(539,'----F--','09:00:00','13:00:00','LOY SP-116',0,'LOY SP-116','Winter',NULL),(540,'M------','09:00:00','13:00:00','LOY SP-112',0,'LOY SP-112','Winter',NULL),(541,'-T-----','18:30:00','22:30:00','LOY SP-116',0,'LOY SP-116','Winter',NULL),(542,'-------','00:00:00','00:00:00','LOY',0,'LOY','Winter',NULL),(543,'--W-F--','08:45:00','10:00:00','SGW H',0,'LOY CC-321','Fall',NULL),(544,'---J---','18:00:00','20:30:00','SGW H',0,'LOY CC-314','Fall',NULL),(545,'--W-F--','10:15:00','11:30:00','SGW H',0,'LOY CC-320','Winter',NULL),(546,'-T-J---','10:15:00','11:30:00','SGW H',0,'LOY CC-425','Winter',NULL),(547,'M-W----','08:45:00','10:00:00','SGW H',0,'LOY CC-314','Fall',NULL),(548,'M-W----','11:45:00','13:00:00','SGW H',0,'LOY CJ-1.129','Fall',NULL),(549,'-T-J---','10:15:00','11:30:00','SGW H',0,'LOY CJ-1.129','Winter',NULL),(550,'-------','00:00:00','00:00:00','SGW H',0,'SGW(Online)','Summer1',NULL),(551,'-------','00:00:00','00:00:00','SGW H',0,'SGW(Online)','Fall',NULL),(552,'-------','00:00:00','00:00:00','SGW H',0,'SGW(Online)','Winter',NULL),(553,'-------','00:00:00','00:00:00','SGW H',0,'SGW(Online)','Summer1',NULL),(554,'--W----','13:15:00','16:00:00','SGW H',0,'SGW MB-1.210','Fall',NULL),(555,'M------','10:15:00','11:15:00','SGW H-427',0,'SGW H-427','Fall',NULL),(556,'M------','10:15:00','11:15:00','SGW MB-6.425',0,'SGW MB-6.425','Fall',NULL),(557,'M------','10:15:00','11:15:00','SGW H-627',0,'SGW H-627','Fall',NULL),(558,'M------','10:15:00','11:15:00','SGW H-625',0,'SGW H-625','Fall',NULL),(559,'M------','11:45:00','12:45:00','SGW H-625',0,'SGW H-625','Fall',NULL),(560,'M------','11:45:00','12:45:00','SGW H-623',0,'SGW H-623','Fall',NULL),(561,'M------','11:45:00','12:45:00','SGW H-537',0,'SGW H-537','Fall',NULL),(562,'M------','11:45:00','12:45:00','SGW H-564',0,'SGW H-564','Fall',NULL),(563,'-------','00:00:00','00:00:00','SGW H',0,'SGW(Online)','Fall',NULL),(564,'--W-F--','08:45:00','10:00:00','SGW H',0,'SGW H-507','Winter',NULL),(565,'-------','00:00:00','00:00:00','SGW H',0,'SGW(Online)','Winter',NULL),(566,'-------','00:00:00','00:00:00','SGW H',0,'SGW(Online)','Summer1',NULL),(567,'M-W----','16:15:00','17:30:00','SGW H',0,'SGW MB-1.210','Fall',NULL),(568,'-------','00:00:00','00:00:00','SGW',0,'SGW','Fall',NULL),(569,'-------','00:00:00','00:00:00','SGW',0,'SGW','Fall',NULL),(570,'-------','00:00:00','00:00:00','SGW',0,'SGW','Fall',NULL),(571,'M-W----','11:45:00','13:00:00','SGW H',0,'SGW MB-1.210','Fall',NULL),(572,'-------','00:00:00','00:00:00','SGW',0,'SGW','Fall',NULL),(573,'-------','00:00:00','00:00:00','SGW',0,'SGW','Fall',NULL),(574,'-------','00:00:00','00:00:00','SGW',0,'SGW','Fall',NULL),(575,'--W-F--','10:15:00','11:30:00','SGW H',0,'SGW MB-1.210','Fall',NULL),(576,'-------','00:00:00','00:00:00','SGW',0,'SGW','Fall',NULL),(577,'-------','00:00:00','00:00:00','SGW',0,'SGW','Fall',NULL),(578,'-------','00:00:00','00:00:00','SGW',0,'SGW','Fall',NULL),(579,'M-W----','08:45:00','10:00:00','SGW H',0,'SGW MB-1.210','Fall',NULL),(580,'-------','00:00:00','00:00:00','SGW',0,'SGW','Fall',NULL),(581,'-------','00:00:00','00:00:00','SGW',0,'SGW','Fall',NULL),(582,'-------','00:00:00','00:00:00','SGW',0,'SGW','Fall',NULL),(583,'--W-F--','08:45:00','10:00:00','SGW H',0,'SGW H-531','Fall',NULL),(584,'-------','00:00:00','00:00:00','SGW',0,'SGW','Fall',NULL),(585,'M-W----','14:45:00','16:00:00','SGW H',0,'SGW H-407','Fall',NULL),(586,'-------','00:00:00','00:00:00','SGW',0,'SGW','Fall',NULL),(587,'-------','00:00:00','00:00:00','SGW H',0,'SGW(Online)','Fall',NULL),(588,'M-W----','16:15:00','17:30:00','SGW H',0,'SGW MB-1.210','Winter',NULL),(589,'-------','00:00:00','00:00:00','SGW',0,'SGW','Winter',NULL),(590,'-------','00:00:00','00:00:00','SGW',0,'SGW','Winter',NULL),(591,'-------','00:00:00','00:00:00','SGW',0,'SGW','Winter',NULL),(592,'M-W----','11:45:00','13:00:00','SGW H',0,'SGW MB-1.210','Winter',NULL),(593,'-------','00:00:00','00:00:00','SGW',0,'SGW','Winter',NULL),(594,'-------','00:00:00','00:00:00','SGW',0,'SGW','Winter',NULL),(595,'-------','00:00:00','00:00:00','SGW',0,'SGW','Winter',NULL),(596,'M-W----','10:15:00','11:30:00','SGW H',0,'SGW FG-C070','Winter',NULL),(597,'-------','00:00:00','00:00:00','SGW',0,'SGW','Winter',NULL),(598,'M-W----','08:45:00','10:00:00','SGW H',0,'SGW H-407','Winter',NULL),(599,'-------','00:00:00','00:00:00','SGW',0,'SGW','Winter',NULL),(600,'-T-J---','14:45:00','16:00:00','SGW H',0,'SGW H-531','Winter',NULL),(601,'-------','00:00:00','00:00:00','SGW',0,'SGW','Winter',NULL),(602,'-T-J---','13:15:00','14:30:00','SGW H',0,'SGW H-531','Winter',NULL),(603,'-------','00:00:00','00:00:00','SGW',0,'SGW','Winter',NULL),(604,'-------','00:00:00','00:00:00','SGW H',0,'SGW(Online)','Winter',NULL),(605,'-------','00:00:00','00:00:00','SGW H',0,'SGW(Online)','Summer1',NULL),(606,'-T-J---','11:45:00','13:00:00','SGW H',0,'SGW MB-1.210','Fall',NULL),(607,'-------','00:00:00','00:00:00','SGW',0,'SGW','Fall',NULL),(608,'-------','00:00:00','00:00:00','SGW',0,'SGW','Fall',NULL),(609,'-------','00:00:00','00:00:00','SGW',0,'SGW','Fall',NULL),(610,'-T-J---','16:15:00','17:30:00','SGW H',0,'SGW MB-1.210','Fall',NULL),(611,'-------','00:00:00','00:00:00','SGW',0,'SGW','Fall',NULL),(612,'-------','00:00:00','00:00:00','SGW',0,'SGW','Fall',NULL),(613,'-------','00:00:00','00:00:00','SGW',0,'SGW','Fall',NULL),(614,'-T-J---','08:45:00','10:00:00','SGW H',0,'SGW H-407','Fall',NULL),(615,'-------','00:00:00','00:00:00','SGW',0,'SGW','Fall',NULL),(616,'M-W----','10:15:00','11:30:00','SGW H',0,'SGW H-407','Fall',NULL),(617,'-------','00:00:00','00:00:00','SGW',0,'SGW','Fall',NULL),(618,'-------','00:00:00','00:00:00','SGW H',0,'SGW(Online)','Fall',NULL),(619,'-T-J---','13:15:00','14:30:00','SGW H',0,'SGW MB-1.210','Winter',NULL),(620,'-------','00:00:00','00:00:00','SGW',0,'SGW','Winter',NULL),(621,'-------','00:00:00','00:00:00','SGW',0,'SGW','Winter',NULL),(622,'-------','00:00:00','00:00:00','SGW',0,'SGW','Winter',NULL),(623,'-T-J---','10:15:00','11:30:00','SGW H',0,'SGW MB-1.210','Winter',NULL),(624,'-------','00:00:00','00:00:00','SGW',0,'SGW','Winter',NULL),(625,'-------','00:00:00','00:00:00','SGW',0,'SGW','Winter',NULL),(626,'-------','00:00:00','00:00:00','SGW',0,'SGW','Winter',NULL),(627,'-T-J---','08:45:00','10:00:00','SGW H',0,'SGW MB-1.210','Winter',NULL),(628,'-------','00:00:00','00:00:00','SGW',0,'SGW','Winter',NULL),(629,'-------','00:00:00','00:00:00','SGW',0,'SGW','Winter',NULL),(630,'-------','00:00:00','00:00:00','SGW',0,'SGW','Winter',NULL),(631,'-T-J---','11:45:00','13:00:00','SGW H',0,'SGW FG-B060','Winter',NULL),(632,'-------','00:00:00','00:00:00','SGW',0,'SGW','Winter',NULL),(633,'-T-J---','14:45:00','16:00:00','SGW H',0,'SGW H-407','Winter',NULL),(634,'-------','00:00:00','00:00:00','SGW',0,'SGW','Winter',NULL),(635,'-------','00:00:00','00:00:00','SGW H',0,'SGW(Online)','Winter',NULL),(636,'-T-J---','14:45:00','17:30:00','SGW H',0,'SGW FG-B060','Summer1',NULL),(637,'-T-----','20:30:00','22:45:00','SGW H',0,'SGW H-403','Fall',NULL),(638,'-T-----','18:00:00','20:15:00','SGW H',0,'SGW H-629','Winter',NULL),(639,'-T-J---','18:30:00','21:00:00','SGW H',0,'SGW H-920','Summer2',NULL),(640,'--W----','14:45:00','17:30:00','SGW H',0,'SGW H-620','Fall',NULL),(641,'--W----','14:45:00','17:30:00','SGW H',0,'SGW H-507','Winter',NULL),(642,'-T-J---','10:15:00','11:30:00','SGW H',0,'SGW H-937','Fall',NULL),(643,'----F--','18:00:00','20:15:00','SGW H',0,'SGW H-937','Winter',NULL),(644,'-T-J---','08:45:00','10:00:00','SGW H',0,'SGW H-937','Winter',NULL),(645,'M-W----','14:45:00','16:00:00','SGW H',0,'SGW H-937','Fall',NULL),(646,'M-W----','11:45:00','13:00:00','SGW H',0,'SGW H-937','Winter',NULL),(647,'--W----','18:00:00','20:15:00','SGW H',0,'SGW H-603','Fall',NULL),(648,'-------','00:00:00','00:00:00','SGW H',0,'SGW(Online)','Fall',NULL),(649,'M------','18:00:00','20:15:00','SGW H',0,'LOY CC-308','Winter',NULL),(650,'-------','00:00:00','00:00:00','SGW H',0,'SGW(Online)','Winter',NULL),(651,'-T-J---','13:15:00','14:30:00','SGW H',0,'SGW MB-1.210','Fall',NULL),(652,'-T-J---','13:15:00','14:30:00','SGW H',0,'SGW H-411','Winter',NULL),(653,'----F--','13:15:00','16:00:00','SGW H',0,'SGW H-1070','Fall',NULL),(654,'-T-----','18:00:00','20:15:00','SGW H',0,'SGW MB-1.210','Winter',NULL),(655,'-------','00:00:00','00:00:00','SGW H',0,'(Online)','Summer1',NULL),(656,'-------','00:00:00','00:00:00','SGW H',0,'(Online)','Fall',NULL),(657,'-------','00:00:00','00:00:00','SGW H',0,'(Online)','Winter',NULL),(658,'--W-F--','08:45:00','10:00:00','SGW H',0,'SGW H-553','Fall',NULL),(659,'--W-F--','10:15:00','11:30:00','SGW H',0,'SGW MB-S2.210','Winter',NULL),(660,'-T-J---','08:45:00','10:00:00','SGW H',0,'SGW H-553','Winter',NULL),(661,'-T-J---','11:45:00','13:00:00','SGW H',0,'SGW H-521','Fall',NULL),(662,'M-W----','14:45:00','16:00:00','SGW H',0,'SGW MB-2.430','Fall',NULL),(663,'M-W----','14:45:00','16:00:00','SGW H',0,'SGW H-509','Winter',NULL),(664,'-------','00:00:00','00:00:00','SGW H',0,'SGW(Online)','Summer2',NULL),(665,'-T-----','14:45:00','17:15:00','SGW H',0,'SGW CI-104','Fall',NULL),(666,'-------','00:00:00','00:00:00','SGW H',0,'SGW(Online)','Fall',NULL),(667,'M------','14:45:00','17:15:00','SGW H',0,'SGW CI-101','Fall',NULL),(668,'M------','13:15:00','16:00:00','SGW H',0,'SGW MB-1.210','Fall',NULL),(669,'M------','10:15:00','11:15:00','SGW H-623',0,'SGW H-623','Fall',NULL),(670,'M------','10:15:00','11:15:00','SGW H-537',0,'SGW H-537','Fall',NULL),(671,'M------','10:15:00','11:15:00','SGW H-564',0,'SGW H-564','Fall',NULL),(672,'M------','10:15:00','11:15:00','SGW H-459',0,'SGW H-459','Fall',NULL),(673,'M------','10:15:00','11:15:00','SGW H-423',0,'SGW H-423','Fall',NULL),(674,'M------','10:15:00','11:15:00','SGW H-403',0,'SGW H-403','Fall',NULL),(675,'M------','11:45:00','12:45:00','SGW H-513',0,'SGW H-513','Fall',NULL),(676,'M------','11:45:00','12:45:00','SGW MB-S2.105',0,'SGW MB-S2.105','Fall',NULL),(677,'M------','11:45:00','12:45:00','SGW MB-S1.255',0,'SGW MB-S1.255','Fall',NULL),(678,'M------','11:45:00','12:45:00','SGW MB-S1.105',0,'SGW MB-S1.105','Fall',NULL),(679,'M------','11:45:00','12:45:00','SGW MB-2.255',0,'SGW MB-2.255','Fall',NULL),(680,'M------','11:45:00','12:45:00','SGW MB-2.265',0,'SGW MB-2.265','Fall',NULL),(681,'--W-F--','08:45:00','10:00:00','SGW H',0,'SGW H-507','Fall',NULL),(682,'M-W----','16:15:00','17:30:00','SGW H',0,'SGW H-415','Winter',NULL),(683,'-T-J---','08:45:00','10:00:00','SGW H',0,'SGW FG-B060','Winter',NULL),(684,'-T-----','13:15:00','16:00:00','SGW H',0,'SGW H-631','Fall',NULL),(685,'--W----','18:00:00','20:15:00','SGW H',0,'SGW H-459','Fall',NULL),(686,'---J---','13:15:00','16:00:00','SGW H',0,'SGW H-401','Winter',NULL),(687,'---J---','13:15:00','16:00:00','SGW H',0,'SGW H-403','Fall',NULL),(688,'-T-----','13:15:00','16:00:00','SGW H',0,'SGW H-631','Winter',NULL),(689,'--W----','18:00:00','20:15:00','SGW H',0,'SGW H-631','Winter',NULL),(690,'M------','12:15:00','14:45:00','SGW H',0,'SGW EV-1.615','Fall',NULL),(691,'--W----','18:00:00','20:15:00','SGW H',0,'SGW EV-1.615','Winter',NULL),(692,'-T-----','18:00:00','20:15:00','SGW H',0,'SGW H-420','Fall',NULL),(693,'M-W----','10:15:00','11:30:00','SGW H',0,'SGW H-520','Winter',NULL),(694,'--W----','16:15:00','19:00:00','SGW H',0,'LOY CJ-1.114','Fall',NULL),(695,'--W----','18:00:00','20:45:00','SGW H',0,'LOY CJ-1.114','Winter',NULL),(696,'M------','13:15:00','16:00:00','SGW H',0,'SGW H-625','Winter',NULL),(697,'---J---','13:15:00','17:15:00','SGW H',0,'SGW VA-114','Fall',NULL),(698,'---J---','08:45:00','12:45:00','SGW H',0,'SGW VA-114','Winter',NULL),(699,'M-W----','10:15:00','11:30:00','SGW H',0,'SGW H-620','Fall',NULL),(700,'-T-J---','10:15:00','11:30:00','SGW H',0,'SGW H-620','Fall',NULL),(701,'---J---','20:30:00','22:45:00','SGW H',0,'SGW H-1070','Fall',NULL),(702,'M-W----','08:45:00','10:00:00','SGW H',0,'SGW H-820','Winter',NULL),(703,'-T-J---','13:15:00','14:30:00','SGW H',0,'SGW H-620','Winter',NULL),(704,'--W----','18:00:00','20:15:00','SGW H',0,'SGW H-1070','Winter',NULL),(705,'-T-J---','08:45:00','10:00:00','SGW H',0,'SGW H-507','Winter',NULL),(706,'M------','20:30:00','22:45:00','SGW H',0,'SGW H-1070','Winter',NULL),(707,'-T-----','14:45:00','17:30:00','SGW H',0,'SGW FG-B060','Winter',NULL),(708,'-T-J---','16:15:00','17:30:00','SGW H',0,'SGW H-415','Winter',NULL),(709,'M-W----','18:00:00','20:15:00','SGW H',0,'SGW H-411','Summer1',NULL),(710,'--W-F--','11:45:00','13:00:00','SGW H',0,'SGW FG-C080','Fall',NULL),(711,'--W-F--','11:45:00','13:00:00','SGW H',0,'SGW H-507','Winter',NULL),(712,'-------','00:00:00','00:00:00','SGW H',0,'SGW(Online)','Fall',NULL),(713,'-------','00:00:00','00:00:00','SGW H',0,'SGW(Online)','Winter',NULL),(714,'M------','13:15:00','15:45:00','SGW H',0,'SGW H-620','Fall',NULL),(715,'M-W----','08:45:00','10:00:00','SGW H',0,'SGW H-920','Winter',NULL),(716,'-------','00:00:00','00:00:00','SGW H',0,'SGW(Online)','Summer1',NULL),(717,'-------','00:00:00','00:00:00','SGW H',0,'SGW(Online)','Fall',NULL),(718,'-------','00:00:00','00:00:00','SGW H',0,'SGW(Online)','Winter',NULL),(719,'--W----','10:15:00','12:45:00','SGW H',0,'SGW H-920','Winter',NULL),(720,'-T-J---','11:45:00','13:00:00','SGW H',0,'SGW H-427','Fall',NULL),(721,'-T-J---','13:15:00','14:30:00','SGW H',0,'SGW H-507','Fall',NULL),(722,'----F--','08:45:00','11:30:00','SGW H',0,'SGW MB-S2.330','Winter',NULL),(723,'-------','00:00:00','00:00:00','SGW H',0,'SGW(Online)','Summer1',NULL),(724,'-------','00:00:00','00:00:00','SGW H',0,'SGW(Online)','Winter',NULL),(725,'-T-J---','08:45:00','11:30:00','SGW H',0,'SGW MB-S2.210','Summer1',NULL),(726,'-T-J---','13:15:00','14:30:00','SGW H',0,'SGW FG-B070','Fall',NULL),(727,'--W----','20:30:00','22:20:00','SGW H-831',0,'SGW H-831','Fall',NULL),(728,'--W----','20:30:00','22:20:00','SGW H-847',0,'SGW H-847','Fall',NULL),(729,'M-W----','16:15:00','17:30:00','SGW H',0,'SGW H-605','Fall',NULL),(730,'--W----','17:45:00','19:35:00','SGW H-929',0,'SGW H-929','Fall',NULL),(731,'--W----','17:45:00','19:35:00','SGW H-847',0,'SGW H-847','Fall',NULL),(732,'--W-F--','14:45:00','16:00:00','SGW H',0,'SGW H-520','Winter',NULL),(733,'----F--','16:15:00','18:05:00','SGW',0,'SGW','Winter',NULL),(734,'----F--','16:15:00','18:05:00','SGW',0,'SGW','Winter',NULL),(735,'M-W----','14:45:00','17:15:00','SGW H',0,'SGW H-521','Summer2',NULL),(736,'M-W----','13:15:00','14:05:00','SGW H-521',0,'SGW H-521','Summer2',NULL),(737,'M-W----','10:15:00','12:05:00','SGW H-831',0,'SGW H-831','Summer2',NULL),(738,'M-W----','08:15:00','10:05:00','SGW H-400',0,'SGW H-400','Summer2',NULL),(739,'---J---','13:15:00','16:00:00','SGW H',0,'SGW H-401','Fall',NULL),(740,'---J---','12:15:00','13:05:00','SGW H-403',0,'SGW H-403','Fall',NULL),(741,'---J---','16:15:00','18:05:00','SGW H-905',0,'SGW H-905','Fall',NULL),(742,'----F--','13:15:00','15:05:00','SGW H-917',0,'SGW H-917','Fall',NULL),(743,'M-W----','13:15:00','14:30:00','SGW H',0,'SGW H-937','Winter',NULL),(744,'--W----','16:15:00','17:05:00','SGW H-625',0,'SGW H-625','Winter',NULL),(745,'--W----','17:15:00','19:05:00','SGW',0,'SGW','Winter',NULL),(746,'--W----','16:15:00','17:05:00','SGW H-627',0,'SGW H-627','Winter',NULL),(747,'M------','17:15:00','19:05:00','SGW',0,'SGW','Winter',NULL),(748,'M-W----','18:30:00','21:00:00','SGW H',0,'SGW H-920','Summer2',NULL),(749,'-T-J---','21:10:00','23:00:00','SGW H-817',0,'SGW H-817','Summer2',NULL),(750,'M-W----','21:10:00','23:00:00','SGW H-817',0,'SGW H-817','Summer2',NULL),(751,'M-W----','21:20:00','23:00:00','SGW',0,'SGW','Summer2',NULL),(752,'-T-----','17:45:00','20:15:00','SGW H',0,'SGW H-403','Fall',NULL),(753,'--W----','16:15:00','18:05:00','SGW H-849',0,'SGW H-849','Fall',NULL),(754,'M------','16:15:00','18:05:00','SGW H-849',0,'SGW H-849','Fall',NULL),(755,'---J---','17:45:00','20:15:00','SGW H',0,'SGW H-423','Winter',NULL),(756,'--W----','16:15:00','18:05:00','SGW',0,'SGW','Winter',NULL),(757,'---J---','20:30:00','22:10:00','SGW',0,'SGW','Winter',NULL),(758,'-T-----','17:45:00','20:15:00','SGW H',0,'SGW H-401','Fall',NULL),(759,'-T-----','20:30:00','22:10:00','SGW H-862',0,'SGW H-862','Fall',NULL),(760,'-T-----','20:30:00','22:10:00','SGW H-862',0,'SGW H-862','Fall',NULL),(761,'---J---','17:45:00','20:15:00','SGW H',0,'SGW H-553','Fall',NULL),(762,'---J---','20:30:00','21:20:00','SGW H-819',0,'SGW H-819','Fall',NULL),(763,'-------','00:00:00','00:00:00','SGW',0,'SGW','Fall',NULL),(764,'---J---','20:30:00','21:20:00','SGW H-847',0,'SGW H-847','Fall',NULL),(765,'-------','00:00:00','00:00:00','SGW',0,'SGW','Fall',NULL),(766,'M------','17:45:00','20:15:00','SGW H',0,'SGW H-544','Winter',NULL),(767,'M------','20:30:00','22:20:00','SGW',0,'SGW','Winter',NULL),(768,'M------','15:45:00','17:30:00','SGW',0,'SGW','Winter',NULL),(769,'M-W----','10:15:00','11:30:00','SGW H',0,'SGW H-1070','Fall',NULL),(770,'M------','13:15:00','15:05:00','SGW H-905',0,'SGW H-905','Fall',NULL),(771,'M------','17:45:00','19:35:00','SGW H-905',0,'SGW H-905','Fall',NULL),(772,'M-W----','13:15:00','14:30:00','SGW H',0,'SGW MB-S1.235','Winter',NULL),(773,'M------','11:10:00','13:00:00','SGW',0,'SGW','Winter',NULL),(774,'--W----','11:10:00','13:00:00','SGW',0,'SGW','Winter',NULL),(775,'-T-J---','16:15:00','17:30:00','SGW H',0,'SGW H-423','Fall',NULL),(776,'--W----','13:15:00','14:05:00','SGW H-565',0,'SGW H-565','Fall',NULL),(777,'M-W----','11:45:00','13:00:00','SGW H',0,'SGW H-433','Fall',NULL),(778,'-T-----','16:15:00','18:15:00','SGW H-905',0,'SGW H-905','Fall',NULL),(779,'--W----','16:15:00','18:15:00','SGW H-817',0,'SGW H-817','Fall',NULL),(780,'--W----','18:30:00','20:30:00','SGW H-817',0,'SGW H-817','Fall',NULL),(781,'M------','17:45:00','20:15:00','SGW H',0,'SGW H-520','Winter',NULL),(782,'M------','20:25:00','22:25:00','SGW',0,'SGW','Winter',NULL),(783,'---J---','17:45:00','19:45:00','SGW',0,'SGW','Winter',NULL),(784,'M------','20:25:00','22:25:00','SGW',0,'SGW','Winter',NULL),(785,'---J---','17:45:00','20:15:00','SGW H',0,'SGW H-415','Fall',NULL),(786,'---J---','20:30:00','22:20:00','SGW H-849',0,'SGW H-849','Fall',NULL),(787,'---J---','20:30:00','22:20:00','SGW H-917',0,'SGW H-917','Fall',NULL),(788,'---J---','20:30:00','22:20:00','SGW H-811',0,'SGW H-811','Fall',NULL),(789,'--W----','17:45:00','20:15:00','SGW H',0,'SGW H-557','Winter',NULL),(790,'-T-----','15:00:00','17:00:00','SGW',0,'SGW','Winter',NULL),(791,'-T-----','18:00:00','20:00:00','SGW',0,'SGW','Winter',NULL),(792,'-T-----','15:00:00','17:00:00','SGW',0,'SGW','Winter',NULL),(793,'M------','17:45:00','20:15:00','SGW H',0,'SGW H-607','Fall',NULL),(794,'--W----','20:30:00','22:30:00','SGW H-811',0,'SGW H-811','Fall',NULL),(795,'M------','20:30:00','22:30:00','SGW H-811',0,'SGW H-811','Fall',NULL),(796,'M-W----','13:15:00','14:30:00','SGW H',0,'SGW H-539','Fall',NULL),(797,'M------','14:45:00','16:35:00','SGW H-811',0,'SGW H-811','Fall',NULL),(798,'--W----','14:45:00','16:35:00','SGW H-843',0,'SGW H-843','Fall',NULL),(799,'-T-----','14:45:00','16:35:00','SGW H-811',0,'SGW H-811','Fall',NULL),(800,'-------','00:00:00','00:00:00','SGW H',0,'SGW','Winter',NULL),(801,'--W----','17:45:00','20:15:00','SGW H',0,'SGW H-427','Fall',NULL),(802,'--W----','20:20:00','21:05:00','SGW H-968',0,'SGW H-968','Fall',NULL),(803,'--W----','21:10:00','23:00:00','SGW H-968',0,'SGW H-968','Fall',NULL),(804,'---J---','14:45:00','16:35:00','SGW H-968',0,'SGW H-968','Fall',NULL),(805,'-T-J---','13:15:00','14:30:00','SGW H',0,'SGW MB-S1.105','Fall',NULL),(806,'-T-----','14:45:00','15:35:00','SGW H-849',0,'SGW H-849','Fall',NULL),(807,'-T-----','15:45:00','17:30:00','SGW H-849',0,'SGW H-849','Fall',NULL),(808,'-------','00:00:00','00:00:00','SGW H',0,'SGW','Summer1',NULL),(809,'-------','00:00:00','00:00:00','SGW H',0,'SGW','Summer1',NULL),(810,'-------','00:00:00','00:00:00','SGW H',0,'SGW','Fall',NULL),(811,'-------','00:00:00','00:00:00','SGW H',0,'SGW','Winter',NULL),(812,'-------','00:00:00','00:00:00','SGW H',0,'SGW','Winter',NULL),(813,'-T-----','13:15:00','16:00:00','SGW H',0,'SGW H-429','Fall',NULL),(814,'-T-----','16:15:00','18:05:00','SGW H-837',0,'SGW H-837','Fall',NULL),(815,'--W----','16:15:00','18:05:00','SGW H-837',0,'SGW H-837','Fall',NULL),(816,'-T-----','19:00:00','20:50:00','SGW H-837',0,'SGW H-837','Fall',NULL),(817,'---J---','13:15:00','16:00:00','SGW H',0,'SGW H-429','Fall',NULL),(818,'---J---','16:15:00','18:05:00','SGW H-837',0,'SGW H-837','Fall',NULL),(819,'---J---','19:00:00','20:50:00','SGW H-837',0,'SGW H-837','Fall',NULL),(820,'--W----','18:20:00','20:10:00','SGW H-837',0,'SGW H-837','Fall',NULL),(821,'-T-J---','14:45:00','16:00:00','SGW H',0,'SGW MB-S2.401','Winter',NULL),(822,'-------','00:00:00','00:00:00','SGW',0,'SGW','Winter',NULL),(823,'-------','00:00:00','00:00:00','SGW',0,'SGW','Winter',NULL),(824,'-------','00:00:00','00:00:00','SGW',0,'SGW','Winter',NULL),(825,'M-W----','13:15:00','14:30:00','SGW H',0,'SGW H-411','Fall',NULL),(826,'M------','14:45:00','16:35:00','SGW H-837',0,'SGW H-837','Fall',NULL),(827,'--W----','14:45:00','16:35:00','SGW H-845',0,'SGW H-845','Fall',NULL),(828,'M-W----','11:45:00','13:00:00','SGW H',0,'SGW H-535','Fall',NULL),(829,'----F--','11:45:00','12:35:00','SGW H-967',0,'SGW H-967','Fall',NULL),(830,'----F--','11:45:00','12:35:00','SGW H-905',0,'SGW H-905','Fall',NULL),(831,'--W----','17:45:00','20:15:00','SGW H',0,'SGW H-633','Winter',NULL),(832,'--W----','16:25:00','17:15:00','SGW',0,'SGW','Winter',NULL),(833,'--W----','20:30:00','22:20:00','SGW',0,'SGW','Winter',NULL),(834,'-T-J---','11:45:00','14:15:00','SGW H',0,'SGW H-920','Summer2',NULL),(835,'-T-J---','11:45:00','14:15:00','SGW H',0,'SGW H-920','Summer2',NULL),(836,'-T-J---','15:00:00','16:40:00','SGW H-603',0,'SGW H-603','Summer2',NULL),(837,'--W----','08:45:00','11:30:00','SGW H-822',0,'SGW H-822','Summer2',NULL),(838,'--W----','12:30:00','15:15:00','SGW H-822',0,'SGW H-822','Summer2',NULL),(839,'-T-J---','15:00:00','16:40:00','SGW H-920',0,'SGW H-920','Summer2',NULL),(840,'-T-----','08:45:00','11:30:00','SGW H-822',0,'SGW H-822','Summer2',NULL),(841,'---J---','08:45:00','11:30:00','SGW H-822',0,'SGW H-822','Summer2',NULL),(842,'--W-F--','11:45:00','13:00:00','SGW H',0,'SGW MB-S2.115','Fall',NULL),(843,'----F--','13:15:00','14:55:00','SGW FG-B070',0,'SGW FG-B070','Fall',NULL),(844,'-T-----','11:45:00','14:30:00','SGW H-822',0,'SGW H-822','Fall',NULL),(845,'---J---','11:45:00','14:30:00','SGW H-822',0,'SGW H-822','Fall',NULL),(846,'----F--','08:45:00','11:30:00','SGW H-822',0,'SGW H-822','Fall',NULL),(847,'-T-J---','08:45:00','10:00:00','SGW H',0,'SGW FG-B040','Fall',NULL),(848,'--W----','14:45:00','16:25:00','SGW H-540',0,'SGW H-540','Fall',NULL),(849,'M------','08:45:00','11:30:00','SGW H-822',0,'SGW H-822','Fall',NULL),(850,'M------','14:45:00','17:30:00','SGW H-822',0,'SGW H-822','Fall',NULL),(851,'--W----','14:45:00','16:25:00','SGW H-603',0,'SGW H-603','Fall',NULL),(852,'M------','14:45:00','17:30:00','SGW H-822',0,'SGW H-822','Fall',NULL),(853,'M------','08:45:00','11:30:00','SGW H-822',0,'SGW H-822','Fall',NULL),(854,'-T-----','17:45:00','20:15:00','SGW H',0,'SGW FG-C080','Winter',NULL),(855,'--W----','09:45:00','11:25:00','SGW MB-S1.115',0,'SGW MB-S1.115','Winter',NULL),(856,'M------','08:45:00','11:30:00','SGW H-822',0,'SGW H-822','Winter',NULL),(857,'--W----','17:45:00','20:30:00','SGW H-822',0,'SGW H-822','Winter',NULL),(858,'M------','17:45:00','20:30:00','SGW H-822',0,'SGW H-822','Winter',NULL),(859,'--W----','10:15:00','11:55:00','SGW MB-S2.115',0,'SGW MB-S2.115','Winter',NULL),(860,'M------','08:45:00','11:30:00','SGW H-822',0,'SGW H-822','Winter',NULL),(861,'---J---','17:45:00','20:30:00','SGW H-822',0,'SGW H-822','Winter',NULL),(862,'---J---','17:45:00','20:30:00','SGW H-822',0,'SGW H-822','Winter',NULL),(863,'-T-J---','10:15:00','12:45:00','SGW H',0,'SGW H-535','Summer1',NULL),(864,'-T-J---','08:30:00','10:10:00','SGW H-435',0,'SGW H-435','Summer1',NULL),(865,'-T-J---','14:00:00','15:40:00','SGW FG-C080',0,'SGW FG-C080','Summer1',NULL),(866,'M-W----','08:45:00','10:25:00','SGW H-615',0,'SGW H-615','Summer1',NULL),(867,'-T-J---','10:45:00','13:15:00','SGW H',0,'SGW H-937','Summer1',NULL),(868,'-T-J---','08:45:00','10:25:00','SGW FG-C070',0,'SGW FG-C070','Summer1',NULL),(869,'-T-J---','14:00:00','15:40:00','SGW H-937',0,'SGW H-937','Summer1',NULL),(870,'M-W----','08:45:00','10:25:00','SGW H-529',0,'SGW H-529','Summer1',NULL),(871,'-T-J---','10:15:00','12:45:00','SGW H',0,'SGW H-407','Summer2',NULL),(872,'-T-J---','08:30:00','10:10:00','SGW H-539',0,'SGW H-539','Summer2',NULL),(873,'-T-J---','14:00:00','15:40:00','SGW H-539',0,'SGW H-539','Summer2',NULL),(874,'M-W----','08:45:00','10:25:00','SGW H-623',0,'SGW H-623','Summer2',NULL),(875,'M-W----','16:15:00','17:30:00','SGW H',0,'SGW H-553','Fall',NULL),(876,'M------','08:20:00','10:00:00','SGW H-544',0,'SGW H-544','Fall',NULL),(877,'M------','08:20:00','10:00:00','SGW H-529',0,'SGW H-529','Fall',NULL),(878,'M------','08:20:00','10:00:00','SGW H-564',0,'SGW H-564','Fall',NULL),(879,'M------','17:55:00','19:35:00','SGW H-611',0,'SGW H-611','Fall',NULL),(880,'M-W----','14:45:00','16:00:00','SGW H',0,'SGW H-553','Fall',NULL),(881,'--W----','16:15:00','17:55:00','SGW H-607',0,'SGW H-607','Fall',NULL),(882,'--W----','16:15:00','17:55:00','SGW H-611',0,'SGW H-611','Fall',NULL),(883,'--W----','16:15:00','17:55:00','SGW H-513',0,'SGW H-513','Fall',NULL),(884,'--W----','17:45:00','19:25:00','SGW H-621',0,'SGW H-621','Fall',NULL),(885,'-T-----','17:45:00','20:15:00','SGW H',0,'SGW H-553','Fall',NULL),(886,'----F--','16:15:00','17:55:00','SGW H-615',0,'SGW H-615','Fall',NULL),(887,'----F--','16:15:00','17:55:00','SGW H-529',0,'SGW H-529','Fall',NULL),(888,'----F--','16:15:00','17:55:00','SGW H-400',0,'SGW H-400','Fall',NULL),(889,'---J---','17:45:00','19:25:00','SGW H-615',0,'SGW H-615','Fall',NULL),(890,'-T-J---','14:45:00','16:00:00','SGW H',0,'SGW H-553','Winter',NULL),(891,'----F--','16:15:00','17:55:00','SGW H-615',0,'SGW H-615','Winter',NULL),(892,'-T-----','16:15:00','17:55:00','SGW H-529',0,'SGW H-529','Winter',NULL),(893,'M------','16:15:00','17:55:00','SGW H-611',0,'SGW H-611','Winter',NULL),(894,'----F--','16:15:00','17:55:00','SGW H-529',0,'SGW H-529','Winter',NULL),(895,'-T-----','17:45:00','20:15:00','SGW H',0,'SGW H-937','Winter',NULL),(896,'M------','16:15:00','17:55:00','SGW H-529',0,'SGW H-529','Winter',NULL),(897,'---J---','16:15:00','17:55:00','SGW H-439',0,'SGW H-439','Winter',NULL),(898,'----F--','16:15:00','17:55:00','SGW H-400',0,'SGW H-400','Winter',NULL),(899,'-T-----','20:30:00','22:10:00','SGW H-529',0,'SGW H-529','Winter',NULL),(900,'-T-----','20:30:00','22:10:00','SGW H-920',0,'SGW H-920','Winter',NULL),(901,'M------','18:30:00','21:00:00','SGW H',0,'SGW H-435','Summer1',NULL),(902,'---J---','09:20:00','10:10:00','SGW H-603',0,'SGW H-603','Summer1',NULL),(903,'---J---','11:00:00','11:50:00','SGW H-603',0,'SGW H-603','Summer1',NULL),(904,'---J---','13:00:00','13:50:00','SGW H-603',0,'SGW H-603','Summer1',NULL),(905,'---J---','14:00:00','14:50:00','SGW H-603',0,'SGW H-603','Summer1',NULL),(906,'-T-----','16:15:00','17:30:00','SGW H',0,'SGW H-937','Fall',NULL),(907,'--W----','08:45:00','09:35:00','SGW H-401',0,'SGW H-401','Fall',NULL),(908,'--W----','08:45:00','09:35:00','SGW H-401',0,'SGW H-401','Fall',NULL),(909,'---J---','16:15:00','17:05:00','SGW FG-B080',0,'SGW FG-B080','Fall',NULL),(910,'---J---','16:15:00','17:05:00','SGW FG-B080',0,'SGW FG-B080','Fall',NULL),(911,'---J---','16:15:00','17:30:00','SGW H',0,'SGW H-937','Fall',NULL),(912,'---J---','17:45:00','18:35:00','SGW H-401',0,'SGW H-401','Fall',NULL),(913,'---J---','17:45:00','18:35:00','SGW H-401',0,'SGW H-401','Fall',NULL),(914,'-T-----','16:15:00','17:05:00','SGW H-401',0,'SGW H-401','Fall',NULL),(915,'M------','08:45:00','09:35:00','SGW H-423',0,'SGW H-423','Fall',NULL),(916,'-T-----','16:15:00','17:30:00','SGW H',0,'SGW H-937','Winter',NULL),(917,'--W----','08:45:00','09:35:00','SGW FG-B055',0,'SGW FG-B055','Winter',NULL),(918,'--W----','08:45:00','09:35:00','SGW FG-B055',0,'SGW FG-B055','Winter',NULL),(919,'---J---','16:15:00','17:05:00','SGW FG-B080',0,'SGW FG-B080','Winter',NULL),(920,'---J---','16:15:00','17:05:00','SGW FG-B080',0,'SGW FG-B080','Winter',NULL),(921,'-------','00:00:00','00:00:00','SGW H',0,'SGW(Online)','Winter',NULL),(922,'----F--','08:45:00','09:35:00','SGW H-401',0,'SGW H-401','Winter',NULL),(923,'----F--','08:45:00','09:35:00','SGW H-401',0,'SGW H-401','Winter',NULL),(924,'-T-----','16:15:00','17:05:00','SGW H-433',0,'SGW H-433','Winter',NULL),(925,'-T-----','16:15:00','17:05:00','SGW H-433',0,'SGW H-433','Winter',NULL),(926,'M-W----','11:45:00','13:00:00','SGW H',0,'SGW H-937','Summer1',NULL),(927,'----F--','16:15:00','17:30:00','SGW H',0,'SGW H-531','Fall',NULL),(928,'---J---','16:15:00','17:30:00','SGW H',0,'SGW H-531','Fall',NULL),(929,'---J---','16:15:00','17:30:00','SGW H',0,'SGW H-531','Winter',NULL),(930,'--W----','17:45:00','19:00:00','SGW H',0,'SGW FG-C080','Winter',NULL),(931,'-T-J---','10:15:00','12:45:00','SGW H',0,'SGW H-435','Summer1',NULL),(932,'-T-J---','08:30:00','10:10:00','SGW H-937',0,'SGW H-937','Summer1',NULL),(933,'-T-J---','08:30:00','10:10:00','SGW H-535',0,'SGW H-535','Summer1',NULL),(934,'M-W----','11:45:00','13:00:00','SGW H',0,'SGW MB-S2.210','Fall',NULL),(935,'----F--','13:15:00','14:55:00','SGW H-605',0,'SGW H-605','Fall',NULL),(936,'----F--','13:15:00','14:55:00','SGW MB-S1.430',0,'SGW MB-S1.430','Fall',NULL),(937,'--W-F--','08:45:00','10:00:00','SGW H',0,'SGW H-535','Fall',NULL),(938,'M------','08:20:00','10:00:00','SGW H-433',0,'SGW H-433','Fall',NULL),(939,'M------','08:20:00','10:00:00','SGW H-561',0,'SGW H-561','Fall',NULL),(940,'-T-J---','10:15:00','11:30:00','SGW H',0,'SGW H-411','Fall',NULL),(941,'M------','13:15:00','14:55:00','SGW H-423',0,'SGW H-423','Fall',NULL),(942,'M------','13:15:00','14:55:00','SGW H-403',0,'SGW H-403','Fall',NULL),(943,'--W-F--','11:45:00','13:00:00','SGW H',0,'SGW H-937','Fall',NULL),(944,'----F--','14:15:00','15:55:00','SGW H-1011',0,'SGW H-1011','Fall',NULL),(945,'M------','14:15:00','15:55:00','SGW H-435',0,'SGW H-435','Fall',NULL),(946,'--W-F--','08:45:00','10:00:00','SGW H',0,'SGW H-435','Fall',NULL),(947,'---J---','13:45:00','15:25:00','SGW H-407',0,'SGW H-407','Fall',NULL),(948,'---J---','13:45:00','15:25:00','SGW FG-B080',0,'SGW FG-B080','Fall',NULL),(949,'-T-J---','10:15:00','11:30:00','SGW H',0,'SGW H-553','Fall',NULL),(950,'M------','13:15:00','14:55:00','SGW H-531',0,'SGW H-531','Fall',NULL),(951,'M------','13:15:00','14:55:00','SGW MB-2.435',0,'SGW MB-2.435','Fall',NULL),(952,'----F--','17:45:00','20:15:00','SGW H',0,'SGW H-535','Fall',NULL),(953,'----F--','15:45:00','17:25:00','SGW H-520',0,'SGW H-520','Fall',NULL),(954,'----F--','15:45:00','17:25:00','SGW H-420',0,'SGW H-420','Fall',NULL),(955,'-T-J---','14:45:00','16:00:00','SGW H',0,'SGW H-937','Winter',NULL),(956,'M------','18:00:00','19:40:00','SGW H-420',0,'SGW H-420','Winter',NULL),(957,'----F--','17:45:00','19:25:00','SGW H-403',0,'SGW H-403','Winter',NULL),(958,'M------','18:00:00','19:40:00','SGW H-529',0,'SGW H-529','Winter',NULL),(959,'----F--','17:45:00','19:25:00','SGW H-513',0,'SGW H-513','Winter',NULL),(960,'M------','18:00:00','19:40:00','SGW H-611',0,'SGW H-611','Winter',NULL),(961,'-T-J---','14:45:00','16:00:00','SGW H',0,'SGW H-435','Winter',NULL),(962,'M------','16:10:00','17:50:00','SGW H-420',0,'SGW H-420','Winter',NULL),(963,'----F--','17:45:00','19:25:00','SGW H-501',0,'SGW H-501','Winter',NULL),(964,'M------','16:10:00','17:50:00','SGW MB-2.285',0,'SGW MB-2.285','Winter',NULL),(965,'----F--','17:45:00','19:25:00','SGW H-562',0,'SGW H-562','Winter',NULL),(966,'M------','16:10:00','17:50:00','SGW H-540',0,'SGW H-540','Winter',NULL),(967,'M------','18:00:00','19:00:00','SGW H-423',0,'SGW H-423','Winter',NULL),(968,'-T-J---','14:45:00','16:00:00','SGW H',0,'SGW FG-B040','Winter',NULL),(969,'----F--','15:45:00','17:25:00','SGW H-537',0,'SGW H-537','Winter',NULL),(970,'----F--','15:45:00','17:25:00','SGW H-544',0,'SGW H-544','Winter',NULL),(971,'----F--','15:45:00','17:25:00','SGW H-619',0,'SGW H-619','Winter',NULL),(972,'----F--','15:45:00','17:25:00','SGW H-423',0,'SGW H-423','Winter',NULL),(973,'-T-J---','10:45:00','13:15:00','SGW H',0,'SGW H-435','Summer2',NULL),(974,'-T-J---','08:45:00','10:25:00','SGW H-564',0,'SGW H-564','Summer2',NULL),(975,'-T-J---','08:45:00','10:25:00','SGW H-562',0,'SGW H-562','Summer2',NULL),(976,'-T-J---','08:45:00','10:25:00','SGW H-431',0,'SGW H-431','Summer2',NULL),(977,'-T-J---','08:45:00','10:25:00','SGW H-537',0,'SGW H-537','Summer2',NULL),(978,'-T-J---','08:45:00','10:25:00','SGW H-627',0,'SGW H-627','Summer2',NULL),(979,'-T-J---','13:15:00','14:30:00','SGW H',0,'SGW H-415','Fall',NULL),(980,'M------','10:45:00','12:25:00','SGW MB-S1.115',0,'SGW MB-S1.115','Fall',NULL),(981,'M------','10:45:00','12:25:00','SGW H-401',0,'SGW H-401','Fall',NULL),(982,'-T-J---','13:15:00','14:30:00','SGW H',0,'SGW FG-B060','Fall',NULL),(983,'M------','10:45:00','12:25:00','SGW FG-B055',0,'SGW FG-B055','Fall',NULL),(984,'M------','10:45:00','12:25:00','SGW FG-B080',0,'SGW FG-B080','Fall',NULL),(985,'M-W----','16:15:00','17:30:00','SGW H',0,'SGW FG-C080','Winter',NULL),(986,'M------','17:45:00','19:25:00','SGW FG-C080',0,'SGW FG-C080','Winter',NULL),(987,'M------','19:40:00','21:20:00','SGW FG-C080',0,'SGW FG-C080','Winter',NULL),(988,'M------','13:15:00','15:05:00','SGW MB-2.285',0,'SGW MB-2.285','Winter',NULL),(989,'-T-J---','11:45:00','13:00:00','SGW H',0,'SGW H-415','Winter',NULL),(990,'----F--','14:15:00','15:55:00','SGW H-627',0,'SGW H-627','Winter',NULL),(991,'----F--','14:15:00','15:55:00','SGW H-562',0,'SGW H-562','Winter',NULL),(992,'----F--','14:15:00','15:55:00','SGW H-431',0,'SGW H-431','Winter',NULL),(993,'--W-F--','08:45:00','10:00:00','SGW H',0,'SGW MB-S2.210','Winter',NULL),(994,'M------','08:20:00','10:00:00','SGW H-619',0,'SGW H-619','Winter',NULL),(995,'--W----','13:15:00','14:55:00','SGW H-621',0,'SGW H-621','Winter',NULL),(996,'M------','08:20:00','10:00:00','SGW H-621',0,'SGW H-621','Winter',NULL),(997,'--W-F--','10:15:00','11:30:00','SGW H',0,'SGW H-620','Winter',NULL),(998,'---J---','09:45:00','11:25:00','SGW MB-3.265',0,'SGW MB-3.265','Winter',NULL),(999,'---J---','09:45:00','11:25:00','SGW MB-3.285',0,'SGW MB-3.285','Winter',NULL),(1000,'---J---','09:45:00','11:25:00','SGW MB-1.301',0,'SGW MB-1.301','Winter',NULL),(1001,'-T-J---','08:45:00','10:00:00','SGW H',0,'SGW H-407','Winter',NULL),(1002,'M------','09:45:00','11:25:00','SGW H-623',0,'SGW H-623','Winter',NULL),(1003,'M------','13:15:00','14:55:00','SGW H-613',0,'SGW H-613','Winter',NULL),(1004,'M------','09:45:00','11:25:00','SGW H-603',0,'SGW H-603','Winter',NULL),(1005,'-T-J---','08:45:00','10:00:00','SGW H',0,'SGW H-535','Winter',NULL),(1006,'M------','08:20:00','10:00:00','SGW H-611',0,'SGW H-611','Winter',NULL),(1007,'M------','08:20:00','10:00:00','SGW H-609',0,'SGW H-609','Winter',NULL),(1008,'M------','08:20:00','10:00:00','SGW H-607',0,'SGW H-607','Winter',NULL),(1009,'--W-F--','10:15:00','11:30:00','SGW H',0,'SGW H-1070','Winter',NULL),(1010,'----F--','14:15:00','15:55:00','SGW MB-2.285',0,'SGW MB-2.285','Winter',NULL),(1011,'----F--','14:15:00','15:55:00','SGW MB-3.255',0,'SGW MB-3.255','Winter',NULL),(1012,'----F--','14:15:00','15:55:00','SGW H-621',0,'SGW H-621','Winter',NULL),(1013,'-T-J---','18:30:00','21:00:00','SGW H',0,'SGW H-937','Summer1',NULL),(1014,'---J---','16:15:00','18:05:00','SGW H-831',0,'SGW H-831','Summer1',NULL),(1015,'-T-----','16:15:00','18:05:00','SGW H-831',0,'SGW H-831','Summer1',NULL),(1016,'---J---','16:15:00','18:05:00','SGW H-917',0,'SGW H-917','Summer1',NULL),(1017,'-T-----','16:15:00','18:05:00','SGW H-917',0,'SGW H-917','Summer1',NULL),(1018,'-T-J---','18:30:00','21:00:00','SGW H',0,'SGW FG-B060','Summer1',NULL),(1019,'M------','18:30:00','20:20:00','SGW H-831',0,'SGW H-831','Summer1',NULL),(1020,'--W----','18:30:00','20:20:00','SGW H-831',0,'SGW H-831','Summer1',NULL),(1021,'M------','16:15:00','18:05:00','SGW H-831',0,'SGW H-831','Summer1',NULL),(1022,'--W----','16:15:00','18:05:00','SGW H-831',0,'SGW H-831','Summer1',NULL),(1023,'-T-J---','16:15:00','17:30:00','SGW H',0,'SGW H-507','Fall',NULL),(1024,'-T-----','17:45:00','18:35:00','SGW EV-1.162',0,'SGW EV-1.162','Fall',NULL),(1025,'-T-----','18:45:00','19:35:00','SGW EV-1.162',0,'SGW EV-1.162','Fall',NULL),(1026,'-T-----','17:45:00','18:35:00','SGW EV-3.309',0,'SGW EV-3.309','Fall',NULL),(1027,'---J---','18:45:00','19:35:00','SGW EV-3.309',0,'SGW EV-3.309','Fall',NULL),(1028,'-T-J---','16:15:00','17:30:00','SGW H',0,'SGW H-411','Fall',NULL),(1029,'---J---','17:45:00','18:35:00','SGW EV-3.309',0,'SGW EV-3.309','Fall',NULL),(1030,'---J---','19:45:00','20:35:00','SGW EV-3.309',0,'SGW EV-3.309','Fall',NULL),(1031,'-T-----','19:45:00','20:35:00','SGW EV-1.162',0,'SGW EV-1.162','Fall',NULL),(1032,'-T-----','19:45:00','20:35:00','SGW EV-3.309',0,'SGW EV-3.309','Fall',NULL),(1033,'----F--','17:45:00','20:15:00','SGW H',0,'SGW H-411','Fall',NULL),(1034,'M------','17:45:00','18:35:00','SGW EV-3.309',0,'SGW EV-3.309','Fall',NULL),(1035,'M------','18:45:00','19:35:00','SGW EV-3.309',0,'SGW EV-3.309','Fall',NULL),(1036,'M------','17:45:00','18:35:00','SGW EV-1.162',0,'SGW EV-1.162','Fall',NULL),(1037,'--W----','18:45:00','19:35:00','SGW EV-3.309',0,'SGW EV-3.309','Fall',NULL),(1038,'----F--','17:45:00','20:15:00','SGW H',0,'SGW H-553','Fall',NULL),(1039,'--W----','17:45:00','18:35:00','SGW EV-3.309',0,'SGW EV-3.309','Fall',NULL),(1040,'--W----','18:45:00','19:35:00','SGW EV-1.162',0,'SGW EV-1.162','Fall',NULL),(1041,'--W----','17:45:00','18:35:00','SGW EV-1.162',0,'SGW EV-1.162','Fall',NULL),(1042,'M------','18:45:00','19:35:00','SGW EV-1.162',0,'SGW EV-1.162','Fall',NULL),(1043,'-T-J---','16:15:00','17:30:00','SGW H',0,'SGW H-553','Winter',NULL),(1044,'-T-----','17:45:00','18:35:00','SGW EV-1.162',0,'SGW EV-1.162','Winter',NULL),(1045,'-T-----','17:45:00','18:35:00','SGW EV-3.309',0,'SGW EV-3.309','Winter',NULL),(1046,'---J---','18:45:00','19:35:00','SGW EV-1.162',0,'SGW EV-1.162','Winter',NULL),(1047,'---J---','18:45:00','19:35:00','SGW EV-3.309',0,'SGW EV-3.309','Winter',NULL),(1048,'M------','17:45:00','20:15:00','SGW H',0,'SGW FG-B060','Winter',NULL),(1049,'---J---','17:45:00','18:35:00','SGW EV-1.162',0,'SGW EV-1.162','Winter',NULL),(1050,'---J---','17:45:00','18:35:00','SGW EV-3.309',0,'SGW EV-3.309','Winter',NULL),(1051,'-T-----','18:45:00','19:35:00','SGW EV-1.162',0,'SGW EV-1.162','Winter',NULL),(1052,'-T-----','18:45:00','19:35:00','SGW EV-3.309',0,'SGW EV-3.309','Winter',NULL),(1053,'M-W----','18:30:00','21:00:00','SGW H',0,'SGW FG-C080','Summer2',NULL),(1054,'M-W----','21:15:00','22:05:00','SGW H-537',0,'SGW H-537','Summer2',NULL),(1055,'M-W----','21:15:00','22:05:00','SGW H-564',0,'SGW H-564','Summer2',NULL),(1056,'M-W----','21:15:00','22:05:00','SGW H-623',0,'SGW H-623','Summer2',NULL),(1057,'M-W----','18:30:00','21:00:00','SGW H',0,'SGW H-531','Summer2',NULL),(1058,'M-W----','21:15:00','22:05:00','SGW H-544',0,'SGW H-544','Summer2',NULL),(1059,'M-W----','21:15:00','22:05:00','SGW H-540',0,'SGW H-540','Summer2',NULL),(1060,'M-W----','21:15:00','22:05:00','SGW H-603',0,'SGW H-603','Summer2',NULL),(1061,'-T-J---','13:15:00','14:30:00','SGW H',0,'SGW H-1070','Fall',NULL),(1062,'M------','11:45:00','12:35:00','SGW H-619',0,'SGW H-619','Fall',NULL),(1063,'M------','10:15:00','11:05:00','SGW H-619',0,'SGW H-619','Fall',NULL),(1064,'M-W----','13:15:00','14:30:00','SGW H',0,'SGW H-1070','Fall',NULL),(1065,'-T-----','13:15:00','14:05:00','SGW H-619',0,'SGW H-619','Fall',NULL),(1066,'---J---','13:15:00','14:05:00','SGW H-619',0,'SGW H-619','Fall',NULL),(1067,'M------','17:45:00','20:15:00','SGW H',0,'SGW H-620','Fall',NULL),(1068,'-T-----','17:45:00','18:35:00','SGW H-619',0,'SGW H-619','Fall',NULL),(1069,'--W----','17:45:00','18:35:00','SGW H-429',0,'SGW H-429','Fall',NULL),(1070,'-T-J---','14:45:00','16:00:00','SGW H',0,'SGW H-1070','Winter',NULL),(1071,'----F--','10:15:00','11:05:00','SGW H-401',0,'SGW H-401','Winter',NULL),(1072,'----F--','10:15:00','11:05:00','SGW FG-B055',0,'SGW FG-B055','Winter',NULL),(1073,'--W-F--','10:15:00','11:30:00','SGW H',0,'SGW FG-B060','Winter',NULL),(1074,'--W----','08:45:00','09:35:00','SGW FG-B080',0,'SGW FG-B080','Winter',NULL),(1075,'----F--','08:45:00','09:35:00','SGW FG-B055',0,'SGW FG-B055','Winter',NULL),(1076,'----F--','17:45:00','20:15:00','SGW H',0,'SGW H-620','Winter',NULL),(1077,'----F--','14:45:00','15:35:00','SGW H-619',0,'SGW H-619','Winter',NULL),(1078,'M------','14:45:00','15:35:00','SGW H-619',0,'SGW H-619','Winter',NULL),(1079,'-T-J---','08:45:00','11:30:00','SGW H',0,'SGW H-509','Summer1',NULL),(1080,'-T-J---','11:45:00','14:30:00','SGW H',0,'SGW FG-B060','Summer1',NULL),(1081,'-T-J---','08:45:00','11:30:00','SGW H',0,'SGW H-557','Summer2',NULL),(1082,'----F--','08:45:00','11:30:00','SGW H',0,'SGW FG-B080','Fall',NULL),(1083,'M-W----','16:15:00','17:30:00','SGW H',0,'SGW H-629','Fall',NULL),(1084,'---J---','17:45:00','20:15:00','SGW H',0,'SGW FG-B055','Fall',NULL),(1085,'----F--','08:45:00','11:30:00','SGW H',0,'SGW FG-B080','Winter',NULL),(1086,'M-W----','16:15:00','17:30:00','SGW H',0,'SGW H-401','Winter',NULL),(1087,'-T-----','17:45:00','20:15:00','SGW H',0,'SGW FG-B080','Winter',NULL),(1088,'M-W----','14:45:00','16:00:00','SGW H',0,'SGW H-531','Winter',NULL),(1089,'--W----','16:15:00','17:55:00','SGW H-400',0,'SGW H-400','Winter',NULL),(1090,'-T-----','10:00:00','12:00:00','SGW',0,'SGW','Winter',NULL),(1091,'--W----','10:00:00','12:00:00','SGW',0,'SGW','Winter',NULL),(1092,'--W----','16:15:00','17:55:00','SGW H-621',0,'SGW H-621','Winter',NULL),(1093,'--W----','18:00:00','20:00:00','SGW',0,'SGW','Winter',NULL),(1094,'M------','16:15:00','18:15:00','SGW',0,'SGW','Winter',NULL),(1095,'--W----','16:15:00','17:55:00','SGW H-459',0,'SGW H-459','Winter',NULL),(1096,'---J---','10:00:00','12:00:00','SGW',0,'SGW','Winter',NULL),(1097,'--W----','12:15:00','14:15:00','SGW',0,'SGW','Winter',NULL),(1098,'-T-----','17:45:00','20:15:00','SGW H',0,'SGW H-553','Winter',NULL),(1099,'-T-----','20:30:00','22:10:00','SGW H-427',0,'SGW H-427','Winter',NULL),(1100,'-T-----','10:00:00','12:00:00','SGW',0,'SGW','Winter',NULL),(1101,'M------','10:00:00','12:00:00','SGW',0,'SGW','Winter',NULL),(1102,'-T-----','20:30:00','22:10:00','SGW H-539',0,'SGW H-539','Winter',NULL),(1103,'--W----','10:00:00','12:00:00','SGW',0,'SGW','Winter',NULL),(1104,'M------','10:00:00','12:00:00','SGW',0,'SGW','Winter',NULL),(1105,'--W----','18:00:00','20:15:00','SGW',0,'SGW','Winter',NULL),(1106,'M-W----','10:45:00','13:15:00','SGW H',0,'SGW H-531','Summer2',NULL),(1107,'M-W----','08:45:00','10:25:00','SGW',0,'SGW','Summer2',NULL),(1108,'M-W----','08:45:00','10:25:00','SGW',0,'SGW','Summer2',NULL),(1109,'-T-J---','08:45:00','10:00:00','SGW H',0,'SGW H-539','Fall',NULL),(1110,'-T-----','10:15:00','11:55:00','SGW H-967',0,'SGW H-967','Fall',NULL),(1111,'---J---','18:15:00','19:55:00','SGW H-817',0,'SGW H-817','Fall',NULL),(1112,'-T-J---','08:45:00','10:00:00','SGW H',0,'SGW FG-B080','Winter',NULL),(1113,'-T-----','10:15:00','11:55:00','SGW H-831',0,'SGW H-831','Winter',NULL),(1114,'---J---','10:15:00','11:55:00','SGW H-831',0,'SGW H-831','Winter',NULL),(1115,'-T-J---','14:45:00','16:00:00','SGW H',0,'SGW FG-C070','Winter',NULL),(1116,'-T-----','16:15:00','17:55:00','SGW H-821',0,'SGW H-821','Winter',NULL),(1117,'---J---','16:15:00','17:55:00','SGW H-831',0,'SGW H-831','Winter',NULL),(1118,'----F--','15:15:00','16:55:00','SGW H-967',0,'SGW H-967','Winter',NULL),(1119,'-T-----','16:15:00','17:55:00','SGW H-819',0,'SGW H-819','Winter',NULL),(1120,'M------','17:45:00','20:15:00','SGW H',0,'SGW H-415','Fall',NULL),(1121,'M------','20:30:00','21:20:00','SGW H-929',0,'SGW H-929','Fall',NULL),(1122,'M------','20:30:00','21:20:00','SGW H-905',0,'SGW H-905','Fall',NULL),(1123,'-T-J---','16:15:00','17:30:00','SGW H',0,'SGW H-411','Winter',NULL),(1124,'----F--','14:15:00','16:05:00','SGW H-411',0,'SGW H-411','Winter',NULL),(1125,'----F--','14:15:00','16:05:00','SGW H-459',0,'SGW H-459','Winter',NULL),(1126,'--W-F--','10:15:00','11:30:00','SGW H',0,'SGW H-403','Fall',NULL),(1127,'----F--','11:45:00','12:35:00','SGW H-917',0,'SGW H-917','Fall',NULL),(1128,'----F--','12:45:00','13:35:00','SGW H-825',0,'SGW H-825','Fall',NULL),(1129,'--W-F--','08:45:00','10:00:00','SGW H',0,'SGW H-620','Winter',NULL),(1130,'----F--','12:15:00','13:05:00','SGW H-564',0,'SGW H-564','Winter',NULL),(1131,'----F--','13:15:00','14:05:00','SGW H-564',0,'SGW H-564','Winter',NULL),(1132,'----F--','14:15:00','15:05:00','SGW H-564',0,'SGW H-564','Winter',NULL),(1133,'--W-F--','11:45:00','13:00:00','SGW H',0,'SGW H-431','Fall',NULL),(1134,'----F--','15:45:00','16:35:00','SGW H-905',0,'SGW H-905','Fall',NULL),(1135,'----F--','15:45:00','16:35:00','SGW H-917',0,'SGW H-917','Fall',NULL),(1136,'--W-F--','13:15:00','14:30:00','SGW H',0,'SGW H-431','Fall',NULL),(1137,'----F--','14:45:00','15:35:00','SGW H-929',0,'SGW H-929','Fall',NULL),(1138,'----F--','14:45:00','15:35:00','SGW H-831',0,'SGW H-831','Fall',NULL),(1139,'-T-J---','13:15:00','14:30:00','SGW H',0,'SGW H-431','Winter',NULL),(1140,'---J---','14:45:00','15:35:00','SGW H-920',0,'SGW H-920','Winter',NULL),(1141,'M-W----','14:45:00','16:00:00','SGW H',0,'SGW H-431','Winter',NULL),(1142,'--W----','16:15:00','17:05:00','SGW H-441',0,'SGW H-441','Winter',NULL),(1143,'--W----','17:45:00','18:35:00','SGW H-441',0,'SGW H-441','Winter',NULL),(1144,'--W-F--','10:15:00','11:30:00','SGW H',0,'SGW H-431','Winter',NULL),(1145,'----F--','11:45:00','12:35:00','SGW H-561',0,'SGW H-561','Winter',NULL),(1146,'--W-F--','10:15:00','11:30:00','SGW H',0,'SGW H-431','Fall',NULL),(1147,'----F--','09:15:00','10:05:00','SGW H-929',0,'SGW H-929','Fall',NULL),(1148,'-T-J---','11:45:00','13:00:00','SGW H',0,'SGW H-557','Winter',NULL),(1149,'-T-----','10:45:00','11:35:00','SGW',0,'SGW','Winter',NULL),(1150,'---J---','10:45:00','11:35:00','SGW',0,'SGW','Winter',NULL),(1151,'M------','10:45:00','11:35:00','SGW',0,'SGW','Winter',NULL),(1152,'M------','16:15:00','17:55:00','SGW H',0,'SGW FG-B050','Winter',NULL),(1153,'M------','18:15:00','19:05:00','SGW',0,'SGW','Winter',NULL),(1154,'---J---','15:45:00','18:25:00','SGW',0,'SGW','Winter',NULL),(1155,'M------','18:15:00','19:05:00','SGW',0,'SGW','Winter',NULL),(1156,'-T-----','15:45:00','18:25:00','SGW',0,'SGW','Winter',NULL),(1157,'----F--','18:25:00','19:25:00','SGW H',0,'SGW H-521','Fall&Winter;',NULL),(1158,'-T-J---','08:45:00','10:45:00','SGW H-849',0,'SGW H-849','Fall&Winter;',NULL),(1159,'-T-J---','08:45:00','10:45:00','SGW H-825',0,'SGW H-825','Fall&Winter;',NULL),(1160,'-T-J---','10:45:00','13:15:00','SGW H',0,'SGW H-521','Summer1',NULL),(1161,'-T-J---','13:45:00','15:25:00','SGW H-521',0,'SGW H-521','Summer1',NULL),(1162,'-T-J---','13:15:00','14:30:00','SGW H',0,'SGW H-820','Fall',NULL),(1163,'-T-----','16:15:00','17:55:00','SGW H-607',0,'SGW H-607','Fall',NULL),(1164,'---J---','14:45:00','16:25:00','SGW H-619',0,'SGW H-619','Fall',NULL),(1165,'-T-J---','13:15:00','14:30:00','SGW H',0,'SGW H-937','Fall',NULL),(1166,'-T-----','16:15:00','17:55:00','SGW H-1070',0,'SGW H-1070','Fall',NULL),(1167,'-T-----','16:15:00','17:55:00','SGW GN-M100',0,'SGW GN-M100','Fall',NULL),(1168,'--W----','17:45:00','20:15:00','SGW H',0,'SGW FG-C070','Fall',NULL),(1169,'--W----','20:30:00','22:10:00','SGW H-429',0,'SGW H-429','Fall',NULL),(1170,'--W----','20:30:00','22:10:00','SGW H-619',0,'SGW H-619','Fall',NULL),(1171,'-T-J---','13:15:00','14:30:00','SGW H',0,'SGW H-561','Winter',NULL),(1172,'-T-----','14:45:00','16:25:00','SGW H-920',0,'SGW H-920','Winter',NULL),(1173,'-T-----','14:45:00','16:25:00','SGW H-623',0,'SGW H-623','Winter',NULL),(1174,'---J---','17:45:00','20:15:00','SGW H',0,'SGW H-520','Winter',NULL),(1175,'---J---','20:30:00','22:10:00','SGW H-520',0,'SGW H-520','Winter',NULL),(1176,'-T-----','20:30:00','22:10:00','SGW H-607',0,'SGW H-607','Winter',NULL),(1177,'M-W----','13:30:00','16:00:00','SGW H',0,'SGW H-557','Summer1',NULL),(1178,'M-W----','16:40:00','18:20:00','SGW MB-S1.105',0,'SGW MB-S1.105','Summer1',NULL),(1179,'M-W----','16:40:00','18:20:00','SGW MB-S2.445',0,'SGW MB-S2.445','Summer1',NULL),(1180,'M-W----','16:40:00','18:20:00','SGW MB-1.301',0,'SGW MB-1.301','Summer1',NULL),(1181,'M-W----','13:15:00','14:30:00','SGW H',0,'SGW FG-C080','Fall',NULL),(1182,'M------','10:15:00','11:55:00','SGW H-831',0,'SGW H-831','Fall',NULL),(1183,'--W----','10:15:00','11:55:00','SGW H-831',0,'SGW H-831','Fall',NULL),(1184,'----F--','08:45:00','10:25:00','SGW H-905',0,'SGW H-905','Fall',NULL),(1185,'M------','10:15:00','11:55:00','SGW H-905',0,'SGW H-905','Fall',NULL),(1186,'M-W----','08:45:00','10:00:00','SGW H',0,'SGW FG-B050','Fall',NULL),(1187,'----F--','08:45:00','10:25:00','SGW H-917',0,'SGW H-917','Fall',NULL),(1188,'M------','10:15:00','11:55:00','SGW H-917',0,'SGW H-917','Fall',NULL),(1189,'--W----','10:15:00','11:55:00','SGW H-917',0,'SGW H-917','Fall',NULL),(1190,'----F--','17:45:00','20:15:00','SGW H',0,'SGW H-420','Fall',NULL),(1191,'-T-----','11:45:00','13:35:00','SGW H-849',0,'SGW H-849','Fall',NULL),(1192,'---J---','11:45:00','13:35:00','SGW H-831',0,'SGW H-831','Fall',NULL),(1193,'M------','17:45:00','19:35:00','SGW H-917',0,'SGW H-917','Fall',NULL),(1194,'--W-F--','10:15:00','11:30:00','SGW H',0,'SGW H-420','Winter',NULL),(1195,'----F--','11:45:00','13:25:00','SGW H-967',0,'SGW H-967','Winter',NULL),(1196,'--W----','11:45:00','13:25:00','SGW H-967',0,'SGW H-967','Winter',NULL),(1197,'--W-F--','11:45:00','13:00:00','SGW H',0,'SGW H-420','Winter',NULL),(1198,'M------','10:15:00','11:50:00','SGW H-967',0,'SGW H-967','Winter',NULL),(1199,'--W----','14:45:00','16:25:00','SGW H-967',0,'SGW H-967','Winter',NULL),(1200,'M-W----','15:30:00','18:00:00','SGW H',0,'SGW H-520','Summer2',NULL),(1201,'-T-J---','18:20:00','20:00:00','SGW',0,'SGW','Summer2',NULL),(1202,'M-W----','18:20:00','20:00:00','SGW',0,'SGW','Summer2',NULL),(1203,'M-W----','14:45:00','16:00:00','SGW H',0,'SGW H-415','Fall',NULL),(1204,'M------','12:45:00','14:25:00','SGW H-849',0,'SGW H-849','Fall',NULL),(1205,'--W----','16:15:00','17:55:00','SGW H-967',0,'SGW H-967','Fall',NULL),(1206,'M-W----','08:45:00','10:00:00','SGW H',0,'SGW H-521','Winter',NULL),(1207,'--W----','10:15:00','11:55:00','SGW',0,'SGW','Winter',NULL),(1208,'M------','11:45:00','13:25:00','SGW',0,'SGW','Winter',NULL),(1209,'--W-F--','10:15:00','11:30:00','SGW H',0,'SGW H-1011','Winter',NULL),(1210,'M------','10:15:00','11:55:00','SGW',0,'SGW','Winter',NULL),(1211,'--W----','11:45:00','13:25:00','SGW',0,'SGW','Winter',NULL),(1212,'---J---','17:45:00','20:15:00','SGW H',0,'SGW H-411','Winter',NULL),(1213,'---J---','20:30:00','22:10:00','SGW',0,'SGW','Winter',NULL),(1214,'----F--','17:45:00','19:25:00','SGW',0,'SGW','Winter',NULL),(1215,'---J---','20:30:00','22:10:00','SGW',0,'SGW','Winter',NULL),(1216,'----F--','17:45:00','19:25:00','SGW',0,'SGW','Winter',NULL),(1217,'-T-J---','18:30:00','21:00:00','SGW H',0,'SGW H-557','Summer1',NULL),(1218,'-T-J---','17:30:00','18:20:00','SGW H-615',0,'SGW H-615','Summer1',NULL),(1219,'-T-J---','17:30:00','18:20:00','SGW H-400',0,'SGW H-400','Summer1',NULL),(1220,'-T-J---','10:15:00','11:30:00','SGW H',0,'SGW FG-B040','Fall',NULL),(1221,'---J---','11:45:00','12:35:00','SGW FG-B030',0,'SGW FG-B030','Fall',NULL),(1222,'---J---','11:45:00','12:35:00','SGW FG-B050',0,'SGW FG-B050','Fall',NULL),(1223,'-T-J---','08:45:00','10:00:00','SGW H',0,'SGW H-403','Fall',NULL),(1224,'-T-----','10:15:00','11:05:00','SGW H-629',0,'SGW H-629','Fall',NULL),(1225,'-T-J---','11:45:00','13:00:00','SGW H',0,'SGW H-501','Winter',NULL),(1226,'-T-----','13:15:00','14:05:00','SGW H-423',0,'SGW H-423','Winter',NULL),(1227,'-T-J---','18:30:00','21:00:00','SGW H',0,'SGW H-521','Summer2',NULL),(1228,'-T-J---','17:30:00','18:20:00','SGW',0,'SGW','Summer2',NULL),(1229,'-T-J---','21:10:00','23:00:00','SGW H-831',0,'SGW H-831','Summer2',NULL),(1230,'-T-J---','17:30:00','18:20:00','SGW',0,'SGW','Summer2',NULL),(1231,'-T-J---','21:10:00','23:00:00','SGW H-817',0,'SGW H-817','Summer2',NULL),(1232,'-T-----','17:45:00','20:15:00','SGW H',0,'SGW H-605','Fall',NULL),(1233,'-T-----','20:30:00','21:20:00','SGW H-929',0,'SGW H-929','Fall',NULL),(1234,'---J---','17:45:00','19:35:00','SGW H-929',0,'SGW H-929','Fall',NULL),(1235,'-T-----','20:30:00','21:20:00','SGW H-849',0,'SGW H-849','Fall',NULL),(1236,'---J---','19:45:00','21:35:00','SGW H-831',0,'SGW H-831','Fall',NULL),(1237,'--W----','17:45:00','20:15:00','SGW H',0,'SGW H-420','Winter',NULL),(1238,'--W----','20:20:00','21:10:00','SGW H-905',0,'SGW H-905','Winter',NULL),(1239,'--W----','21:15:00','23:05:00','SGW H-905',0,'SGW H-905','Winter',NULL),(1240,'M------','13:15:00','14:05:00','SGW H-905',0,'SGW H-905','Winter',NULL),(1241,'M------','14:15:00','16:05:00','SGW H-905',0,'SGW H-905','Winter',NULL),(1242,'-T-----','17:45:00','20:15:00','SGW H',0,'SGW MB-S1.401','Winter',NULL),(1243,'-T-----','20:00:00','21:10:00','SGW H-929',0,'SGW H-929','Winter',NULL),(1244,'-T-----','21:15:00','23:05:00','SGW H-929',0,'SGW H-929','Winter',NULL),(1245,'----F--','13:15:00','14:05:00','SGW H-905',0,'SGW H-905','Winter',NULL),(1246,'----F--','14:15:00','16:05:00','SGW H-905',0,'SGW H-905','Winter',NULL),(1247,'M-W----','14:45:00','17:15:00','SGW H',0,'SGW H-553','Summer2',NULL),(1248,'M-W----','13:15:00','14:05:00','SGW',0,'SGW','Summer2',NULL),(1249,'M-W----','13:15:00','14:05:00','SGW',0,'SGW','Summer2',NULL),(1250,'M-W----','13:15:00','14:05:00','SGW',0,'SGW','Summer2',NULL),(1251,'M-W----','08:45:00','10:00:00','SGW H',0,'SGW MB-S2.330','Fall',NULL),(1252,'M------','10:15:00','11:05:00','SGW H-929',0,'SGW H-929','Fall',NULL),(1253,'M------','10:15:00','11:05:00','SGW H-967',0,'SGW H-967','Fall',NULL),(1254,'--W----','17:45:00','20:15:00','SGW H',0,'SGW H-631','Fall',NULL),(1255,'-T-----','14:45:00','15:35:00','SGW H-905',0,'SGW H-905','Fall',NULL),(1256,'---J---','14:45:00','15:35:00','SGW H-905',0,'SGW H-905','Fall',NULL),(1257,'M-W----','14:45:00','16:00:00','SGW H',0,'SGW H-631','Winter',NULL),(1258,'M------','16:15:00','17:05:00','SGW',0,'SGW','Winter',NULL),(1259,'--W----','16:15:00','17:05:00','SGW',0,'SGW','Winter',NULL),(1260,'M-W----','18:30:00','21:00:00','SGW H',0,'SGW FG-C080','Summer1',NULL),(1261,'M-W----','17:30:00','18:20:00','SGW',0,'SGW','Summer1',NULL),(1262,'M-W----','16:30:00','17:20:00','SGW',0,'SGW','Summer1',NULL),(1263,'--W-F--','13:15:00','14:30:00','SGW H',0,'SGW H-535','Fall',NULL),(1264,'----F--','14:45:00','15:35:00','SGW H-905',0,'SGW H-905','Fall',NULL),(1265,'M------','11:45:00','12:35:00','SGW H-905',0,'SGW H-905','Fall',NULL),(1266,'M------','11:45:00','12:35:00','SGW H-821',0,'SGW H-821','Fall',NULL),(1267,'--W-F--','13:15:00','14:30:00','SGW H',0,'SGW H-631','Fall',NULL),(1268,'-T-----','14:45:00','15:35:00','SGW H-917',0,'SGW H-917','Fall',NULL),(1269,'---J---','14:45:00','15:35:00','SGW H-917',0,'SGW H-917','Fall',NULL),(1270,'M-W----','13:15:00','14:30:00','SGW H',0,'SGW H-431','Winter',NULL),(1271,'M------','16:15:00','17:05:00','SGW',0,'SGW','Winter',NULL),(1272,'--W----','16:15:00','17:05:00','SGW',0,'SGW','Winter',NULL),(1273,'-T-J---','18:30:00','21:00:00','SGW H',0,'SGW H-435','Summer1',NULL),(1274,'-T-J---','21:10:00','22:00:00','SGW H-435',0,'SGW H-435','Summer1',NULL),(1275,'-T-J---','17:30:00','18:20:00','SGW H-435',0,'SGW H-435','Summer1',NULL),(1276,'-T-J---','18:30:00','21:00:00','SGW H',0,'SGW H-553','Summer2',NULL),(1277,'-T-J---','21:10:00','22:00:00','SGW H-403',0,'SGW H-403','Summer2',NULL),(1278,'-T-J---','21:10:00','22:00:00','SGW H-401',0,'SGW H-401','Summer2',NULL),(1279,'-T-J---','16:15:00','17:30:00','SGW H',0,'SGW H-420','Fall',NULL),(1280,'----F--','14:15:00','15:05:00','SGW H-967',0,'SGW H-967','Fall',NULL),(1281,'----F--','16:15:00','17:05:00','SGW H-967',0,'SGW H-967','Fall',NULL),(1282,'-T-J---','08:45:00','10:00:00','SGW H',0,'SGW H-531','Fall',NULL),(1283,'----F--','15:15:00','16:05:00','SGW H-967',0,'SGW H-967','Fall',NULL),(1284,'----F--','15:15:00','16:05:00','SGW H-843',0,'SGW H-843','Fall',NULL),(1285,'----F--','15:15:00','16:05:00','SGW H-823',0,'SGW H-823','Fall',NULL),(1286,'-T-J---','16:15:00','17:30:00','SGW H',0,'SGW H-820','Fall',NULL),(1287,'----F--','14:15:00','15:05:00','SGW H-843',0,'SGW H-843','Fall',NULL),(1288,'----F--','16:15:00','17:05:00','SGW H-843',0,'SGW H-843','Fall',NULL),(1289,'-T-J---','13:15:00','14:30:00','SGW H',0,'SGW H-553','Winter',NULL),(1290,'----F--','11:45:00','12:35:00','SGW H-401',0,'SGW H-401','Winter',NULL),(1291,'----F--','13:15:00','14:05:00','SGW H-403',0,'SGW H-403','Winter',NULL),(1292,'--W-F--','08:45:00','10:00:00','SGW H',0,'SGW H-553','Winter',NULL),(1293,'----F--','13:15:00','14:05:00','SGW H-831',0,'SGW H-831','Winter',NULL),(1294,'----F--','15:15:00','16:05:00','SGW H-929',0,'SGW H-929','Winter',NULL),(1295,'---J---','17:45:00','20:15:00','SGW H',0,'SGW H-553','Winter',NULL),(1296,'---J---','20:30:00','21:20:00','SGW H-929',0,'SGW H-929','Winter',NULL),(1297,'---J---','20:35:00','21:25:00','SGW H-967',0,'SGW H-967','Winter',NULL),(1298,'----F--','17:45:00','20:15:00','SGW H',0,'SGW H-433','Fall',NULL),(1299,'----F--','20:30:00','21:20:00','SGW H-521',0,'SGW H-521','Fall',NULL),(1300,'M------','17:45:00','20:15:00','SGW H',0,'SGW FG-B070','Winter',NULL),(1301,'--W----','17:45:00','18:35:00','SGW H-561',0,'SGW H-561','Winter',NULL),(1302,'-T-J---','14:45:00','16:00:00','SGW H',0,'LOY HC-155','Winter',NULL),(1303,'-T-J---','11:45:00','13:00:00','SGW H',0,'LOY SP-S110','Fall',NULL),(1304,'-T-J---','08:45:00','10:00:00','SGW H',0,'LOY SP-S110','Winter',NULL),(1305,'--W-F--','11:45:00','13:00:00','SGW H',0,'LOY SP-S110','Fall',NULL),(1306,'-T-----','13:30:00','15:30:00','LOY CC-312',0,'LOY CC-312','Fall',NULL),(1307,'-T-----','15:30:00','17:30:00','LOY CC-312',0,'LOY CC-312','Fall',NULL),(1308,'--W----','13:30:00','15:30:00','LOY CJ-1.121',0,'LOY CJ-1.121','Fall',NULL),(1309,'--W----','15:30:00','17:30:00','LOY CJ-1.121',0,'LOY CJ-1.121','Fall',NULL),(1310,'---J---','13:30:00','15:30:00','LOY CJ-1.125',0,'LOY CJ-1.125','Fall',NULL),(1311,'---J---','15:30:00','17:30:00','LOY CJ-1.125',0,'LOY CJ-1.125','Fall',NULL),(1312,'---J---','13:30:00','15:30:00','LOY CC-425',0,'LOY CC-425','Fall',NULL),(1313,'---J---','15:30:00','17:30:00','LOY CC-425',0,'LOY CC-425','Fall',NULL),(1314,'--W-F--','11:45:00','13:00:00','SGW H',0,'LOY SP-S110','Winter',NULL),(1315,'-T-----','13:30:00','15:30:00','LOY CC-301',0,'LOY CC-301','Winter',NULL),(1316,'-T-----','15:30:00','17:30:00','LOY CC-301',0,'LOY CC-301','Winter',NULL),(1317,'--W----','13:30:00','15:30:00','LOY CC-301',0,'LOY CC-301','Winter',NULL),(1318,'--W----','15:30:00','17:30:00','LOY CC-301',0,'LOY CC-301','Winter',NULL),(1319,'---J---','13:30:00','15:30:00','LOY CC-312',0,'LOY CC-312','Winter',NULL),(1320,'---J---','15:30:00','17:30:00','LOY CC-312',0,'LOY CC-312','Winter',NULL),(1321,'M-W----','18:00:00','19:15:00','SGW H',0,'LOY SP-S110','Winter',NULL),(1322,'-T-----','13:30:00','15:30:00','LOY CC-106',0,'LOY CC-106','Winter',NULL),(1323,'-T-----','15:30:00','17:30:00','LOY CC-106',0,'LOY CC-106','Winter',NULL),(1324,'--W----','13:30:00','15:30:00','LOY CC-312',0,'LOY CC-312','Winter',NULL),(1325,'--W----','15:30:00','17:30:00','LOY CC-312',0,'LOY CC-312','Winter',NULL),(1326,'-T-----','18:00:00','20:15:00','SGW H',0,'SGW H-521','Winter',NULL),(1327,'--W-F--','10:15:00','11:30:00','SGW H',0,'LOY CC-321','Fall',NULL),(1328,'M------','09:00:00','13:00:00','LOY SP-210',0,'LOY SP-210','Fall',NULL),(1329,'M------','13:30:00','17:30:00','LOY SP-210',0,'LOY SP-210','Fall',NULL),(1330,'-T-----','13:30:00','17:30:00','LOY SP-210',0,'LOY SP-210','Fall',NULL),(1331,'---J---','13:30:00','17:30:00','LOY SP-210',0,'LOY SP-210','Fall',NULL),(1332,'M------','18:30:00','22:30:00','LOY SP-210',0,'LOY SP-210','Fall',NULL),(1333,'---J---','18:30:00','22:30:00','LOY SP-210',0,'LOY SP-210','Fall',NULL),(1334,'-------','00:00:00','00:00:00','LOY',0,'LOY','Fall',NULL),(1335,'--W----','18:00:00','20:30:00','SGW H',0,'LOY CC-321','Fall',NULL),(1336,'M------','09:00:00','13:00:00','LOY SP-210',0,'LOY SP-210','Fall',NULL),(1337,'M------','13:30:00','17:30:00','LOY SP-210',0,'LOY SP-210','Fall',NULL),(1338,'-T-----','13:30:00','17:30:00','LOY SP-210',0,'LOY SP-210','Fall',NULL),(1339,'---J---','13:30:00','17:30:00','LOY SP-210',0,'LOY SP-210','Fall',NULL),(1340,'M------','18:30:00','22:30:00','LOY SP-210',0,'LOY SP-210','Fall',NULL),(1341,'---J---','18:30:00','22:30:00','LOY SP-210',0,'LOY SP-210','Fall',NULL),(1342,'-------','00:00:00','00:00:00','LOY',0,'LOY','Fall',NULL),(1343,'-T-J---','10:15:00','11:30:00','SGW H',0,'LOY HC-157','Fall',NULL),(1344,'M------','09:00:00','13:00:00','LOY SP-116',0,'LOY SP-116','Fall',NULL),(1345,'-T-----','13:30:00','17:30:00','LOY SP-116',0,'LOY SP-116','Fall',NULL),(1346,'--W----','13:30:00','17:30:00','LOY SP-116',0,'LOY SP-116','Fall',NULL),(1347,'----F--','13:30:00','17:30:00','LOY SP-116',0,'LOY SP-116','Fall',NULL),(1348,'----F--','09:00:00','13:00:00','LOY SP-116',0,'LOY SP-116','Fall',NULL),(1349,'-T-----','18:30:00','22:30:00','LOY SP-116',0,'LOY SP-116','Fall',NULL),(1350,'--W----','18:30:00','22:30:00','LOY SP-116',0,'LOY SP-116','Fall',NULL),(1351,'-------','00:00:00','00:00:00','LOY',0,'LOY','Fall',NULL),(1352,'---J---','18:00:00','20:30:00','SGW H',0,'LOY CC-310','Fall',NULL),(1353,'M------','09:00:00','13:00:00','LOY SP-116',0,'LOY SP-116','Fall',NULL),(1354,'-T-----','13:30:00','17:30:00','LOY SP-116',0,'LOY SP-116','Fall',NULL),(1355,'--W----','13:30:00','17:30:00','LOY SP-116',0,'LOY SP-116','Fall',NULL),(1356,'----F--','13:30:00','17:30:00','LOY SP-116',0,'LOY SP-116','Fall',NULL),(1357,'----F--','09:00:00','13:00:00','LOY SP-116',0,'LOY SP-116','Fall',NULL),(1358,'-T-----','18:30:00','22:30:00','LOY SP-116',0,'LOY SP-116','Fall',NULL),(1359,'--W----','18:30:00','22:30:00','LOY SP-116',0,'LOY SP-116','Fall',NULL),(1360,'-------','00:00:00','00:00:00','LOY',0,'LOY','Fall',NULL),(1361,'-T-J---','10:15:00','11:30:00','SGW H',0,'LOY CC-321','Winter',NULL),(1362,'M------','13:30:00','17:30:00','LOY SP-116',0,'LOY SP-116','Winter',NULL),(1363,'--W----','13:30:00','17:30:00','LOY SP-112',0,'LOY SP-112','Winter',NULL),(1364,'---J---','13:30:00','17:30:00','LOY SP-116',0,'LOY SP-116','Winter',NULL),(1365,'----F--','09:00:00','13:00:00','LOY SP-116',0,'LOY SP-116','Winter',NULL),(1366,'M------','09:00:00','13:00:00','LOY SP-112',0,'LOY SP-112','Winter',NULL),(1367,'-T-----','18:30:00','22:30:00','LOY SP-116',0,'LOY SP-116','Winter',NULL),(1368,'-------','00:00:00','00:00:00','LOY',0,'LOY','Winter',NULL),(1369,'---J---','18:00:00','20:30:00','SGW H',0,'LOY CC-321','Winter',NULL),(1370,'M------','13:30:00','17:30:00','LOY SP-116',0,'LOY SP-116','Winter',NULL),(1371,'--W----','13:30:00','17:30:00','LOY SP-112',0,'LOY SP-112','Winter',NULL),(1372,'---J---','13:30:00','17:30:00','LOY SP-116',0,'LOY SP-116','Winter',NULL),(1373,'----F--','09:00:00','13:00:00','LOY SP-116',0,'LOY SP-116','Winter',NULL),(1374,'M------','09:00:00','13:00:00','LOY SP-112',0,'LOY SP-112','Winter',NULL),(1375,'-T-----','18:30:00','22:30:00','LOY SP-116',0,'LOY SP-116','Winter',NULL),(1376,'-------','00:00:00','00:00:00','LOY',0,'LOY','Winter',NULL),(1377,'--W-F--','08:45:00','10:00:00','SGW H',0,'LOY CC-321','Fall',NULL),(1378,'---J---','18:00:00','20:30:00','SGW H',0,'LOY CC-314','Fall',NULL),(1379,'--W-F--','10:15:00','11:30:00','SGW H',0,'LOY CC-320','Winter',NULL),(1380,'-T-J---','10:15:00','11:30:00','SGW H',0,'LOY CC-425','Winter',NULL),(1381,'M-W----','08:45:00','10:00:00','SGW H',0,'LOY CC-314','Fall',NULL),(1382,'M-W----','11:45:00','13:00:00','SGW H',0,'LOY CJ-1.129','Fall',NULL),(1383,'-T-J---','10:15:00','11:30:00','SGW H',0,'LOY CJ-1.129','Winter',NULL),(1384,'-------','00:00:00','00:00:00','SGW H',0,'SGW(Online)','Summer1',NULL),(1385,'-------','00:00:00','00:00:00','SGW H',0,'SGW(Online)','Fall',NULL),(1386,'-------','00:00:00','00:00:00','SGW H',0,'SGW(Online)','Winter',NULL),(1387,'-------','00:00:00','00:00:00','SGW H',0,'SGW(Online)','Summer1',NULL),(1388,'--W----','13:15:00','16:00:00','SGW H',0,'SGW MB-1.210','Fall',NULL),(1389,'M------','10:15:00','11:15:00','SGW H-427',0,'SGW H-427','Fall',NULL),(1390,'M------','10:15:00','11:15:00','SGW MB-6.425',0,'SGW MB-6.425','Fall',NULL),(1391,'M------','10:15:00','11:15:00','SGW H-627',0,'SGW H-627','Fall',NULL),(1392,'M------','10:15:00','11:15:00','SGW H-625',0,'SGW H-625','Fall',NULL),(1393,'M------','11:45:00','12:45:00','SGW H-625',0,'SGW H-625','Fall',NULL),(1394,'M------','11:45:00','12:45:00','SGW H-623',0,'SGW H-623','Fall',NULL),(1395,'M------','11:45:00','12:45:00','SGW H-537',0,'SGW H-537','Fall',NULL),(1396,'M------','11:45:00','12:45:00','SGW H-564',0,'SGW H-564','Fall',NULL),(1397,'-------','00:00:00','00:00:00','SGW H',0,'SGW(Online)','Fall',NULL),(1398,'--W-F--','08:45:00','10:00:00','SGW H',0,'SGW H-507','Winter',NULL),(1399,'-------','00:00:00','00:00:00','SGW H',0,'SGW(Online)','Winter',NULL),(1400,'-------','00:00:00','00:00:00','SGW H',0,'SGW(Online)','Summer1',NULL),(1401,'M-W----','16:15:00','17:30:00','SGW H',0,'SGW MB-1.210','Fall',NULL),(1402,'-------','00:00:00','00:00:00','SGW',0,'SGW','Fall',NULL),(1403,'-------','00:00:00','00:00:00','SGW',0,'SGW','Fall',NULL),(1404,'-------','00:00:00','00:00:00','SGW',0,'SGW','Fall',NULL),(1405,'M-W----','11:45:00','13:00:00','SGW H',0,'SGW MB-1.210','Fall',NULL),(1406,'-------','00:00:00','00:00:00','SGW',0,'SGW','Fall',NULL),(1407,'-------','00:00:00','00:00:00','SGW',0,'SGW','Fall',NULL),(1408,'-------','00:00:00','00:00:00','SGW',0,'SGW','Fall',NULL),(1409,'--W-F--','10:15:00','11:30:00','SGW H',0,'SGW MB-1.210','Fall',NULL),(1410,'-------','00:00:00','00:00:00','SGW',0,'SGW','Fall',NULL),(1411,'-------','00:00:00','00:00:00','SGW',0,'SGW','Fall',NULL),(1412,'-------','00:00:00','00:00:00','SGW',0,'SGW','Fall',NULL),(1413,'M-W----','08:45:00','10:00:00','SGW H',0,'SGW MB-1.210','Fall',NULL),(1414,'-------','00:00:00','00:00:00','SGW',0,'SGW','Fall',NULL),(1415,'-------','00:00:00','00:00:00','SGW',0,'SGW','Fall',NULL),(1416,'-------','00:00:00','00:00:00','SGW',0,'SGW','Fall',NULL),(1417,'--W-F--','08:45:00','10:00:00','SGW H',0,'SGW H-531','Fall',NULL),(1418,'-------','00:00:00','00:00:00','SGW',0,'SGW','Fall',NULL),(1419,'M-W----','14:45:00','16:00:00','SGW H',0,'SGW H-407','Fall',NULL),(1420,'-------','00:00:00','00:00:00','SGW',0,'SGW','Fall',NULL),(1421,'-------','00:00:00','00:00:00','SGW H',0,'SGW(Online)','Fall',NULL),(1422,'M-W----','16:15:00','17:30:00','SGW H',0,'SGW MB-1.210','Winter',NULL),(1423,'-------','00:00:00','00:00:00','SGW',0,'SGW','Winter',NULL),(1424,'-------','00:00:00','00:00:00','SGW',0,'SGW','Winter',NULL),(1425,'-------','00:00:00','00:00:00','SGW',0,'SGW','Winter',NULL),(1426,'M-W----','11:45:00','13:00:00','SGW H',0,'SGW MB-1.210','Winter',NULL),(1427,'-------','00:00:00','00:00:00','SGW',0,'SGW','Winter',NULL),(1428,'-------','00:00:00','00:00:00','SGW',0,'SGW','Winter',NULL),(1429,'-------','00:00:00','00:00:00','SGW',0,'SGW','Winter',NULL),(1430,'M-W----','10:15:00','11:30:00','SGW H',0,'SGW FG-C070','Winter',NULL),(1431,'-------','00:00:00','00:00:00','SGW',0,'SGW','Winter',NULL),(1432,'M-W----','08:45:00','10:00:00','SGW H',0,'SGW H-407','Winter',NULL),(1433,'-------','00:00:00','00:00:00','SGW',0,'SGW','Winter',NULL),(1434,'-T-J---','14:45:00','16:00:00','SGW H',0,'SGW H-531','Winter',NULL),(1435,'-------','00:00:00','00:00:00','SGW',0,'SGW','Winter',NULL),(1436,'-T-J---','13:15:00','14:30:00','SGW H',0,'SGW H-531','Winter',NULL),(1437,'-------','00:00:00','00:00:00','SGW',0,'SGW','Winter',NULL),(1438,'-------','00:00:00','00:00:00','SGW H',0,'SGW(Online)','Winter',NULL),(1439,'-------','00:00:00','00:00:00','SGW H',0,'SGW(Online)','Summer1',NULL),(1440,'-T-J---','11:45:00','13:00:00','SGW H',0,'SGW MB-1.210','Fall',NULL),(1441,'-------','00:00:00','00:00:00','SGW',0,'SGW','Fall',NULL),(1442,'-------','00:00:00','00:00:00','SGW',0,'SGW','Fall',NULL),(1443,'-------','00:00:00','00:00:00','SGW',0,'SGW','Fall',NULL),(1444,'-T-J---','16:15:00','17:30:00','SGW H',0,'SGW MB-1.210','Fall',NULL),(1445,'-------','00:00:00','00:00:00','SGW',0,'SGW','Fall',NULL),(1446,'-------','00:00:00','00:00:00','SGW',0,'SGW','Fall',NULL),(1447,'-------','00:00:00','00:00:00','SGW',0,'SGW','Fall',NULL),(1448,'-T-J---','08:45:00','10:00:00','SGW H',0,'SGW H-407','Fall',NULL),(1449,'-------','00:00:00','00:00:00','SGW',0,'SGW','Fall',NULL),(1450,'M-W----','10:15:00','11:30:00','SGW H',0,'SGW H-407','Fall',NULL),(1451,'-------','00:00:00','00:00:00','SGW',0,'SGW','Fall',NULL),(1452,'-------','00:00:00','00:00:00','SGW H',0,'SGW(Online)','Fall',NULL),(1453,'-T-J---','13:15:00','14:30:00','SGW H',0,'SGW MB-1.210','Winter',NULL),(1454,'-------','00:00:00','00:00:00','SGW',0,'SGW','Winter',NULL),(1455,'-------','00:00:00','00:00:00','SGW',0,'SGW','Winter',NULL),(1456,'-------','00:00:00','00:00:00','SGW',0,'SGW','Winter',NULL),(1457,'-T-J---','10:15:00','11:30:00','SGW H',0,'SGW MB-1.210','Winter',NULL),(1458,'-------','00:00:00','00:00:00','SGW',0,'SGW','Winter',NULL),(1459,'-------','00:00:00','00:00:00','SGW',0,'SGW','Winter',NULL),(1460,'-------','00:00:00','00:00:00','SGW',0,'SGW','Winter',NULL),(1461,'-T-J---','08:45:00','10:00:00','SGW H',0,'SGW MB-1.210','Winter',NULL),(1462,'-------','00:00:00','00:00:00','SGW',0,'SGW','Winter',NULL),(1463,'-------','00:00:00','00:00:00','SGW',0,'SGW','Winter',NULL),(1464,'-------','00:00:00','00:00:00','SGW',0,'SGW','Winter',NULL),(1465,'-T-J---','11:45:00','13:00:00','SGW H',0,'SGW FG-B060','Winter',NULL),(1466,'-------','00:00:00','00:00:00','SGW',0,'SGW','Winter',NULL),(1467,'-T-J---','14:45:00','16:00:00','SGW H',0,'SGW H-407','Winter',NULL),(1468,'-------','00:00:00','00:00:00','SGW',0,'SGW','Winter',NULL),(1469,'-------','00:00:00','00:00:00','SGW H',0,'SGW(Online)','Winter',NULL),(1470,'-T-J---','14:45:00','17:30:00','SGW H',0,'SGW FG-B060','Summer1',NULL),(1471,'-T-----','20:30:00','22:45:00','SGW H',0,'SGW H-403','Fall',NULL),(1472,'-T-----','18:00:00','20:15:00','SGW H',0,'SGW H-629','Winter',NULL),(1473,'-T-J---','18:30:00','21:00:00','SGW H',0,'SGW H-920','Summer2',NULL),(1474,'--W----','14:45:00','17:30:00','SGW H',0,'SGW H-620','Fall',NULL),(1475,'--W----','14:45:00','17:30:00','SGW H',0,'SGW H-507','Winter',NULL),(1476,'-T-J---','10:15:00','11:30:00','SGW H',0,'SGW H-937','Fall',NULL),(1477,'----F--','18:00:00','20:15:00','SGW H',0,'SGW H-937','Winter',NULL),(1478,'-T-J---','08:45:00','10:00:00','SGW H',0,'SGW H-937','Winter',NULL),(1479,'M-W----','14:45:00','16:00:00','SGW H',0,'SGW H-937','Fall',NULL),(1480,'M-W----','11:45:00','13:00:00','SGW H',0,'SGW H-937','Winter',NULL),(1481,'--W----','18:00:00','20:15:00','SGW H',0,'SGW H-603','Fall',NULL),(1482,'-------','00:00:00','00:00:00','SGW H',0,'SGW(Online)','Fall',NULL),(1483,'M------','18:00:00','20:15:00','SGW H',0,'LOY CC-308','Winter',NULL),(1484,'-------','00:00:00','00:00:00','SGW H',0,'SGW(Online)','Winter',NULL),(1485,'-T-J---','13:15:00','14:30:00','SGW H',0,'SGW MB-1.210','Fall',NULL),(1486,'-T-J---','13:15:00','14:30:00','SGW H',0,'SGW H-411','Winter',NULL),(1487,'----F--','13:15:00','16:00:00','SGW H',0,'SGW H-1070','Fall',NULL),(1488,'-T-----','18:00:00','20:15:00','SGW H',0,'SGW MB-1.210','Winter',NULL),(1489,'-------','00:00:00','00:00:00','SGW H',0,'(Online)','Summer1',NULL),(1490,'-------','00:00:00','00:00:00','SGW H',0,'(Online)','Fall',NULL),(1491,'-------','00:00:00','00:00:00','SGW H',0,'(Online)','Winter',NULL),(1492,'--W-F--','08:45:00','10:00:00','SGW H',0,'SGW H-553','Fall',NULL),(1493,'--W-F--','10:15:00','11:30:00','SGW H',0,'SGW MB-S2.210','Winter',NULL),(1494,'-T-J---','08:45:00','10:00:00','SGW H',0,'SGW H-553','Winter',NULL),(1495,'-T-J---','11:45:00','13:00:00','SGW H',0,'SGW H-521','Fall',NULL),(1496,'M-W----','14:45:00','16:00:00','SGW H',0,'SGW MB-2.430','Fall',NULL),(1497,'M-W----','14:45:00','16:00:00','SGW H',0,'SGW H-509','Winter',NULL),(1498,'-------','00:00:00','00:00:00','SGW H',0,'SGW(Online)','Summer2',NULL),(1499,'-T-----','14:45:00','17:15:00','SGW H',0,'SGW CI-104','Fall',NULL),(1500,'-------','00:00:00','00:00:00','SGW H',0,'SGW(Online)','Fall',NULL),(1501,'M------','14:45:00','17:15:00','SGW H',0,'SGW CI-101','Fall',NULL),(1502,'M------','13:15:00','16:00:00','SGW H',0,'SGW MB-1.210','Fall',NULL),(1503,'M------','10:15:00','11:15:00','SGW H-623',0,'SGW H-623','Fall',NULL),(1504,'M------','10:15:00','11:15:00','SGW H-537',0,'SGW H-537','Fall',NULL),(1505,'M------','10:15:00','11:15:00','SGW H-564',0,'SGW H-564','Fall',NULL),(1506,'M------','10:15:00','11:15:00','SGW H-459',0,'SGW H-459','Fall',NULL),(1507,'M------','10:15:00','11:15:00','SGW H-423',0,'SGW H-423','Fall',NULL),(1508,'M------','10:15:00','11:15:00','SGW H-403',0,'SGW H-403','Fall',NULL),(1509,'M------','11:45:00','12:45:00','SGW H-513',0,'SGW H-513','Fall',NULL),(1510,'M------','11:45:00','12:45:00','SGW MB-S2.105',0,'SGW MB-S2.105','Fall',NULL),(1511,'M------','11:45:00','12:45:00','SGW MB-S1.255',0,'SGW MB-S1.255','Fall',NULL),(1512,'M------','11:45:00','12:45:00','SGW MB-S1.105',0,'SGW MB-S1.105','Fall',NULL),(1513,'M------','11:45:00','12:45:00','SGW MB-2.255',0,'SGW MB-2.255','Fall',NULL),(1514,'M------','11:45:00','12:45:00','SGW MB-2.265',0,'SGW MB-2.265','Fall',NULL),(1515,'--W-F--','08:45:00','10:00:00','SGW H',0,'SGW H-507','Fall',NULL),(1516,'M-W----','16:15:00','17:30:00','SGW H',0,'SGW H-415','Winter',NULL),(1517,'-T-J---','08:45:00','10:00:00','SGW H',0,'SGW FG-B060','Winter',NULL),(1518,'-T-----','13:15:00','16:00:00','SGW H',0,'SGW H-631','Fall',NULL),(1519,'--W----','18:00:00','20:15:00','SGW H',0,'SGW H-459','Fall',NULL),(1520,'---J---','13:15:00','16:00:00','SGW H',0,'SGW H-401','Winter',NULL),(1521,'---J---','13:15:00','16:00:00','SGW H',0,'SGW H-403','Fall',NULL),(1522,'-T-----','13:15:00','16:00:00','SGW H',0,'SGW H-631','Winter',NULL),(1523,'--W----','18:00:00','20:15:00','SGW H',0,'SGW H-631','Winter',NULL),(1524,'M------','12:15:00','14:45:00','SGW H',0,'SGW EV-1.615','Fall',NULL),(1525,'--W----','18:00:00','20:15:00','SGW H',0,'SGW EV-1.615','Winter',NULL),(1526,'-T-----','18:00:00','20:15:00','SGW H',0,'SGW H-420','Fall',NULL),(1527,'M-W----','10:15:00','11:30:00','SGW H',0,'SGW H-520','Winter',NULL),(1528,'--W----','16:15:00','19:00:00','SGW H',0,'LOY CJ-1.114','Fall',NULL),(1529,'--W----','18:00:00','20:45:00','SGW H',0,'LOY CJ-1.114','Winter',NULL),(1530,'M------','13:15:00','16:00:00','SGW H',0,'SGW H-625','Winter',NULL),(1531,'---J---','13:15:00','17:15:00','SGW H',0,'SGW VA-114','Fall',NULL),(1532,'---J---','08:45:00','12:45:00','SGW H',0,'SGW VA-114','Winter',NULL),(1533,'M-W----','10:15:00','11:30:00','SGW H',0,'SGW H-620','Fall',NULL),(1534,'-T-J---','10:15:00','11:30:00','SGW H',0,'SGW H-620','Fall',NULL),(1535,'---J---','20:30:00','22:45:00','SGW H',0,'SGW H-1070','Fall',NULL),(1536,'M-W----','08:45:00','10:00:00','SGW H',0,'SGW H-820','Winter',NULL),(1537,'-T-J---','13:15:00','14:30:00','SGW H',0,'SGW H-620','Winter',NULL),(1538,'--W----','18:00:00','20:15:00','SGW H',0,'SGW H-1070','Winter',NULL),(1539,'-T-J---','08:45:00','10:00:00','SGW H',0,'SGW H-507','Winter',NULL),(1540,'M------','20:30:00','22:45:00','SGW H',0,'SGW H-1070','Winter',NULL),(1541,'-T-----','14:45:00','17:30:00','SGW H',0,'SGW FG-B060','Winter',NULL),(1542,'-T-J---','16:15:00','17:30:00','SGW H',0,'SGW H-415','Winter',NULL),(1543,'M-W----','18:00:00','20:15:00','SGW H',0,'SGW H-411','Summer1',NULL),(1544,'--W-F--','11:45:00','13:00:00','SGW H',0,'SGW FG-C080','Fall',NULL),(1545,'--W-F--','11:45:00','13:00:00','SGW H',0,'SGW H-507','Winter',NULL),(1546,'-------','00:00:00','00:00:00','SGW H',0,'SGW(Online)','Fall',NULL),(1547,'-------','00:00:00','00:00:00','SGW H',0,'SGW(Online)','Winter',NULL),(1548,'M------','13:15:00','15:45:00','SGW H',0,'SGW H-620','Fall',NULL),(1549,'M-W----','08:45:00','10:00:00','SGW H',0,'SGW H-920','Winter',NULL),(1550,'-------','00:00:00','00:00:00','SGW H',0,'SGW(Online)','Summer1',NULL),(1551,'-------','00:00:00','00:00:00','SGW H',0,'SGW(Online)','Fall',NULL),(1552,'-------','00:00:00','00:00:00','SGW H',0,'SGW(Online)','Winter',NULL),(1553,'--W----','10:15:00','12:45:00','SGW H',0,'SGW H-920','Winter',NULL),(1554,'-T-J---','11:45:00','13:00:00','SGW H',0,'SGW H-427','Fall',NULL),(1555,'-T-J---','13:15:00','14:30:00','SGW H',0,'SGW H-507','Fall',NULL),(1556,'----F--','08:45:00','11:30:00','SGW H',0,'SGW MB-S2.330','Winter',NULL),(1557,'-------','00:00:00','00:00:00','SGW H',0,'SGW(Online)','Summer1',NULL),(1558,'-------','00:00:00','00:00:00','SGW H',0,'SGW(Online)','Winter',NULL),(1559,'-T-J---','08:45:00','11:30:00','SGW H',0,'SGW MB-S2.210','Summer1',NULL),(1560,'-T-J---','13:15:00','14:30:00','SGW H',0,'SGW FG-B070','Fall',NULL),(1561,'--W----','20:30:00','22:20:00','SGW H-831',0,'SGW H-831','Fall',NULL),(1562,'--W----','20:30:00','22:20:00','SGW H-847',0,'SGW H-847','Fall',NULL),(1563,'M-W----','16:15:00','17:30:00','SGW H',0,'SGW H-605','Fall',NULL),(1564,'--W----','17:45:00','19:35:00','SGW H-929',0,'SGW H-929','Fall',NULL),(1565,'--W----','17:45:00','19:35:00','SGW H-847',0,'SGW H-847','Fall',NULL),(1566,'--W-F--','14:45:00','16:00:00','SGW H',0,'SGW H-520','Winter',NULL),(1567,'----F--','16:15:00','18:05:00','SGW',0,'SGW','Winter',NULL),(1568,'----F--','16:15:00','18:05:00','SGW',0,'SGW','Winter',NULL),(1569,'M-W----','14:45:00','17:15:00','SGW H',0,'SGW H-521','Summer2',NULL),(1570,'M-W----','13:15:00','14:05:00','SGW H-521',0,'SGW H-521','Summer2',NULL),(1571,'M-W----','10:15:00','12:05:00','SGW H-831',0,'SGW H-831','Summer2',NULL),(1572,'M-W----','08:15:00','10:05:00','SGW H-400',0,'SGW H-400','Summer2',NULL),(1573,'---J---','13:15:00','16:00:00','SGW H',0,'SGW H-401','Fall',NULL),(1574,'---J---','12:15:00','13:05:00','SGW H-403',0,'SGW H-403','Fall',NULL),(1575,'---J---','16:15:00','18:05:00','SGW H-905',0,'SGW H-905','Fall',NULL),(1576,'----F--','13:15:00','15:05:00','SGW H-917',0,'SGW H-917','Fall',NULL),(1577,'M-W----','13:15:00','14:30:00','SGW H',0,'SGW H-937','Winter',NULL),(1578,'--W----','16:15:00','17:05:00','SGW H-625',0,'SGW H-625','Winter',NULL),(1579,'--W----','17:15:00','19:05:00','SGW',0,'SGW','Winter',NULL),(1580,'--W----','16:15:00','17:05:00','SGW H-627',0,'SGW H-627','Winter',NULL),(1581,'M------','17:15:00','19:05:00','SGW',0,'SGW','Winter',NULL),(1582,'M-W----','18:30:00','21:00:00','SGW H',0,'SGW H-920','Summer2',NULL),(1583,'-T-J---','21:10:00','23:00:00','SGW H-817',0,'SGW H-817','Summer2',NULL),(1584,'M-W----','21:10:00','23:00:00','SGW H-817',0,'SGW H-817','Summer2',NULL),(1585,'M-W----','21:20:00','23:00:00','SGW',0,'SGW','Summer2',NULL),(1586,'-T-----','17:45:00','20:15:00','SGW H',0,'SGW H-403','Fall',NULL),(1587,'--W----','16:15:00','18:05:00','SGW H-849',0,'SGW H-849','Fall',NULL),(1588,'M------','16:15:00','18:05:00','SGW H-849',0,'SGW H-849','Fall',NULL),(1589,'---J---','17:45:00','20:15:00','SGW H',0,'SGW H-423','Winter',NULL),(1590,'--W----','16:15:00','18:05:00','SGW',0,'SGW','Winter',NULL),(1591,'---J---','20:30:00','22:10:00','SGW',0,'SGW','Winter',NULL),(1592,'-T-----','17:45:00','20:15:00','SGW H',0,'SGW H-401','Fall',NULL),(1593,'-T-----','20:30:00','22:10:00','SGW H-862',0,'SGW H-862','Fall',NULL),(1594,'-T-----','20:30:00','22:10:00','SGW H-862',0,'SGW H-862','Fall',NULL),(1595,'---J---','17:45:00','20:15:00','SGW H',0,'SGW H-553','Fall',NULL),(1596,'---J---','20:30:00','21:20:00','SGW H-819',0,'SGW H-819','Fall',NULL),(1597,'-------','00:00:00','00:00:00','SGW',0,'SGW','Fall',NULL),(1598,'---J---','20:30:00','21:20:00','SGW H-847',0,'SGW H-847','Fall',NULL),(1599,'-------','00:00:00','00:00:00','SGW',0,'SGW','Fall',NULL),(1600,'M------','17:45:00','20:15:00','SGW H',0,'SGW H-544','Winter',NULL),(1601,'M------','20:30:00','22:20:00','SGW',0,'SGW','Winter',NULL),(1602,'M------','15:45:00','17:30:00','SGW',0,'SGW','Winter',NULL),(1603,'M-W----','10:15:00','11:30:00','SGW H',0,'SGW H-1070','Fall',NULL),(1604,'M------','13:15:00','15:05:00','SGW H-905',0,'SGW H-905','Fall',NULL),(1605,'M------','17:45:00','19:35:00','SGW H-905',0,'SGW H-905','Fall',NULL),(1606,'M-W----','13:15:00','14:30:00','SGW H',0,'SGW MB-S1.235','Winter',NULL),(1607,'M------','11:10:00','13:00:00','SGW',0,'SGW','Winter',NULL),(1608,'--W----','11:10:00','13:00:00','SGW',0,'SGW','Winter',NULL),(1609,'-T-J---','16:15:00','17:30:00','SGW H',0,'SGW H-423','Fall',NULL),(1610,'--W----','13:15:00','14:05:00','SGW H-565',0,'SGW H-565','Fall',NULL),(1611,'M-W----','11:45:00','13:00:00','SGW H',0,'SGW H-433','Fall',NULL),(1612,'-T-----','16:15:00','18:15:00','SGW H-905',0,'SGW H-905','Fall',NULL),(1613,'--W----','16:15:00','18:15:00','SGW H-817',0,'SGW H-817','Fall',NULL),(1614,'--W----','18:30:00','20:30:00','SGW H-817',0,'SGW H-817','Fall',NULL),(1615,'M------','17:45:00','20:15:00','SGW H',0,'SGW H-520','Winter',NULL),(1616,'M------','20:25:00','22:25:00','SGW',0,'SGW','Winter',NULL),(1617,'---J---','17:45:00','19:45:00','SGW',0,'SGW','Winter',NULL),(1618,'M------','20:25:00','22:25:00','SGW',0,'SGW','Winter',NULL),(1619,'---J---','17:45:00','20:15:00','SGW H',0,'SGW H-415','Fall',NULL),(1620,'---J---','20:30:00','22:20:00','SGW H-849',0,'SGW H-849','Fall',NULL),(1621,'---J---','20:30:00','22:20:00','SGW H-917',0,'SGW H-917','Fall',NULL),(1622,'---J---','20:30:00','22:20:00','SGW H-811',0,'SGW H-811','Fall',NULL),(1623,'--W----','17:45:00','20:15:00','SGW H',0,'SGW H-557','Winter',NULL),(1624,'-T-----','15:00:00','17:00:00','SGW',0,'SGW','Winter',NULL),(1625,'-T-----','18:00:00','20:00:00','SGW',0,'SGW','Winter',NULL),(1626,'-T-----','15:00:00','17:00:00','SGW',0,'SGW','Winter',NULL),(1627,'M------','17:45:00','20:15:00','SGW H',0,'SGW H-607','Fall',NULL),(1628,'--W----','20:30:00','22:30:00','SGW H-811',0,'SGW H-811','Fall',NULL),(1629,'M------','20:30:00','22:30:00','SGW H-811',0,'SGW H-811','Fall',NULL),(1630,'M-W----','13:15:00','14:30:00','SGW H',0,'SGW H-539','Fall',NULL),(1631,'M------','14:45:00','16:35:00','SGW H-811',0,'SGW H-811','Fall',NULL),(1632,'--W----','14:45:00','16:35:00','SGW H-843',0,'SGW H-843','Fall',NULL),(1633,'-T-----','14:45:00','16:35:00','SGW H-811',0,'SGW H-811','Fall',NULL),(1634,'-------','00:00:00','00:00:00','SGW H',0,'SGW','Winter',NULL),(1635,'--W----','17:45:00','20:15:00','SGW H',0,'SGW H-427','Fall',NULL),(1636,'--W----','20:20:00','21:05:00','SGW H-968',0,'SGW H-968','Fall',NULL),(1637,'--W----','21:10:00','23:00:00','SGW H-968',0,'SGW H-968','Fall',NULL),(1638,'---J---','14:45:00','16:35:00','SGW H-968',0,'SGW H-968','Fall',NULL),(1639,'-T-J---','13:15:00','14:30:00','SGW H',0,'SGW MB-S1.105','Fall',NULL),(1640,'-T-----','14:45:00','15:35:00','SGW H-849',0,'SGW H-849','Fall',NULL),(1641,'-T-----','15:45:00','17:30:00','SGW H-849',0,'SGW H-849','Fall',NULL),(1642,'-------','00:00:00','00:00:00','SGW H',0,'SGW','Summer1',NULL),(1643,'-------','00:00:00','00:00:00','SGW H',0,'SGW','Summer1',NULL),(1644,'-------','00:00:00','00:00:00','SGW H',0,'SGW','Fall',NULL),(1645,'-------','00:00:00','00:00:00','SGW H',0,'SGW','Winter',NULL),(1646,'-------','00:00:00','00:00:00','SGW H',0,'SGW','Winter',NULL),(1647,'-T-----','13:15:00','16:00:00','SGW H',0,'SGW H-429','Fall',NULL),(1648,'-T-----','16:15:00','18:05:00','SGW H-837',0,'SGW H-837','Fall',NULL),(1649,'--W----','16:15:00','18:05:00','SGW H-837',0,'SGW H-837','Fall',NULL),(1650,'-T-----','19:00:00','20:50:00','SGW H-837',0,'SGW H-837','Fall',NULL),(1651,'---J---','13:15:00','16:00:00','SGW H',0,'SGW H-429','Fall',NULL),(1652,'---J---','16:15:00','18:05:00','SGW H-837',0,'SGW H-837','Fall',NULL),(1653,'---J---','19:00:00','20:50:00','SGW H-837',0,'SGW H-837','Fall',NULL),(1654,'--W----','18:20:00','20:10:00','SGW H-837',0,'SGW H-837','Fall',NULL),(1655,'-T-J---','14:45:00','16:00:00','SGW H',0,'SGW MB-S2.401','Winter',NULL),(1656,'-------','00:00:00','00:00:00','SGW',0,'SGW','Winter',NULL),(1657,'-------','00:00:00','00:00:00','SGW',0,'SGW','Winter',NULL),(1658,'-------','00:00:00','00:00:00','SGW',0,'SGW','Winter',NULL),(1659,'M-W----','13:15:00','14:30:00','SGW H',0,'SGW H-411','Fall',NULL),(1660,'M------','14:45:00','16:35:00','SGW H-837',0,'SGW H-837','Fall',NULL),(1661,'--W----','14:45:00','16:35:00','SGW H-845',0,'SGW H-845','Fall',NULL),(1662,'M-W----','11:45:00','13:00:00','SGW H',0,'SGW H-535','Fall',NULL),(1663,'----F--','11:45:00','12:35:00','SGW H-967',0,'SGW H-967','Fall',NULL),(1664,'----F--','11:45:00','12:35:00','SGW H-905',0,'SGW H-905','Fall',NULL),(1665,'--W----','17:45:00','20:15:00','SGW H',0,'SGW H-633','Winter',NULL),(1666,'--W----','16:25:00','17:15:00','SGW',0,'SGW','Winter',NULL),(1667,'--W----','20:30:00','22:20:00','SGW',0,'SGW','Winter',NULL),(1668,'---J---','17:45:00','20:15:00','SGW H',0,'SGW H-920','Fall',NULL),(1669,'M------','11:45:00','13:35:00','SGW H-0011',0,'SGW H-0011','Fall',NULL),(1670,'M------','11:45:00','13:35:00','SGW H-0011',0,'SGW H-0011','Fall',NULL),(1671,'--W----','12:05:00','13:55:00','SGW H-0011',0,'SGW H-0011','Fall',NULL),(1672,'--W----','12:05:00','13:55:00','SGW H-0011',0,'SGW H-0011','Fall',NULL),(1673,'--W----','09:45:00','11:35:00','SGW H-0011',0,'SGW H-0011','Fall',NULL),(1674,'--W----','09:45:00','11:35:00','SGW H-0011',0,'SGW H-0011','Fall',NULL),(1675,'--W----','14:45:00','16:35:00','SGW',0,'SGW','Fall',NULL),(1676,'M-W----','16:15:00','17:30:00','SGW H',0,'SGW H-621','Fall',NULL),(1677,'--W----','14:45:00','15:35:00','SGW H-863',0,'SGW H-863','Fall',NULL),(1678,'MTWJFSD','14:00:00','15:00:00','SGW H',0,'SGW','Fall',NULL),(1679,'MTWJFSD','14:00:00','15:00:00','SGW H',0,'SGW','Fall',NULL),(1680,'MTWJFSD','15:15:00','16:00:00','SGW H',0,'SGW','Fall',NULL),(1681,'MTWJFSD','15:00:00','16:00:00','SGW H',0,'SGW','Fall',NULL),(1682,'MTWJFSD','15:15:00','16:00:00','SGW H',0,'SGW','Fall',NULL),(1683,'M------','14:45:00','17:45:00','SGW H',0,'SGW FG-B040','Fall',NULL),(1684,'M------','14:45:00','17:45:00','SGW H',0,'SGW FG-B040','Fall',NULL);
/*!40000 ALTER TABLE `app_event` ENABLE KEYS */;
UNLOCK TABLES;

--
-- Table structure for table `app_lab`
--

DROP TABLE IF EXISTS `app_lab`;
/*!40101 SET @saved_cs_client     = @@character_set_client */;
/*!40101 SET character_set_client = utf8 */;
CREATE TABLE `app_lab` (
  `id` int(11) NOT NULL AUTO_INCREMENT,
  `section` varchar(120) NOT NULL,
  `course_id` varchar(120) DEFAULT NULL,
  `event_id` int(11) DEFAULT NULL,
  `lecture_id` int(11) DEFAULT NULL,
  `tutorial_id` int(11) DEFAULT NULL,
  PRIMARY KEY (`id`),
  UNIQUE KEY `event_id` (`event_id`),
  UNIQUE KEY `app_lab_section_4a018e8deeecef8e_uniq` (`section`,`course_id`,`lecture_id`,`tutorial_id`),
  KEY `app_lab_ea134da7` (`course_id`),
  KEY `app_lab_72a11f01` (`lecture_id`),
  KEY `app_lab_b6fbbedb` (`tutorial_id`),
  CONSTRAINT `app_lab_tutorial_id_13e12ea8147acd24_fk_app_tutorial_id` FOREIGN KEY (`tutorial_id`) REFERENCES `app_tutorial` (`id`),
  CONSTRAINT `app_lab_course_id_471223ca08fef175_fk_app_course_deptnum` FOREIGN KEY (`course_id`) REFERENCES `app_course` (`deptnum`),
  CONSTRAINT `app_lab_event_id_7f4e381e5d8f6606_fk_app_event_id` FOREIGN KEY (`event_id`) REFERENCES `app_event` (`id`),
  CONSTRAINT `app_lab_lecture_id_489063728613ca22_fk_app_lecture_id` FOREIGN KEY (`lecture_id`) REFERENCES `app_lecture` (`id`)
) ENGINE=InnoDB AUTO_INCREMENT=298 DEFAULT CHARSET=latin1;
/*!40101 SET character_set_client = @saved_cs_client */;

--
-- Dumping data for table `app_lab`
--

LOCK TABLES `app_lab` WRITE;
/*!40000 ALTER TABLE `app_lab` DISABLE KEYS */;
INSERT INTO `app_lab` VALUES (146,'CI','ELEC275',837,300,391),(147,'CL','ELEC275',838,300,391),(148,'CJ','ELEC275',840,300,392),(149,'CK','ELEC275',841,300,392),(150,'TI','ELEC275',844,301,393),(151,'TJ','ELEC275',845,301,393),(152,'TK','ELEC275',846,301,393),(153,'VI','ELEC275',849,302,394),(154,'VJ','ELEC275',850,302,394),(155,'VK','ELEC275',852,302,395),(156,'VL','ELEC275',853,302,395),(157,'JI','ELEC275',856,303,396),(158,'JL','ELEC275',857,303,396),(159,'JM','ELEC275',858,303,396),(160,'JJ','ELEC275',860,303,397),(161,'JK','ELEC275',861,303,397),(162,'JN','ELEC275',862,303,397),(163,'HI','SOEN228',1090,368,559),(164,'HJ','SOEN228',1091,368,559),(165,'HK','SOEN228',1093,368,560),(166,'HL','SOEN228',1094,368,560),(167,'HM','SOEN228',1096,368,561),(168,'HN','SOEN228',1097,368,561),(169,'DI','SOEN228',1100,369,562),(170,'DJ','SOEN228',1101,369,562),(171,'DK','SOEN228',1103,369,563),(172,'DL','SOEN228',1104,369,563),(173,'DM','SOEN228',1105,369,563),(174,'SI','SOEN390',1154,385,595),(175,'SK','SOEN390',1156,385,596),(176,'SI','SOEN490',1158,386,NULL),(177,'SJ','SOEN490',1159,386,NULL),(178,'CI','COMP346',1229,408,643),(179,'CJ','COMP346',1231,408,644),(180,'DI','COMP346',1234,409,645),(181,'DJ','COMP346',1236,409,646),(182,'NI','COMP346',1239,410,647),(183,'NJ','COMP346',1241,410,648),(184,'WI','COMP346',1244,411,649),(185,'WJ','COMP346',1246,411,650),(186,'01','CHEM217',1328,437,NULL),(187,'02','CHEM217',1329,437,NULL),(188,'03','CHEM217',1330,437,NULL),(189,'04','CHEM217',1331,437,NULL),(190,'51','CHEM217',1332,437,NULL),(191,'52','CHEM217',1333,437,NULL),(192,'56','CHEM217',1334,437,NULL),(193,'01','CHEM217',1336,438,NULL),(194,'02','CHEM217',1337,438,NULL),(195,'03','CHEM217',1338,438,NULL),(196,'04','CHEM217',1339,438,NULL),(197,'51','CHEM217',1340,438,NULL),(198,'52','CHEM217',1341,438,NULL),(199,'56','CHEM217',1342,438,NULL),(200,'01','CHEM221',1344,439,NULL),(201,'02','CHEM221',1345,439,NULL),(202,'03','CHEM221',1346,439,NULL),(203,'04','CHEM221',1347,439,NULL),(204,'05','CHEM221',1348,439,NULL),(205,'51','CHEM221',1349,439,NULL),(206,'52','CHEM221',1350,439,NULL),(207,'56','CHEM221',1351,439,NULL),(208,'01','CHEM221',1353,440,NULL),(209,'02','CHEM221',1354,440,NULL),(210,'03','CHEM221',1355,440,NULL),(211,'04','CHEM221',1356,440,NULL),(212,'05','CHEM221',1357,440,NULL),(213,'51','CHEM221',1358,440,NULL),(214,'52','CHEM221',1359,440,NULL),(215,'56','CHEM221',1360,440,NULL),(216,'06','CHEM221',1362,441,NULL),(217,'07','CHEM221',1363,441,NULL),(218,'08','CHEM221',1364,441,NULL),(219,'09','CHEM221',1365,441,NULL),(220,'10','CHEM221',1366,441,NULL),(221,'52','CHEM221',1367,441,NULL),(222,'56','CHEM221',1368,441,NULL),(223,'06','CHEM221',1370,442,NULL),(224,'07','CHEM221',1371,442,NULL),(225,'08','CHEM221',1372,442,NULL),(226,'09','CHEM221',1373,442,NULL),(227,'10','CHEM221',1374,442,NULL),(228,'52','CHEM221',1375,442,NULL),(229,'56','CHEM221',1376,442,NULL),(230,'DI','COMP345',1561,563,NULL),(231,'DJ','COMP345',1562,563,NULL),(232,'NI','COMP345',1564,564,NULL),(233,'NJ','COMP345',1565,564,NULL),(234,'SI','COMP345',1567,565,NULL),(235,'SJ','COMP345',1568,565,NULL),(236,'CI','COMP353',1571,566,769),(237,'CJ','COMP353',1572,566,769),(238,'FI','COMP353',1575,567,770),(239,'FJ','COMP353',1576,567,770),(240,'WI','COMP353',1579,568,771),(241,'WJ','COMP353',1581,568,772),(242,'CI','COMP371',1583,569,NULL),(243,'CJ','COMP371',1584,569,NULL),(244,'CK','COMP371',1585,569,NULL),(245,'UI','COMP371',1587,570,NULL),(246,'UJ','COMP371',1588,570,NULL),(247,'WI','COMP371',1590,571,NULL),(248,'WJ','COMP371',1591,571,NULL),(249,'NI','COMP426',1593,572,NULL),(250,'NJ','COMP426',1594,572,NULL),(251,'FI','COMP428',1597,573,773),(252,'FJ','COMP428',1599,573,774),(253,'NI','COMP442',1601,574,NULL),(254,'NJ','COMP442',1602,574,NULL),(255,'DI','COMP445',1604,575,NULL),(256,'DJ','COMP445',1605,575,NULL),(257,'WI','COMP445',1607,576,NULL),(258,'WJ','COMP445',1608,576,NULL),(259,'FI','COMP472',1612,578,NULL),(260,'FJ','COMP472',1613,578,NULL),(261,'FK','COMP472',1614,578,NULL),(262,'NI','COMP472',1616,579,NULL),(263,'NJ','COMP472',1617,579,NULL),(264,'NK','COMP472',1618,579,NULL),(265,'DI','COMP473',1620,580,NULL),(266,'DJ','COMP473',1621,580,NULL),(267,'DK','COMP473',1622,580,NULL),(268,'UI','COMP474',1624,581,NULL),(269,'UJ','COMP474',1625,581,NULL),(270,'UK','COMP474',1626,581,NULL),(271,'DI','COMP478',1628,582,NULL),(272,'DJ','COMP478',1629,582,NULL),(273,'DI','COMP479',1631,583,NULL),(274,'DJ','COMP479',1632,583,NULL),(275,'DK','COMP479',1633,583,NULL),(276,'MI','SOEN422',1637,585,776),(277,'MJ','SOEN422',1638,585,776),(278,'HI','SOEN423',1641,586,777),(279,'WI','COMP376',1648,592,NULL),(280,'WJ','COMP376',1649,592,NULL),(281,'WK','COMP376',1650,592,NULL),(282,'XI','COMP376',1652,593,NULL),(283,'XJ','COMP376',1653,593,NULL),(284,'XK','COMP376',1654,593,NULL),(285,'NI','COMP476',1656,594,NULL),(286,'NJ','COMP476',1657,594,NULL),(287,'NK','COMP476',1658,594,NULL),(288,'NI','COMP477',1660,595,NULL),(289,'NJ','COMP477',1661,595,NULL),(290,'NI','SOEN487',1667,597,780),(291,'XI','AERO480',1669,598,NULL),(292,'XJ','AERO480',1670,598,NULL),(293,'XK','AERO480',1671,598,NULL),(294,'XL','AERO480',1672,598,NULL),(295,'XM','AERO480',1673,598,NULL),(296,'XN','AERO480',1674,598,NULL),(297,'XO','AERO480',1675,598,NULL);
/*!40000 ALTER TABLE `app_lab` ENABLE KEYS */;
UNLOCK TABLES;

--
-- Table structure for table `app_lecture`
--

DROP TABLE IF EXISTS `app_lecture`;
/*!40101 SET @saved_cs_client     = @@character_set_client */;
/*!40101 SET character_set_client = utf8 */;
CREATE TABLE `app_lecture` (
  `id` int(11) NOT NULL AUTO_INCREMENT,
  `section` varchar(120) NOT NULL,
  `semester` varchar(120) DEFAULT NULL,
  `isOnline` tinyint(1) NOT NULL,
  `prof` varchar(120) NOT NULL,
  `course_id` varchar(120) DEFAULT NULL,
  `event_id` int(11) DEFAULT NULL,
  PRIMARY KEY (`id`),
  UNIQUE KEY `event_id` (`event_id`),
  UNIQUE KEY `app_lecture_section_551418753ff0cf9e_uniq` (`section`,`course_id`,`semester`),
  KEY `app_lecture_ea134da7` (`course_id`),
  CONSTRAINT `app_lecture_course_id_2a298ad762d007d0_fk_app_course_deptnum` FOREIGN KEY (`course_id`) REFERENCES `app_course` (`deptnum`),
  CONSTRAINT `app_lecture_event_id_517610aea0a8e987_fk_app_event_id` FOREIGN KEY (`event_id`) REFERENCES `app_event` (`id`)
) ENGINE=InnoDB AUTO_INCREMENT=606 DEFAULT CHARSET=latin1;
/*!40101 SET character_set_client = @saved_cs_client */;

--
-- Dumping data for table `app_lecture`
--

LOCK TABLES `app_lecture` WRITE;
/*!40000 ALTER TABLE `app_lecture` DISABLE KEYS */;
INSERT INTO `app_lecture` VALUES (300,'CC','Summer2',0,'RAMACHANDRAN VENKATANARAYANA','ELEC275',835),(301,'T','Fall',0,'RAMACHANDRAN VENKATANARAYANA','ELEC275',842),(302,'V','Fall',0,'RAMACHANDRAN VENKATANARAYANA','ELEC275',847),(303,'JJ','Winter',0,'RAMACHANDRAN VENKATANARAYANA','ELEC275',854),(304,'AA','Summer1',0,'SILAS MARY','ENCS282',863),(305,'AB','Summer1',0,'GRENIER BRUNO','ENCS282',867),(306,'CC','Summer2',0,'SILAS MARY','ENCS282',871),(307,'A','Fall',0,'SILAS MARY','ENCS282',875),(308,'B','Fall',0,'CARON BRANDIFF','ENCS282',880),(309,'BB','Fall',0,'GRENIER BRUNO','ENCS282',885),(310,'Y','Winter',0,'CARON BRANDIFF','ENCS282',890),(311,'EE','Winter',0,'CARON BRANDIFF','ENCS282',895),(312,'AA','Summer1',0,'ATALLAH BASSEL','ENGR201',901),(313,'G','Fall',0,'ALAURENT REMI','ENGR201',906),(314,'H','Fall',0,'ALAURENT REMI','ENGR201',911),(315,'Q','Winter',0,'ALAURENT REMI','ENGR201',916),(316,'EC','Winter',1,'GOPAKUMAR GOVIND','ENGR201',921),(317,'AA','Summer1',0,'HADJINICOLAOU JOHN','ENGR202',926),(318,'G','Fall',0,'HADJINICOLAOU JOHN','ENGR202',927),(319,'H','Fall',0,'HADJINICOLAOU JOHN','ENGR202',928),(320,'R','Winter',0,'HADJINICOLAOU JOHN','ENGR202',929),(321,'SS','Winter',0,'TADAYON RAHIM','ENGR202',930),(322,'AA','Summer1',0,'PARADIS ALEXANDRE','ENGR213',931),(323,'P','Fall',0,'DRYANOV DIMITER','ENGR213',934),(324,'R','Fall',0,'ROSSOKHATA NATALIIA','ENGR213',937),(325,'T','Fall',0,'VATISTAS GEORGIOS','ENGR213',940),(326,'U','Fall',0,'KOKOTOV ALEXEY','ENGR213',943),(327,'V','Fall',0,'ALECSANDRU CIPRIAN','ENGR213',946),(328,'X','Fall',0,'KOROTKIN DMITRY','ENGR213',949),(329,'XX','Fall',0,'DRYANOV DIMITER','ENGR213',952),(330,'F','Winter',0,'ROSSOKHATA NATALIIA','ENGR213',955),(331,'G','Winter',0,'AHMAD M. OMAIR','ENGR213',961),(332,'J','Winter',0,'KOKOTOV ALEXEY','ENGR213',968),(333,'CC','Summer2',0,'DAVIS DONALD','ENGR233',973),(334,'P','Fall',0,'BHAT RAMA','ENGR233',979),(335,'Q','Fall',0,'KOROTKIN DMITRY','ENGR233',982),(336,'J','Winter',0,'DRYANOV DIMITER','ENGR233',985),(337,'R','Winter',0,'SHNIRELMAN ALEXANDER','ENGR233',989),(338,'S','Winter',0,'DAVID CHANTAL','ENGR233',993),(339,'T','Winter',0,'GOHAR IMAN','ENGR233',997),(340,'U','Winter',0,'SHNIRELMAN ALEXANDER','ENGR233',1001),(341,'V','Winter',0,'AKBARI HASHEM','ENGR233',1005),(342,'X','Winter',0,'DAVID CHANTAL','ENGR233',1009),(343,'AA','Summer1',0,'SHARIFI SHAHRAM','ENGR301',1013),(344,'AB','Summer1',0,'ABU DABOUS SALEH AHMAD','ENGR301',1018),(345,'G','Fall',0,'GOUW GERARD','ENGR301',1023),(346,'H','Fall',0,'NASIRI FUZHAN','ENGR301',1028),(347,'FF','Fall',0,'HAO JIAN LI','ENGR301',1033),(348,'II','Fall',0,'SHARIFI SHAHRAM','ENGR301',1038),(349,'R','Winter',0,'HAO JIAN LI','ENGR301',1043),(350,'SS','Winter',0,'GOUW GERARD','ENGR301',1048),(351,'CC','Summer2',0,'DAVIS DONALD','ENGR371',1053),(352,'CD','Summer2',0,'SHARIFI SHAHRAM','ENGR371',1057),(353,'R','Fall',0,'JOSHI SURAJ','ENGR371',1061),(354,'S','Fall',0,'SCHMITT KETRA','ENGR371',1064),(355,'FF','Fall',0,'HAMOUDA WALAA','ENGR371',1067),(356,'T','Winter',0,'ZHANG JOHN XIUPU','ENGR371',1070),(357,'W','Winter',0,'RIVAZ HASSAN','ENGR371',1073),(358,'UU','Winter',0,'GOHAR IMAN','ENGR371',1076),(359,'AA','Summer1',0,'OUELLET PIERRE','ENGR392',1079),(360,'AB','Summer1',0,'SADOWAY DAVID','ENGR392',1080),(361,'CC','Summer2',0,'GRENIER BRUNO','ENGR392',1081),(362,'D','Fall',0,'GRENIER BRUNO','ENGR392',1082),(363,'F','Fall',0,'CARON BRANDIFF','ENGR392',1083),(364,'EE','Fall',0,'GRENIER BRUNO','ENGR392',1084),(365,'P','Winter',0,'HOLDEN KERRY','ENGR392',1085),(366,'Q','Winter',0,'HARSH MATTHEW','ENGR392',1086),(367,'RR','Winter',0,'HARSH MATTHEW','ENGR392',1087),(368,'H','Winter',0,'DAVIS DONALD','SOEN228',1088),(369,'DD','Winter',0,'OBUCHOWICZ TADEUSZ','SOEN228',1098),(370,'CC','Summer2',0,'SINNIG DANIEL','SOEN287',1106),(371,'Q','Fall',0,'ACEMIAN NANCY','SOEN287',1109),(372,'S','Winter',0,'BASHA NAGI','SOEN287',1112),(373,'U','Winter',0,'WANG CHUN','SOEN287',1115),(374,'GG','Fall',0,'YOUSSEF AMR','SOEN321',1120),(375,'U','Winter',0,'CONSTANTINIDES CONSTANTINOS','SOEN331',1123),(376,'H','Fall',0,'FANCOTT TERRILL','SOEN341',1126),(377,'S','Winter',0,'THIEL STUART','SOEN341',1129),(378,'H','Fall',0,'SINNIG DANIEL','SOEN342',1133),(379,'H','Fall',0,'RIGBY PETER','SOEN343',1136),(380,'S','Winter',0,'CONSTANTINIDES CONSTANTINOS','SOEN344',1139),(381,'S','Winter',0,'SINNIG DANIEL','SOEN345',1141),(382,'S','Winter',0,'JAYAKUMAR RAJAGOPALAN','SOEN357',1144),(383,'F','Fall',0,'ORMANDJIEVA OLGA','SOEN384',1146),(384,'S','Winter',0,'BUI TIEN','SOEN385',1148),(385,'S','Winter',0,'TSANTALIS NIKOLAOS','SOEN390',1152),(386,'SS','Fall&Winter;',0,'RIGBY PETER','SOEN490',1157),(387,'AA','Summer1',0,'KRATOCHVIL VACLAV','COMP232',1160),(388,'Q','Fall',0,'GRAHNE GOSTA','COMP232',1162),(389,'R','Fall',0,'NARAYANAN LATA','COMP232',1165),(390,'DD','Fall',0,'DOEDEL EUSEBIUS','COMP232',1168),(391,'S','Winter',0,'BERGLER SABINE','COMP232',1171),(392,'NN','Winter',0,'GRAHNE GOSTA','COMP232',1174),(393,'AA','Summer1',0,'KOSSEIM LEILA','COMP248',1177),(394,'Q','Fall',0,'SHIHAB EMAD','COMP248',1181),(395,'R','Fall',0,'ACEMIAN NANCY','COMP248',1186),(396,'EE','Fall',0,'KOSSEIM LEILA','COMP248',1190),(397,'U','Winter',0,'HANNA AIMAN','COMP248',1194),(398,'W','Winter',0,'HANNA AIMAN','COMP248',1197),(399,'CC','Summer2',0,'TSANTALIS NIKOLAOS','COMP249',1200),(400,'D','Fall',0,'BASHA NAGI','COMP249',1203),(401,'S','Winter',0,'ACEMIAN NANCY','COMP249',1206),(402,'U','Winter',0,'TITUS KERLY','COMP249',1209),(403,'PP','Winter',0,'CLARK JEREMY','COMP249',1212),(404,'AA','Summer1',0,'SHIRI-VARNAAMKHAASTI NEMATOLLAAH','COMP335',1217),(405,'E','Fall',0,'NARAYANAN LATA','COMP335',1220),(406,'G','Fall',0,'JANNATPOUR SEYED ALI','COMP335',1223),(407,'N','Winter',0,'GRAHNE GOSTA','COMP335',1225),(408,'CC','Summer2',0,'EAVIS TODD','COMP346',1227),(409,'DD','Fall',0,'GOSWAMI DHRUBAJYOTI','COMP346',1232),(410,'NN','Winter',0,'HANNA AIMAN','COMP346',1237),(411,'WW','Winter',0,'HANNA AIMAN','COMP346',1242),(412,'CC','Summer2',0,'BENTAHAR JAMAL','COMP348',1247),(413,'U','Fall',0,'TALEB MOHAMED','COMP348',1251),(414,'DD','Fall',0,'PROBST DAVID','COMP348',1254),(415,'E','Winter',0,'PROBST DAVID','COMP348',1257),(416,'AA','Summer1',0,'SIVAGNANAM SUTHARSAN','COMP352',1260),(417,'G','Fall',0,'HANNA AIMAN','COMP352',1263),(418,'H','Fall',0,'TALEB MOHAMED','COMP352',1267),(419,'X','Winter',0,'ACEMIAN NANCY','COMP352',1270),(420,'AA','Summer1',0,'ASTHANA CHANDRA','ENGR391',1273),(421,'CC','Summer2',0,'GAUTHIER PIERRE','ENGR391',1276),(422,'F','Fall',0,'BHAT RAMA','ENGR391',1279),(423,'M','Fall',0,'KAUSHAL ASHOK','ENGR391',1282),(424,'S','Fall',0,'KAUSHAL ASHOK','ENGR391',1286),(425,'V','Winter',0,'WANG LIANGZHU','ENGR391',1289),(426,'X','Winter',0,'KAUSHAL ASHOK','ENGR391',1292),(427,'UU','Winter',0,'KIYANDA CHARLES','ENGR391',1295),(428,'DD','Fall',0,'KRZYZAK ADAM','COMP361',1298),(429,'NN','Winter',0,'DOEDEL EUSEBIUS','COMP361',1300),(430,'01','Winter',0,'ABU-BAKER AIDA','BIOL206',1302),(431,'01','Fall',0,'GRANT JAMES','BIOL226',1303),(432,'02','Winter',0,'WELADJI ROBERT','BIOL226',1304),(433,'01','Fall',0,'STIRLING DONALD GRAY','BIOL261',1305),(434,'02','Winter',0,'WHITEWAY MALCOLM','BIOL261',1314),(435,'51','Winter',0,'STIRLING DONALD GRAY','BIOL261',1321),(436,'AA','Winter',0,'SAHLMAN LENA','CHEM209',1326),(437,'01','Fall',0,'GELINAS YVES','CHEM217',1327),(438,'51','Fall',0,'MCCLORY MICHAEL','CHEM217',1335),(439,'01','Fall',0,'ROBIDOUX SEBASTIEN','CHEM221',1343),(440,'51','Fall',0,'OH JUNG','CHEM221',1352),(441,'02','Winter',0,'ROBIDOUX SEBASTIEN','CHEM221',1361),(442,'52','Winter',0,'MCCLORY MICHAEL','CHEM221',1369),(443,'01','Fall',0,'LAWRENCE MARCUS','CHEM234',1377),(444,'51','Fall',0,'PAQUETTE GUY','CHEM234',1378),(445,'02','Winter',0,'LAWRENCE MARCUS','CHEM234',1379),(446,'01','Winter',0,'ZAZUBOVITS VALTER','PHYS252',1380),(447,'01','Fall',0,'DAMICO MARIO','PHYS253',1381),(448,'01','Fall',0,'KALMAN LASZLO','PHYS334',1382),(449,'01','Winter',0,'DAMICO MARIO','PHYS354',1383),(450,'EC','Summer1',1,'HOPP ROBERT','AHSC242',1384),(451,'EC','Fall',1,'HOPP ROBERT','AHSC242',1385),(452,'EC','Winter',1,'HOPP ROBERT','AHSC242',1386),(453,'EC','Summer1',1,'JOURDAN CHRISTINE','ANTH202',1387),(454,'A','Fall',1,'JOURDAN CHRISTINE','ANTH202',1388),(455,'EC','Fall',1,'JOURDAN CHRISTINE','ANTH202',1397),(456,'B','Winter',1,'ARAMAKI MICHIKO','ANTH202',1398),(457,'EC','Winter',1,'JOURDAN CHRISTINE','ANTH202',1399),(458,'EC','Summer1',1,'IRVINE IAN','ECON201',1400),(459,'A','Fall',1,'FARFARAS GEORGIOS','ECON201',1401),(460,'B','Fall',1,'TCHINKOV IVAN','ECON201',1405),(461,'C','Fall',1,'MASOUDI NAHID','ECON201',1409),(462,'D','Fall',1,'XU JINWEN','ECON201',1413),(463,'E','Fall',1,'MASOUDI NAHID','ECON201',1417),(464,'F','Fall',1,'FARFARAS GEORGIOS','ECON201',1419),(465,'EC','Fall',1,'LEBLANC M.','ECON201',1421),(466,'G','Winter',1,'TCHINKOV IVAN','ECON201',1422),(467,'H','Winter',1,'FARFARAS GEORGIOS','ECON201',1426),(468,'I','Winter',1,'FARFARAS GEORGIOS','ECON201',1430),(469,'J','Winter',1,'MASOUDI NAHID','ECON201',1432),(470,'K','Winter',1,'EL RAMLI SHADI','ECON201',1434),(471,'L','Winter',1,'BANIHASHEM AREZOO','ECON201',1436),(472,'EC','Winter',1,'CHNEEROV  (SHNEYEROV) ARTYOM','ECON201',1438),(473,'EC','Summer1',1,'LAU CHUI-HA','ECON203',1439),(474,'A','Fall',1,'BANIHASHEM AREZOO','ECON203',1440),(475,'B','Fall',1,'TSOUBLEKAS GEORGE','ECON203',1444),(476,'C','Fall',1,'BANIHASHEM AREZOO','ECON203',1448),(477,'D','Fall',1,'LANDER MOSHE','ECON203',1450),(478,'EC','Fall',1,'LAU CHUI-HA','ECON203',1452),(479,'E','Winter',1,'TEHOU TEKENG YVES MATHURIN','ECON203',1453),(480,'F','Winter',1,'TSOUBLEKAS GEORGE','ECON203',1457),(481,'G','Winter',1,'BANIHASHEM AREZOO','ECON203',1461),(482,'H','Winter',1,'AGUESSY MICHAEL','ECON203',1465),(483,'I','Winter',1,'BANIHASHEM AREZOO','ECON203',1467),(484,'EC','Winter',1,'LAU CHUI-HA','ECON203',1469),(485,'AA','Summer1',0,'SHAIKH KAMRAN','EDUC230',1470),(486,'BB','Fall',0,'WADDINGTON DAVID','EDUC230',1471),(487,'CC','Winter',0,'WADDINGTON DAVID','EDUC230',1472),(488,'CC','Summer2',0,'DYSART-GALE DEBORAH','ENCS483',1473),(489,'DD','Fall',0,'DYSART-GALE DEBORAH','ENCS483',1474),(490,'W','Winter',0,'DYSART-GALE DEBORAH','ENCS483',1475),(491,'A','Fall',0,'DESLAURIERS PIERRE','GEOG203',1476),(492,'AA','Winter',0,'BUSKARD JOHN','GEOG204',1477),(493,'A','Winter',0,'BUSKARD JOHN','GEOG210',1478),(494,'A','Fall',0,'NASH ALAN','GEOG220',1479),(495,'A','Winter',0,'NASH ALAN','GEOG220',1480),(496,'AA','Fall',0,'PICKUP DAVID','INST250',1481),(497,'EC','Fall',1,'WADE ANNE','INST250',1482),(498,'51','Winter',1,'ASLAN OFRA','INST250',1483),(499,'EC','Winter',1,'WADE ANNE','INST250',1484),(500,'A','Fall',0,'REISS CHARLES','LING222',1485),(501,'B','Winter',0,'REISS CHARLES','LING222',1486),(502,'A','Fall',0,'PETERS JACQUELINE','LING300',1487),(503,'AA','Winter',0,'TEFFETELLER-DALE ANNETTE','LING300',1488),(504,'EC','Summer1',1,'SCALA FRANCESCA','POLI202',1489),(505,'EC','Fall',1,'SCALA FRANCESCA','POLI202',1490),(506,'EC','Winter',1,'SCALA FRANCESCA','POLI202',1491),(507,'A','Fall',0,'HAYAT PERWAIZ','RELI214',1492),(508,'B','Winter',0,'MAMFREDIS MARIA','RELI214',1493),(509,'A','Winter',0,'PARENT MARCEL','RELI215',1494),(510,'A','Fall',0,'ACHOULIAS MARION','RELI310',1495),(511,'A','Fall',0,'LALONDE MARC','RELI312',1496),(512,'A','Winter',0,'LALONDE MARC','RELI312',1497),(513,'EC','Summer2',1,'SALEE DANIEL','SCPA201',1498),(514,'A','Fall',1,'SALEE DANIEL','SCPA201',1499),(515,'EC','Fall',1,'SALEE DANIEL','SCPA201',1500),(516,'A','Fall',0,'GRAHAM PETER','SCPA215',1501),(517,'A','Fall',0,'ARMSTRONG PAUL ALEXANDER','SOCI203',1502),(518,'B','Fall',0,'GLICK YAEL','SOCI203',1515),(519,'C','Winter',0,'CRICHTON PEARL','SOCI203',1516),(520,'D','Winter',0,'HAMEL SONIA','SOCI203',1517),(521,'A','Fall',0,'MAILLE CHANTAL','WSDB290',1518),(522,'AA','Fall',0,'ANTONOPOULOS A. ALEXANDER','WSDB290',1519),(523,'B','Winter',0,'ANTONOPOULOS A. ALEXANDER','WSDB290',1520),(524,'A','Fall',0,'ARAMAKI MICHIKO','WSDB291',1521),(525,'B','Winter',0,'MAILLE CHANTAL','WSDB291',1522),(526,'AA','Winter',0,'ANTONOPOULOS A. ALEXANDER','WSDB291',1523),(527,'A','Fall',0,'DAUBNER ERNESTINE','ARTH353',1524),(528,'AA','Winter',0,'DAUBNER ERNESTINE','ARTH353',1525),(529,'AA','Fall',0,'HARRISON GEORGEMACDONALD','CLAS266',1526),(530,'A','Winter',0,'FRANCIS JANE','CLAS266',1527),(531,'01','Fall',0,'SYMES KATERINA','COMS360',1528),(532,'51','Winter',0,'BEGY JASON','COMS360',1529),(533,'A','Winter',0,'LISSOUBA DANIELE BINEKA','FLIT230',1530),(534,'A','Fall',0,'KINIK ANTHONY','FMST214',1531),(535,'A','Winter',0,'VERONNEAU PIERRE','FMST215',1532),(536,'X','Fall',0,'MCCORMICK TED','HIST201',1533),(537,'Y','Fall',0,'MCSHEFFREY SHANNON','HIST201',1534),(538,'XX','Fall',0,'WILSON WARREN','HIST201',1535),(539,'X','Winter',0,'WILSON WARREN','HIST202',1536),(540,'Y','Winter',0,'ROWLEY ALISON','HIST202',1537),(541,'XX','Winter',0,'WILSON WARREN','HIST202',1538),(542,'B','Winter',0,'GOSSAGE PETER','HIST205',1539),(543,'AA','Winter',0,'FILLION ERIC','HIST205',1540),(544,'A','Winter',0,'RAZLOGOVA ELENA','HIST281',1541),(545,'A','Winter',0,'WILSON WARREN','HIST283',1542),(546,'AA','Summer1',0,'SUDAN MEGHANT','PHIL201',1543),(547,'A','Fall',0,'ROZAHEGY MARK PIERRE','PHIL201',1544),(548,'B','Winter',0,'LANDES DONALD','PHIL201',1545),(549,'EC','Fall',1,'SUDAN MEGHANT','PHIL210',1546),(550,'EC','Winter',1,'SUDAN MEGHANT','PHIL210',1547),(551,'A','Fall',0,'GILABERT PABLO','PHIL232',1548),(552,'B','Winter',0,'LANDES DONALD','PHIL232',1549),(553,'EC','Summer1',1,'LANDES DONALD','PHIL235',1550),(554,'EC','Fall',1,'LANDES DONALD','PHIL235',1551),(555,'EC','Winter',1,'LANDES DONALD','PHIL235',1552),(556,'A','Winter',0,'ANGELOVA EMILIA','PHIL275',1553),(557,'A','Fall',0,'GILABERT PABLO','PHIL330',1554),(558,'A','Fall',0,'SCOTT STEVEN','THEO202',1555),(559,'A','Winter',0,'GAGNE ANDRE','THEO202',1556),(560,'EC','Summer1',1,'JAMIESON CHRISTINE','THEO204',1557),(561,'EC','Winter',1,'JAMIESON CHRISTINE','THEO204',1558),(562,'AA','Summer1',0,'ALLEN PAUL','THEO233',1559),(563,'D','Fall',0,'PAQUET JOEY','COMP345',1560),(564,'N','Fall',0,'SINNIG DANIEL','COMP345',1563),(565,'S','Winter',0,'JANNATPOUR SEYED ALI','COMP345',1566),(566,'CC','Summer2',0,'EAVIS TODD','COMP353',1569),(567,'F','Fall',0,'DESAI BIPIN C.','COMP353',1573),(568,'W','Winter',0,'SHIRI-VARNAAMKHAASTI NEMATOLLAAH','COMP353',1577),(569,'CC','Summer2',0,'BERGERON NICOLAS','COMP371',1582),(570,'UU','Fall',0,'KRZYZAK ADAM','COMP371',1586),(571,'WW','Winter',0,'BERGERON NICOLAS','COMP371',1589),(572,'NN','Fall',0,'JAYAKUMAR RAJAGOPALAN','COMP426',1592),(573,'FF','Fall',0,'GOSWAMI DHRUBAJYOTI','COMP428',1595),(574,'NN','Winter',0,'PAQUET JOEY','COMP442',1600),(575,'D','Fall',0,'HANNA AIMAN','COMP445',1603),(576,'W','Winter',0,'NARAYANAN LATA','COMP445',1606),(577,'N','Fall',0,'HARUTYUNYAN HOVHANNES','COMP465',1609),(578,'F','Fall',0,'KOSSEIM LEILA','COMP472',1611),(579,'NN','Winter',0,'KOSSEIM LEILA','COMP472',1615),(580,'DD','Fall',0,'SUEN CHING YEE','COMP473',1619),(581,'UU','Winter',0,'HOUARI NORA','COMP474',1623),(582,'DD','Fall',0,'BUI TIEN','COMP478',1627),(583,'D','Fall',0,'BERGLER SABINE','COMP479',1630),(584,'W','Winter',0,'FANCOTT TERRILL','SOEN298',1634),(585,'MM','Fall',0,'FANCOTT TERRILL','SOEN422',1635),(586,'H','Fall',0,'JAYAKUMAR RAJAGOPALAN','SOEN423',1639),(587,'W','Summer1',0,'DYSART-GALE DEBORAH','ENGR411',1642),(588,'BB','Summer1',0,'DYSART-GALE DEBORAH','ENGR411',1643),(589,'F','Fall',0,'DYSART-GALE DEBORAH','ENGR411',1644),(590,'W','Winter',0,'DYSART-GALE DEBORAH','ENGR411',1645),(591,'X','Winter',0,'DYSART-GALE DEBORAH','ENGR411',1646),(592,'W','Fall',0,'FEVENS THOMAS','COMP376',1647),(593,'X','Fall',0,'FEVENS THOMAS','COMP376',1651),(594,'N','Winter',0,'FEVENS THOMAS','COMP476',1655),(595,'N','Fall',0,'POPA TIBERIU','COMP477',1659),(596,'F','Fall',0,'THIEL STUART','SOEN387',1662),(597,'NN','Winter',0,'MOKHOV SERGUEI','SOEN487',1665),(598,'XX','Fall',0,'ZHANG YOUMIN','AERO480',1668),(599,'S','Fall',0,'ABDI SAMAR','COEN320',1676),(603,'TB','Fall',0,'Prof X',NULL,1681),(605,'X','Fall',0,'GOLLU NARENDRA KUMAR','AERO482',1684);
/*!40000 ALTER TABLE `app_lecture` ENABLE KEYS */;
UNLOCK TABLES;

--
-- Table structure for table `app_option`
--

DROP TABLE IF EXISTS `app_option`;
/*!40101 SET @saved_cs_client     = @@character_set_client */;
/*!40101 SET character_set_client = utf8 */;
CREATE TABLE `app_option` (
  `id` int(11) NOT NULL AUTO_INCREMENT,
  `name` varchar(120) NOT NULL,
  `option` int(11) NOT NULL,
  `type` int(11) NOT NULL,
  `academicprogram_id` int(11) NOT NULL,
  `course_id` varchar(120) NOT NULL,
  `atleast_one` tinyint(1) NOT NULL,
  PRIMARY KEY (`id`),
  KEY `app_option_15134093` (`academicprogram_id`),
  KEY `app_option_ea134da7` (`course_id`),
  CONSTRAINT `app_academicprogram_id_e5240792e7c39c9_fk_app_academicprogram_id` FOREIGN KEY (`academicprogram_id`) REFERENCES `app_academicprogram` (`id`),
  CONSTRAINT `app_option_course_id_d6436598d0d3885_fk_app_course_deptnum` FOREIGN KEY (`course_id`) REFERENCES `app_course` (`deptnum`)
) ENGINE=InnoDB AUTO_INCREMENT=379 DEFAULT CHARSET=latin1;
/*!40101 SET character_set_client = @saved_cs_client */;

--
-- Dumping data for table `app_option`
--

LOCK TABLES `app_option` WRITE;
/*!40000 ALTER TABLE `app_option` DISABLE KEYS */;
INSERT INTO `app_option` VALUES (1,'Games',1,8,5,'COMP345',0),(2,'Games',1,6,5,'COMP371',0),(3,'Games',1,6,5,'COMP376',0),(4,'Games',1,8,5,'COMP472',0),(5,'Games',1,8,5,'COMP476',1),(6,'Games',1,8,5,'COMP477',1),(7,'Games',1,6,5,'ELEC275',0),(8,'Games',1,6,5,'ENCS282',0),(9,'Games',1,6,5,'ENGR201',0),(10,'Games',1,6,5,'ENGR202',0),(11,'Games',1,6,5,'ENGR213',0),(12,'Games',1,6,5,'ENGR233',0),(13,'Games',1,6,5,'ENGR301',0),(14,'Games',1,6,5,'ENGR371',0),(15,'Games',1,6,5,'ENGR392',0),(16,'Games',1,6,5,'SOEN228',0),(17,'Games',1,6,5,'SOEN287',0),(18,'Games',1,6,5,'SOEN321',0),(19,'Games',1,6,5,'SOEN331',0),(20,'Games',1,6,5,'SOEN341',0),(21,'Games',1,6,5,'SOEN342',0),(22,'Games',1,6,5,'SOEN343',0),(23,'Games',1,6,5,'SOEN344',0),(24,'Games',1,6,5,'SOEN345',0),(25,'Games',1,6,5,'SOEN357',0),(26,'Games',1,6,5,'SOEN384',0),(27,'Games',1,6,5,'SOEN385',0),(28,'Games',1,6,5,'SOEN390',0),(29,'Games',1,6,5,'SOEN490',0),(30,'Games',1,6,5,'COMP232',0),(31,'Games',1,6,5,'COMP248',0),(32,'Games',1,6,5,'COMP249',0),(33,'Games',1,6,5,'COMP335',0),(34,'Games',1,6,5,'COMP346',0),(35,'Games',1,6,5,'COMP348',0),(36,'Games',1,6,5,'COMP352',0),(37,'Games',1,6,5,'ENGR391',1),(38,'Games',1,6,5,'COMP361',1),(39,'Games',1,7,5,'BIOL206',0),(40,'Games',1,7,5,'BIOL226',0),(41,'Games',1,7,5,'BIOL261',0),(42,'Games',1,7,5,'CHEM209',0),(43,'Games',1,7,5,'CHEM217',0),(44,'Games',1,7,5,'CHEM221',0),(45,'Games',1,7,5,'CHEM234',0),(46,'Games',1,7,5,'PHYS252',0),(47,'Games',1,7,5,'PHYS253',0),(48,'Games',1,7,5,'PHYS334',0),(49,'Games',1,7,5,'PHYS354',0),(50,'Games',1,5,5,'AHSC242',0),(51,'Games',1,5,5,'ANTH202',0),(52,'Games',1,5,5,'ECON201',0),(53,'Games',1,5,5,'ECON203',0),(54,'Games',1,5,5,'EDUC230',0),(55,'Games',1,5,5,'ENCS483',0),(56,'Games',1,5,5,'GEOG203',0),(57,'Games',1,5,5,'GEOG204',0),(58,'Games',1,5,5,'GEOG210',0),(59,'Games',1,5,5,'GEOG220',0),(60,'Games',1,5,5,'INST250',0),(61,'Games',1,5,5,'LING222',0),(62,'Games',1,5,5,'LING300',0),(63,'Games',1,5,5,'POLI202',0),(64,'Games',1,5,5,'RELI214',0),(65,'Games',1,5,5,'RELI215',0),(66,'Games',1,5,5,'RELI310',0),(67,'Games',1,5,5,'RELI312',0),(68,'Games',1,5,5,'SCPA201',0),(69,'Games',1,5,5,'SCPA215',0),(70,'Games',1,5,5,'SOCI203',0),(71,'Games',1,5,5,'WSDB290',0),(72,'Games',1,5,5,'WSDB291',0),(73,'Games',1,5,5,'ARTH353',0),(74,'Games',1,5,5,'CLAS266',0),(75,'Games',1,5,5,'COMS360',0),(76,'Games',1,5,5,'FLIT230',0),(77,'Games',1,5,5,'FMST214',0),(78,'Games',1,5,5,'FMST215',0),(79,'Games',1,5,5,'HIST201',0),(80,'Games',1,5,5,'HIST202',0),(81,'Games',1,5,5,'HIST205',0),(82,'Games',1,5,5,'HIST281',0),(83,'Games',1,5,5,'HIST283',0),(84,'Games',1,5,5,'PHIL201',0),(85,'Games',1,5,5,'PHIL210',0),(86,'Games',1,5,5,'PHIL232',0),(87,'Games',1,5,5,'PHIL235',0),(88,'Games',1,5,5,'PHIL275',0),(89,'Games',1,5,5,'PHIL330',0),(90,'Games',1,5,5,'THEO202',0),(91,'Games',1,5,5,'THEO204',0),(92,'Games',1,5,5,'THEO233',0),(93,'Avionics',3,8,5,'AERO480',1),(94,'Avionics',3,8,5,'AERO482',1),(95,'Avionics',3,8,5,'COEN320',0),(96,'Avionics',3,8,5,'COMP345',0),(97,'Avionics',3,6,5,'SOEN422',0),(98,'Avionics',3,6,5,'SOEN423',0),(99,'Avionics',3,6,5,'ELEC275',0),(100,'Avionics',3,6,5,'ENCS282',0),(101,'Avionics',3,6,5,'ENGR201',0),(102,'Avionics',3,6,5,'ENGR202',0),(103,'Avionics',3,6,5,'ENGR213',0),(104,'Avionics',3,6,5,'ENGR233',0),(105,'Avionics',3,6,5,'ENGR301',0),(106,'Avionics',3,6,5,'ENGR371',0),(107,'Avionics',3,6,5,'ENGR392',0),(108,'Avionics',3,6,5,'SOEN228',0),(109,'Avionics',3,6,5,'SOEN287',0),(110,'Avionics',3,6,5,'SOEN321',0),(111,'Avionics',3,6,5,'SOEN331',0),(112,'Avionics',3,6,5,'SOEN341',0),(113,'Avionics',3,6,5,'SOEN342',0),(114,'Avionics',3,6,5,'SOEN343',0),(115,'Avionics',3,6,5,'SOEN344',0),(116,'Avionics',3,6,5,'SOEN345',0),(117,'Avionics',3,6,5,'SOEN357',0),(118,'Avionics',3,6,5,'SOEN384',0),(119,'Avionics',3,6,5,'SOEN385',0),(120,'Avionics',3,6,5,'SOEN390',0),(121,'Avionics',3,6,5,'SOEN490',0),(122,'Avionics',3,6,5,'COMP232',0),(123,'Avionics',3,6,5,'COMP248',0),(124,'Avionics',3,6,5,'COMP249',0),(125,'Avionics',3,6,5,'COMP335',0),(126,'Avionics',3,6,5,'COMP346',0),(127,'Avionics',3,6,5,'COMP348',0),(128,'Avionics',3,6,5,'COMP352',0),(129,'Avionics',3,6,5,'ENGR391',1),(130,'Avionics',3,6,5,'COMP361',1),(131,'Avionics',3,7,5,'BIOL206',0),(132,'Avionics',3,7,5,'BIOL226',0),(133,'Avionics',3,7,5,'BIOL261',0),(134,'Avionics',3,7,5,'CHEM209',0),(135,'Avionics',3,7,5,'CHEM217',0),(136,'Avionics',3,7,5,'CHEM221',0),(137,'Avionics',3,7,5,'CHEM234',0),(138,'Avionics',3,7,5,'PHYS252',0),(139,'Avionics',3,7,5,'PHYS253',0),(140,'Avionics',3,7,5,'PHYS334',0),(141,'Avionics',3,7,5,'PHYS354',0),(142,'Avionics',3,5,5,'AHSC242',0),(143,'Avionics',3,5,5,'ANTH202',0),(144,'Avionics',3,5,5,'ECON201',0),(145,'Avionics',3,5,5,'ECON203',0),(146,'Avionics',3,5,5,'EDUC230',0),(147,'Avionics',3,5,5,'ENCS483',0),(148,'Avionics',3,5,5,'GEOG203',0),(149,'Avionics',3,5,5,'GEOG204',0),(150,'Avionics',3,5,5,'GEOG210',0),(151,'Avionics',3,5,5,'GEOG220',0),(152,'Avionics',3,5,5,'INST250',0),(153,'Avionics',3,5,5,'LING222',0),(154,'Avionics',3,5,5,'LING300',0),(155,'Avionics',3,5,5,'POLI202',0),(156,'Avionics',3,5,5,'RELI214',0),(157,'Avionics',3,5,5,'RELI215',0),(158,'Avionics',3,5,5,'RELI310',0),(159,'Avionics',3,5,5,'RELI312',0),(160,'Avionics',3,5,5,'SCPA201',0),(161,'Avionics',3,5,5,'SCPA215',0),(162,'Avionics',3,5,5,'SOCI203',0),(163,'Avionics',3,5,5,'WSDB290',0),(164,'Avionics',3,5,5,'WSDB291',0),(165,'Avionics',3,5,5,'ARTH353',0),(166,'Avionics',3,5,5,'CLAS266',0),(167,'Avionics',3,5,5,'COMS360',0),(168,'Avionics',3,5,5,'FLIT230',0),(169,'Avionics',3,5,5,'FMST214',0),(170,'Avionics',3,5,5,'FMST215',0),(171,'Avionics',3,5,5,'HIST201',0),(172,'Avionics',3,5,5,'HIST202',0),(173,'Avionics',3,5,5,'HIST205',0),(174,'Avionics',3,5,5,'HIST281',0),(175,'Avionics',3,5,5,'HIST283',0),(176,'Avionics',3,5,5,'PHIL201',0),(177,'Avionics',3,5,5,'PHIL210',0),(178,'Avionics',3,5,5,'PHIL232',0),(179,'Avionics',3,5,5,'PHIL235',0),(180,'Avionics',3,5,5,'PHIL275',0),(181,'Avionics',3,5,5,'PHIL330',0),(182,'Avionics',3,5,5,'THEO202',0),(183,'Avionics',3,5,5,'THEO204',0),(184,'Avionics',3,5,5,'THEO233',0),(185,'Webs',2,6,5,'COMP353',0),(186,'Webs',2,8,5,'COMP445',0),(187,'Webs',2,8,5,'COMP479',1),(188,'Webs',2,6,5,'SOEN387',0),(189,'Webs',2,8,5,'SOEN487',1),(190,'Webs',2,6,5,'ELEC275',0),(191,'Webs',2,6,5,'ENCS282',0),(192,'Webs',2,6,5,'ENGR201',0),(193,'Webs',2,6,5,'ENGR202',0),(194,'Webs',2,6,5,'ENGR213',0),(195,'Webs',2,6,5,'ENGR233',0),(196,'Webs',2,6,5,'ENGR301',0),(197,'Webs',2,6,5,'ENGR371',0),(198,'Webs',2,6,5,'ENGR392',0),(199,'Webs',2,6,5,'SOEN228',0),(200,'Webs',2,6,5,'SOEN287',0),(201,'Webs',2,6,5,'SOEN321',0),(202,'Webs',2,6,5,'SOEN331',0),(203,'Webs',2,6,5,'SOEN341',0),(204,'Webs',2,6,5,'SOEN342',0),(205,'Webs',2,6,5,'SOEN343',0),(206,'Webs',2,6,5,'SOEN344',0),(207,'Webs',2,6,5,'SOEN345',0),(208,'Webs',2,6,5,'SOEN357',0),(209,'Webs',2,6,5,'SOEN384',0),(210,'Webs',2,6,5,'SOEN385',0),(211,'Webs',2,6,5,'SOEN390',0),(212,'Webs',2,6,5,'SOEN490',0),(213,'Webs',2,6,5,'COMP232',0),(214,'Webs',2,6,5,'COMP248',0),(215,'Webs',2,6,5,'COMP249',0),(216,'Webs',2,6,5,'COMP335',0),(217,'Webs',2,6,5,'COMP346',0),(218,'Webs',2,6,5,'COMP348',0),(219,'Webs',2,6,5,'COMP352',0),(220,'Webs',2,6,5,'ENGR391',1),(221,'Webs',2,6,5,'COMP361',1),(222,'Webs',2,7,5,'BIOL206',0),(223,'Webs',2,7,5,'BIOL226',0),(224,'Webs',2,7,5,'BIOL261',0),(225,'Webs',2,7,5,'CHEM209',0),(226,'Webs',2,7,5,'CHEM217',0),(227,'Webs',2,7,5,'CHEM221',0),(228,'Webs',2,7,5,'CHEM234',0),(229,'Webs',2,7,5,'PHYS252',0),(230,'Webs',2,7,5,'PHYS253',0),(231,'Webs',2,7,5,'PHYS334',0),(232,'Webs',2,7,5,'PHYS354',0),(233,'Webs',2,5,5,'AHSC242',0),(234,'Webs',2,5,5,'ANTH202',0),(235,'Webs',2,5,5,'ECON201',0),(236,'Webs',2,5,5,'ECON203',0),(237,'Webs',2,5,5,'EDUC230',0),(238,'Webs',2,5,5,'ENCS483',0),(239,'Webs',2,5,5,'GEOG203',0),(240,'Webs',2,5,5,'GEOG204',0),(241,'Webs',2,5,5,'GEOG210',0),(242,'Webs',2,5,5,'GEOG220',0),(243,'Webs',2,5,5,'INST250',0),(244,'Webs',2,5,5,'LING222',0),(245,'Webs',2,5,5,'LING300',0),(246,'Webs',2,5,5,'POLI202',0),(247,'Webs',2,5,5,'RELI214',0),(248,'Webs',2,5,5,'RELI215',0),(249,'Webs',2,5,5,'RELI310',0),(250,'Webs',2,5,5,'RELI312',0),(251,'Webs',2,5,5,'SCPA201',0),(252,'Webs',2,5,5,'SCPA215',0),(253,'Webs',2,5,5,'SOCI203',0),(254,'Webs',2,5,5,'WSDB290',0),(255,'Webs',2,5,5,'WSDB291',0),(256,'Webs',2,5,5,'ARTH353',0),(257,'Webs',2,5,5,'CLAS266',0),(258,'Webs',2,5,5,'COMS360',0),(259,'Webs',2,5,5,'FLIT230',0),(260,'Webs',2,5,5,'FMST214',0),(261,'Webs',2,5,5,'FMST215',0),(262,'Webs',2,5,5,'HIST201',0),(263,'Webs',2,5,5,'HIST202',0),(264,'Webs',2,5,5,'HIST205',0),(265,'Webs',2,5,5,'HIST281',0),(266,'Webs',2,5,5,'HIST283',0),(267,'Webs',2,5,5,'PHIL201',0),(268,'Webs',2,5,5,'PHIL210',0),(269,'Webs',2,5,5,'PHIL232',0),(270,'Webs',2,5,5,'PHIL235',0),(271,'Webs',2,5,5,'PHIL275',0),(272,'Webs',2,5,5,'PHIL330',0),(273,'Webs',2,5,5,'THEO202',0),(274,'Webs',2,5,5,'THEO204',0),(275,'Webs',2,5,5,'THEO233',0),(276,'General',4,8,5,'COMP345',0),(277,'General',4,8,5,'COMP353',0),(278,'General',4,8,5,'COMP371',0),(279,'General',4,8,5,'COMP426',0),(280,'General',4,8,5,'COMP428',0),(281,'General',4,8,5,'COMP442',0),(282,'General',4,8,5,'COMP445',0),(283,'General',4,8,5,'COMP465',0),(284,'General',4,8,5,'COMP472',0),(285,'General',4,8,5,'COMP473',0),(286,'General',4,8,5,'COMP474',0),(287,'General',4,8,5,'COMP478',0),(288,'General',4,8,5,'COMP479',0),(289,'General',4,8,5,'SOEN298',0),(290,'General',4,8,5,'SOEN422',0),(291,'General',4,8,5,'SOEN423',0),(292,'General',4,8,5,'ENGR411',0),(293,'General',4,6,5,'ELEC275',0),(294,'General',4,6,5,'ENCS282',0),(295,'General',4,6,5,'ENGR201',0),(296,'General',4,6,5,'ENGR202',0),(297,'General',4,6,5,'ENGR213',0),(298,'General',4,6,5,'ENGR233',0),(299,'General',4,6,5,'ENGR301',0),(300,'General',4,6,5,'ENGR371',0),(301,'General',4,6,5,'ENGR392',0),(302,'General',4,6,5,'SOEN228',0),(303,'General',4,6,5,'SOEN287',0),(304,'General',4,6,5,'SOEN321',0),(305,'General',4,6,5,'SOEN331',0),(306,'General',4,6,5,'SOEN341',0),(307,'General',4,6,5,'SOEN342',0),(308,'General',4,6,5,'SOEN343',0),(309,'General',4,6,5,'SOEN344',0),(310,'General',4,6,5,'SOEN345',0),(311,'General',4,6,5,'SOEN357',0),(312,'General',4,6,5,'SOEN384',0),(313,'General',4,6,5,'SOEN385',0),(314,'General',4,6,5,'SOEN390',0),(315,'General',4,6,5,'SOEN490',0),(316,'General',4,6,5,'COMP232',0),(317,'General',4,6,5,'COMP248',0),(318,'General',4,6,5,'COMP249',0),(319,'General',4,6,5,'COMP335',0),(320,'General',4,6,5,'COMP346',0),(321,'General',4,6,5,'COMP348',0),(322,'General',4,6,5,'COMP352',0),(323,'General',4,6,5,'ENGR391',1),(324,'General',4,6,5,'COMP361',1),(325,'General',4,7,5,'BIOL206',0),(326,'General',4,7,5,'BIOL226',0),(327,'General',4,7,5,'BIOL261',0),(328,'General',4,7,5,'CHEM209',0),(329,'General',4,7,5,'CHEM217',0),(330,'General',4,7,5,'CHEM221',0),(331,'General',4,7,5,'CHEM234',0),(332,'General',4,7,5,'PHYS252',0),(333,'General',4,7,5,'PHYS253',0),(334,'General',4,7,5,'PHYS334',0),(335,'General',4,7,5,'PHYS354',0),(336,'General',4,5,5,'AHSC242',0),(337,'General',4,5,5,'ANTH202',0),(338,'General',4,5,5,'ECON201',0),(339,'General',4,5,5,'ECON203',0),(340,'General',4,5,5,'EDUC230',0),(341,'General',4,5,5,'ENCS483',0),(342,'General',4,5,5,'GEOG203',0),(343,'General',4,5,5,'GEOG204',0),(344,'General',4,5,5,'GEOG210',0),(345,'General',4,5,5,'GEOG220',0),(346,'General',4,5,5,'INST250',0),(347,'General',4,5,5,'LING222',0),(348,'General',4,5,5,'LING300',0),(349,'General',4,5,5,'POLI202',0),(350,'General',4,5,5,'RELI214',0),(351,'General',4,5,5,'RELI215',0),(352,'General',4,5,5,'RELI310',0),(353,'General',4,5,5,'RELI312',0),(354,'General',4,5,5,'SCPA201',0),(355,'General',4,5,5,'SCPA215',0),(356,'General',4,5,5,'SOCI203',0),(357,'General',4,5,5,'WSDB290',0),(358,'General',4,5,5,'WSDB291',0),(359,'General',4,5,5,'ARTH353',0),(360,'General',4,5,5,'CLAS266',0),(361,'General',4,5,5,'COMS360',0),(362,'General',4,5,5,'FLIT230',0),(363,'General',4,5,5,'FMST214',0),(364,'General',4,5,5,'FMST215',0),(365,'General',4,5,5,'HIST201',0),(366,'General',4,5,5,'HIST202',0),(367,'General',4,5,5,'HIST205',0),(368,'General',4,5,5,'HIST281',0),(369,'General',4,5,5,'HIST283',0),(370,'General',4,5,5,'PHIL201',0),(371,'General',4,5,5,'PHIL210',0),(372,'General',4,5,5,'PHIL232',0),(373,'General',4,5,5,'PHIL235',0),(374,'General',4,5,5,'PHIL275',0),(375,'General',4,5,5,'PHIL330',0),(376,'General',4,5,5,'THEO202',0),(377,'General',4,5,5,'THEO204',0),(378,'General',4,5,5,'THEO233',0);
/*!40000 ALTER TABLE `app_option` ENABLE KEYS */;
UNLOCK TABLES;

--
-- Table structure for table `app_professor`
--

DROP TABLE IF EXISTS `app_professor`;
/*!40101 SET @saved_cs_client     = @@character_set_client */;
/*!40101 SET character_set_client = utf8 */;
CREATE TABLE `app_professor` (
  `id` int(11) NOT NULL AUTO_INCREMENT,
  `isEngineer` tinyint(1) NOT NULL,
  `user_id` int(11) NOT NULL,
  PRIMARY KEY (`id`),
  UNIQUE KEY `user_id` (`user_id`),
  CONSTRAINT `app_professor_user_id_11f448628b5a55f0_fk_auth_user_id` FOREIGN KEY (`user_id`) REFERENCES `auth_user` (`id`)
) ENGINE=InnoDB DEFAULT CHARSET=latin1;
/*!40101 SET character_set_client = @saved_cs_client */;

--
-- Dumping data for table `app_professor`
--

LOCK TABLES `app_professor` WRITE;
/*!40000 ALTER TABLE `app_professor` DISABLE KEYS */;
/*!40000 ALTER TABLE `app_professor` ENABLE KEYS */;
UNLOCK TABLES;

--
-- Table structure for table `app_programdirector`
--

DROP TABLE IF EXISTS `app_programdirector`;
/*!40101 SET @saved_cs_client     = @@character_set_client */;
/*!40101 SET character_set_client = utf8 */;
CREATE TABLE `app_programdirector` (
  `id` int(11) NOT NULL AUTO_INCREMENT,
  `department` varchar(120) NOT NULL,
  `user_id` int(11) NOT NULL,
  PRIMARY KEY (`id`),
  UNIQUE KEY `user_id` (`user_id`),
  CONSTRAINT `app_programdirector_user_id_4c0bc69b9d59daad_fk_auth_user_id` FOREIGN KEY (`user_id`) REFERENCES `auth_user` (`id`)
) ENGINE=InnoDB DEFAULT CHARSET=latin1;
/*!40101 SET character_set_client = @saved_cs_client */;

--
-- Dumping data for table `app_programdirector`
--

LOCK TABLES `app_programdirector` WRITE;
/*!40000 ALTER TABLE `app_programdirector` DISABLE KEYS */;
/*!40000 ALTER TABLE `app_programdirector` ENABLE KEYS */;
UNLOCK TABLES;

--
-- Table structure for table `app_schedule`
--

DROP TABLE IF EXISTS `app_schedule`;
/*!40101 SET @saved_cs_client     = @@character_set_client */;
/*!40101 SET character_set_client = utf8 */;
CREATE TABLE `app_schedule` (
  `id` int(11) NOT NULL AUTO_INCREMENT,
  `semester` varchar(120) NOT NULL,
  `year` int(11) NOT NULL,
  PRIMARY KEY (`id`)
) ENGINE=InnoDB AUTO_INCREMENT=163 DEFAULT CHARSET=latin1;
/*!40101 SET character_set_client = @saved_cs_client */;

--
-- Dumping data for table `app_schedule`
--

LOCK TABLES `app_schedule` WRITE;
/*!40000 ALTER TABLE `app_schedule` DISABLE KEYS */;
INSERT INTO `app_schedule` VALUES (1,'Fall',1),(2,'Fall',1),(3,'Fall',1),(4,'Fall',1),(5,'Fall',1),(6,'Summer1',1),(10,'Fall',1),(11,'Fall',1),(12,'Fall',1),(13,'Fall',1),(14,'Fall',1),(15,'Fall',1),(16,'Fall',1),(17,'Fall',1),(18,'Fall',1),(19,'Summer1',1),(20,'Fall',1),(21,'Fall',1),(22,'Fall',1),(23,'Fall',1),(24,'Fall',1),(25,'Fall',1),(26,'Fall',1),(27,'Fall',1),(28,'Fall',1),(29,'Fall',1),(30,'Fall',1),(31,'Fall',1),(32,'Fall',2),(33,'Fall',1),(34,'Fall',2),(35,'Fall',2),(36,'Fall',2),(37,'Fall',1),(38,'Fall',1),(39,'Fall',1),(40,'Fall',1),(41,'Fall',2),(42,'Fall',1),(43,'Fall',1),(44,'Fall',1),(45,'Fall',1),(46,'Fall',1),(47,'Fall',1),(48,'Fall',1),(49,'Fall',1),(50,'Fall',1),(51,'Fall',1),(52,'Fall',1),(53,'Fall',1),(54,'Fall',1),(55,'Fall',1),(56,'Fall',1),(57,'Fall',1),(58,'Fall',1),(59,'Fall',1),(60,'Fall',1),(61,'Fall',1),(62,'Fall',1),(63,'Fall',1),(64,'Fall',1),(65,'Fall',1),(66,'Fall',1),(67,'Fall',1),(68,'Fall',1),(69,'Fall',1),(70,'Fall',1),(71,'Fall',1),(72,'Fall',1),(73,'Fall',1),(74,'Fall',1),(75,'Fall',1),(76,'Fall',1),(77,'Fall',1),(78,'Fall',1),(79,'Fall',1),(80,'Fall',1),(81,'Fall',1),(82,'Fall',1),(83,'Fall',1),(84,'Fall',1),(85,'Fall',1),(86,'Fall',1),(87,'Fall',1),(88,'Fall',1),(89,'Fall',1),(90,'Fall',1),(91,'Fall',5),(92,'Fall',5),(93,'Fall',5),(94,'Fall',5),(95,'Fall',5),(96,'Fall',5),(97,'Fall',5),(98,'Fall',5),(99,'Fall',5),(100,'Fall',5),(101,'Fall',5),(102,'Fall',5),(103,'Fall',5),(104,'Fall',5),(105,'Winter',1),(106,'Winter',1),(107,'Winter',1),(108,'Winter',1),(109,'Fall',1),(110,'Fall',1),(111,'Fall',1),(112,'Fall',1),(113,'Fall',1),(114,'Fall',1),(115,'Fall',1),(116,'Fall',1),(117,'Fall',1),(118,'Fall',1),(119,'Fall',1),(120,'Fall',1),(121,'Fall',1),(122,'Fall',1),(123,'Fall',1),(124,'Fall',1),(125,'Fall',1),(126,'Fall',1),(127,'Fall',1),(128,'Fall',1),(129,'Fall',1),(130,'Fall',1),(131,'Fall',1),(132,'Fall',1),(133,'Fall',1),(134,'Fall',1),(135,'Fall',2),(136,'Fall',2),(137,'Fall',2),(138,'Fall',2),(139,'Fall',2),(140,'Fall',2),(141,'Fall',2),(142,'Fall',2),(143,'Fall',2),(144,'Fall',2),(145,'Fall',2),(146,'Fall',2),(147,'Fall',2),(148,'Fall',2),(149,'Fall',2),(150,'Fall',2),(151,'Fall',2),(152,'Fall',2),(153,'Fall',2),(154,'Fall',2),(155,'Winter',1),(156,'Winter',1),(157,'Winter',1),(158,'Winter',1),(159,'Winter',1),(160,'Winter',1),(161,'Winter',1),(162,'Winter',1);
/*!40000 ALTER TABLE `app_schedule` ENABLE KEYS */;
UNLOCK TABLES;

--
-- Table structure for table `app_schedule_labList`
--

DROP TABLE IF EXISTS `app_schedule_labList`;
/*!40101 SET @saved_cs_client     = @@character_set_client */;
/*!40101 SET character_set_client = utf8 */;
CREATE TABLE `app_schedule_labList` (
  `id` int(11) NOT NULL AUTO_INCREMENT,
  `schedule_id` int(11) NOT NULL,
  `lab_id` int(11) NOT NULL,
  PRIMARY KEY (`id`),
  UNIQUE KEY `schedule_id` (`schedule_id`,`lab_id`),
  KEY `app_schedule_labList_9bc70bb9` (`schedule_id`),
  KEY `app_schedule_labList_9db8e5d7` (`lab_id`),
  CONSTRAINT `app_schedule_labList_lab_id_9a6b8931583ebdd_fk_app_lab_id` FOREIGN KEY (`lab_id`) REFERENCES `app_lab` (`id`),
  CONSTRAINT `app_schedule_lab_schedule_id_6a8c7b8c34d774e6_fk_app_schedule_id` FOREIGN KEY (`schedule_id`) REFERENCES `app_schedule` (`id`)
) ENGINE=InnoDB AUTO_INCREMENT=28 DEFAULT CHARSET=latin1;
/*!40101 SET character_set_client = @saved_cs_client */;

--
-- Dumping data for table `app_schedule_labList`
--

LOCK TABLES `app_schedule_labList` WRITE;
/*!40000 ALTER TABLE `app_schedule_labList` DISABLE KEYS */;
INSERT INTO `app_schedule_labList` VALUES (1,2,153),(2,3,158),(4,13,201),(7,22,186),(8,28,186),(9,37,150),(10,38,150),(11,39,150),(12,40,152),(13,44,201),(14,91,150),(15,92,151),(16,93,152),(17,94,153),(18,95,154),(19,96,155),(20,97,156),(21,98,150),(22,99,151),(23,100,152),(24,101,153),(25,102,154),(26,103,155),(27,104,156);
/*!40000 ALTER TABLE `app_schedule_labList` ENABLE KEYS */;
UNLOCK TABLES;

--
-- Table structure for table `app_schedule_lectureList`
--

DROP TABLE IF EXISTS `app_schedule_lectureList`;
/*!40101 SET @saved_cs_client     = @@character_set_client */;
/*!40101 SET character_set_client = utf8 */;
CREATE TABLE `app_schedule_lectureList` (
  `id` int(11) NOT NULL AUTO_INCREMENT,
  `schedule_id` int(11) NOT NULL,
  `lecture_id` int(11) NOT NULL,
  PRIMARY KEY (`id`),
  UNIQUE KEY `schedule_id` (`schedule_id`,`lecture_id`),
  KEY `app_schedule_lectureList_9bc70bb9` (`schedule_id`),
  KEY `app_schedule_lectureList_72a11f01` (`lecture_id`),
  CONSTRAINT `app_schedule_lectu_lecture_id_4f39cca2085f433e_fk_app_lecture_id` FOREIGN KEY (`lecture_id`) REFERENCES `app_lecture` (`id`),
  CONSTRAINT `app_schedule_lec_schedule_id_1ceec5e8aa8a51a2_fk_app_schedule_id` FOREIGN KEY (`schedule_id`) REFERENCES `app_schedule` (`id`)
) ENGINE=InnoDB AUTO_INCREMENT=205 DEFAULT CHARSET=latin1;
/*!40101 SET character_set_client = @saved_cs_client */;

--
-- Dumping data for table `app_schedule_lectureList`
--

LOCK TABLES `app_schedule_lectureList` WRITE;
/*!40000 ALTER TABLE `app_schedule_lectureList` DISABLE KEYS */;
INSERT INTO `app_schedule_lectureList` VALUES (14,1,394),(4,2,302),(8,2,313),(7,2,323),(5,2,388),(6,2,394),(9,3,303),(13,3,315),(12,3,330),(10,3,392),(11,3,398),(16,10,388),(15,10,394),(22,13,396),(23,13,433),(26,13,439),(24,13,447),(25,13,531),(28,14,307),(27,14,314),(30,14,388),(31,14,394),(29,14,507),(35,19,450),(36,20,451),(37,21,433),(38,22,437),(39,23,431),(40,24,443),(41,26,324),(42,27,324),(43,28,437),(44,30,431),(45,31,475),(46,32,400),(47,34,400),(48,35,400),(49,36,388),(50,37,301),(51,38,301),(52,39,301),(53,39,486),(56,40,301),(55,40,431),(54,40,527),(57,40,529),(58,41,451),(59,42,388),(60,43,459),(63,44,307),(64,44,314),(61,44,439),(65,44,454),(62,44,486),(67,45,313),(66,45,318),(68,46,313),(69,47,313),(70,48,313),(71,49,313),(72,50,314),(73,51,313),(74,52,313),(75,53,313),(76,54,313),(77,55,314),(78,56,314),(79,57,314),(80,58,314),(81,59,313),(82,60,313),(83,61,313),(84,62,313),(85,63,314),(86,64,314),(87,65,314),(88,66,314),(89,67,313),(90,68,313),(91,69,313),(92,70,313),(93,71,314),(94,72,314),(95,73,314),(96,74,314),(97,75,313),(98,76,313),(99,77,313),(100,78,313),(101,79,314),(102,80,314),(103,81,314),(104,82,314),(105,83,313),(106,84,313),(107,85,313),(108,86,313),(109,87,314),(110,88,314),(111,89,314),(112,90,314),(113,91,301),(114,92,301),(115,93,301),(116,94,302),(117,95,302),(118,96,302),(119,97,302),(120,98,301),(121,99,301),(122,100,301),(123,101,302),(124,102,302),(125,103,302),(126,104,302),(127,105,315),(128,106,315),(129,107,315),(130,108,315),(131,109,313),(132,110,313),(133,111,313),(134,112,313),(135,113,314),(136,114,314),(137,115,474),(138,116,474),(139,117,474),(140,118,475),(141,119,475),(142,120,475),(143,121,476),(144,122,477),(145,123,474),(146,124,474),(147,125,474),(148,126,475),(149,127,475),(150,128,475),(151,129,476),(152,130,477),(153,131,334),(154,132,334),(155,133,335),(156,134,335),(157,135,388),(158,135,400),(159,136,388),(160,136,400),(161,137,388),(162,137,400),(163,138,388),(164,138,400),(165,139,389),(166,139,400),(167,140,389),(168,140,400),(169,141,389),(170,141,400),(171,142,389),(172,142,400),(173,143,390),(174,143,400),(175,144,388),(178,144,400),(176,145,390),(177,145,400),(179,146,388),(180,146,400),(181,147,388),(182,147,400),(183,148,388),(184,148,400),(185,149,389),(186,149,400),(187,150,389),(188,150,400),(189,151,389),(190,151,400),(191,152,389),(192,152,400),(193,153,390),(194,153,400),(195,154,390),(196,154,400),(197,155,401),(198,156,401),(199,157,402),(200,158,402),(201,159,403),(202,160,403),(203,161,403),(204,162,403);
/*!40000 ALTER TABLE `app_schedule_lectureList` ENABLE KEYS */;
UNLOCK TABLES;

--
-- Table structure for table `app_schedule_tutorialList`
--

DROP TABLE IF EXISTS `app_schedule_tutorialList`;
/*!40101 SET @saved_cs_client     = @@character_set_client */;
/*!40101 SET character_set_client = utf8 */;
CREATE TABLE `app_schedule_tutorialList` (
  `id` int(11) NOT NULL AUTO_INCREMENT,
  `schedule_id` int(11) NOT NULL,
  `tutorial_id` int(11) NOT NULL,
  PRIMARY KEY (`id`),
  UNIQUE KEY `schedule_id` (`schedule_id`,`tutorial_id`),
  KEY `app_schedule_tutorialList_9bc70bb9` (`schedule_id`),
  KEY `app_schedule_tutorialList_b6fbbedb` (`tutorial_id`),
  CONSTRAINT `app_schedule_tut_tutorial_id_25c0ed7d1eac6f9c_fk_app_tutorial_id` FOREIGN KEY (`tutorial_id`) REFERENCES `app_tutorial` (`id`),
  CONSTRAINT `app_schedule_tut_schedule_id_5b0724bb3476f8fe_fk_app_schedule_id` FOREIGN KEY (`schedule_id`) REFERENCES `app_schedule` (`id`)
) ENGINE=InnoDB AUTO_INCREMENT=183 DEFAULT CHARSET=latin1;
/*!40101 SET character_set_client = @saved_cs_client */;

--
-- Dumping data for table `app_schedule_tutorialList`
--

LOCK TABLES `app_schedule_tutorialList` WRITE;
/*!40000 ALTER TABLE `app_schedule_tutorialList` DISABLE KEYS */;
INSERT INTO `app_schedule_tutorialList` VALUES (14,1,611),(4,2,394),(8,2,432),(7,2,450),(5,2,599),(6,2,613),(9,3,396),(13,3,440),(12,3,464),(10,3,606),(11,3,623),(16,10,598),(15,10,611),(22,13,619),(23,13,690),(25,14,407),(24,14,436),(26,14,598),(27,14,611),(28,21,688),(29,26,452),(30,27,452),(31,31,741),(32,32,627),(33,34,627),(34,35,627),(35,36,598),(36,37,393),(37,38,393),(38,39,393),(39,40,393),(40,42,598),(41,43,714),(42,44,407),(43,44,436),(44,44,706),(45,45,434),(46,46,432),(47,47,433),(48,48,434),(49,49,435),(50,50,438),(51,51,432),(52,52,433),(53,53,434),(54,54,435),(55,55,436),(56,56,437),(57,57,438),(58,58,439),(59,59,432),(60,60,433),(61,61,434),(62,62,435),(63,63,436),(64,64,437),(65,65,438),(66,66,439),(67,67,432),(68,68,433),(69,69,434),(70,70,435),(71,71,436),(72,72,437),(73,73,438),(74,74,439),(75,75,432),(76,76,433),(77,77,434),(78,78,435),(79,79,436),(80,80,437),(81,81,438),(82,82,439),(83,83,432),(84,84,433),(85,85,434),(86,86,435),(87,87,436),(88,88,437),(89,89,438),(90,90,439),(91,91,393),(92,92,393),(93,93,393),(94,94,394),(95,95,394),(96,96,395),(97,97,395),(98,98,393),(99,99,393),(100,100,393),(101,101,394),(102,102,394),(103,103,395),(104,104,395),(105,105,440),(106,106,441),(107,107,442),(108,108,443),(109,109,432),(110,110,433),(111,111,434),(112,112,435),(113,113,438),(114,114,439),(115,115,738),(116,116,739),(117,117,740),(118,118,741),(119,119,742),(120,120,743),(121,121,744),(122,122,745),(123,123,738),(124,124,739),(125,125,740),(126,126,741),(127,127,742),(128,128,743),(129,129,744),(130,130,745),(131,131,484),(132,132,485),(133,133,486),(134,134,487),(135,135,598),(136,135,627),(137,136,598),(138,136,628),(139,137,599),(140,137,627),(141,138,599),(142,138,628),(143,139,600),(144,139,627),(145,140,600),(146,140,628),(147,141,601),(148,141,627),(149,142,601),(150,142,628),(151,143,602),(152,143,627),(153,144,598),(156,144,627),(154,145,603),(155,145,627),(157,146,598),(158,146,628),(159,147,599),(160,147,627),(161,148,599),(162,148,628),(163,149,600),(164,149,627),(165,150,600),(166,150,628),(167,151,601),(168,151,627),(169,152,601),(170,152,628),(171,153,602),(172,153,627),(173,154,603),(174,154,627),(175,155,629),(176,156,630),(177,157,631),(178,158,632),(179,159,633),(180,160,634),(181,161,635),(182,162,636);
/*!40000 ALTER TABLE `app_schedule_tutorialList` ENABLE KEYS */;
UNLOCK TABLES;

--
-- Table structure for table `app_student`
--

DROP TABLE IF EXISTS `app_student`;
/*!40101 SET @saved_cs_client     = @@character_set_client */;
/*!40101 SET character_set_client = utf8 */;
CREATE TABLE `app_student` (
  `id` int(11) NOT NULL AUTO_INCREMENT,
  `homephone` varchar(15),
  `cellphone` varchar(15),
  `address` varchar(120) NOT NULL,
  `IDNumber` int(11) NOT NULL,
  `academicRecord_id` int(11) DEFAULT NULL,
  `user_id` int(11) NOT NULL,
  PRIMARY KEY (`id`),
  UNIQUE KEY `user_id` (`user_id`),
  UNIQUE KEY `academicRecord_id` (`academicRecord_id`),
  CONSTRAINT `app_student_user_id_448dcbd68c3e33d5_fk_auth_user_id` FOREIGN KEY (`user_id`) REFERENCES `auth_user` (`id`),
  CONSTRAINT `app_s_academicRecord_id_3d71955252fdb3b0_fk_app_studentrecord_id` FOREIGN KEY (`academicRecord_id`) REFERENCES `app_studentrecord` (`id`)
) ENGINE=InnoDB AUTO_INCREMENT=15 DEFAULT CHARSET=latin1;
/*!40101 SET character_set_client = @saved_cs_client */;

--
-- Dumping data for table `app_student`
--

LOCK TABLES `app_student` WRITE;
/*!40000 ALTER TABLE `app_student` DISABLE KEYS */;
INSERT INTO `app_student` VALUES (1,'0','0','',0,1,3),(2,'514','514','256 Memory Lanes',0,2,4),(3,'0','0','',0,3,5),(4,'5147546960','5144420612','375 Marcel Lauren',0,4,6),(5,'000000000','5143339999','100 Bishop',1130745,5,7),(6,'+1-XXX-XXX-XXXX','XXX-XXX-XXXX','',32434242,6,10),(7,'+1-XXX-XXX-XXXX','XXX-XXX-XXXX','',1234567,7,11),(8,'+1-XXX-XXX-XXXX','XXX-XXX-XXXX','',1234567,8,12),(9,'+1-XXX-XXX-XXXX','XXX-XXX-XXXX','',1111111,9,13),(10,'+1-514-321-4321','XXX-XXX-XXXX','',1234567,10,14),(11,'+1-XXX-XXX-XXXX','XXX-XXX-XXXX','',6984886,11,15),(12,'+1-XXX-XXX-XXXX','XXX-XXX-XXXX','',2929292,12,16),(13,'+1-XXX-XXX-XXXX','XXX-XXX-XXXX','',2222222,13,18),(14,'+1-XXX-XXX-XXXX','XXX-XXX-XXXX','',1234567,14,19);
/*!40000 ALTER TABLE `app_student` ENABLE KEYS */;
UNLOCK TABLES;

--
-- Table structure for table `app_studentrecord`
--

DROP TABLE IF EXISTS `app_studentrecord`;
/*!40101 SET @saved_cs_client     = @@character_set_client */;
/*!40101 SET character_set_client = utf8 */;
CREATE TABLE `app_studentrecord` (
  `id` int(11) NOT NULL AUTO_INCREMENT,
  `GPA` double NOT NULL,
  `currentStanding` varchar(120) NOT NULL,
  `currentCredits` double NOT NULL,
  `remainingCredits` double NOT NULL,
  `academicProgram_id` int(11) DEFAULT NULL,
  `mainSchedule_id` int(11) DEFAULT NULL,
  PRIMARY KEY (`id`),
  KEY `app_studentrecord_5f4ad74d` (`academicProgram_id`),
  KEY `app_studentrecord_d09c72f3` (`mainSchedule_id`),
  CONSTRAINT `app_studentr_mainSchedule_id_7fa2e91e7106c2e2_fk_app_schedule_id` FOREIGN KEY (`mainSchedule_id`) REFERENCES `app_schedule` (`id`),
  CONSTRAINT `ap_academicProgram_id_5e0e9298e3bf5e21_fk_app_academicprogram_id` FOREIGN KEY (`academicProgram_id`) REFERENCES `app_academicprogram` (`id`)
) ENGINE=InnoDB AUTO_INCREMENT=15 DEFAULT CHARSET=latin1;
/*!40101 SET character_set_client = @saved_cs_client */;

--
-- Dumping data for table `app_studentrecord`
--

LOCK TABLES `app_studentrecord` WRITE;
/*!40000 ALTER TABLE `app_studentrecord` DISABLE KEYS */;
INSERT INTO `app_studentrecord` VALUES (1,4,'Good',0,120,NULL,NULL),(2,4,'Good',0,120,NULL,10),(3,4,'Good',5,115,NULL,45),(4,4,'Good',0,120,NULL,NULL),(5,4,'Good',0,120,NULL,14),(6,4,'Good',0,120,NULL,13),(7,4,'Good',0,120,NULL,NULL),(8,4,'Good',0,120,NULL,NULL),(9,4,'Good',0,120,NULL,NULL),(10,4,'Good',0,120,NULL,NULL),(11,4,'Good',0,120,NULL,NULL),(12,4,'Good',0,120,NULL,NULL),(13,4,'Good',0,120,NULL,NULL),(14,4,'Good',0,120,NULL,NULL);
/*!40000 ALTER TABLE `app_studentrecord` ENABLE KEYS */;
UNLOCK TABLES;

--
-- Table structure for table `app_studentrecord_coursesTaken`
--

DROP TABLE IF EXISTS `app_studentrecord_coursesTaken`;
/*!40101 SET @saved_cs_client     = @@character_set_client */;
/*!40101 SET character_set_client = utf8 */;
CREATE TABLE `app_studentrecord_coursesTaken` (
  `id` int(11) NOT NULL AUTO_INCREMENT,
  `studentrecord_id` int(11) NOT NULL,
  `course_id` varchar(120) NOT NULL,
  PRIMARY KEY (`id`),
  UNIQUE KEY `studentrecord_id` (`studentrecord_id`,`course_id`),
  KEY `app_studentrecord_coursesTaken_e2d76079` (`studentrecord_id`),
  KEY `app_studentrecord_coursesTaken_ea134da7` (`course_id`),
  CONSTRAINT `app_studentreco_course_id_2fcb022bb92ee3fb_fk_app_course_deptnum` FOREIGN KEY (`course_id`) REFERENCES `app_course` (`deptnum`),
  CONSTRAINT `app_stu_studentrecord_id_b295aacd52f3b9e_fk_app_studentrecord_id` FOREIGN KEY (`studentrecord_id`) REFERENCES `app_studentrecord` (`id`)
) ENGINE=InnoDB AUTO_INCREMENT=4 DEFAULT CHARSET=latin1;
/*!40101 SET character_set_client = @saved_cs_client */;

--
-- Dumping data for table `app_studentrecord_coursesTaken`
--

LOCK TABLES `app_studentrecord_coursesTaken` WRITE;
/*!40000 ALTER TABLE `app_studentrecord_coursesTaken` DISABLE KEYS */;
INSERT INTO `app_studentrecord_coursesTaken` VALUES (2,3,'ELEC275'),(3,3,'ENGR201'),(1,3,'ENGR213');
/*!40000 ALTER TABLE `app_studentrecord_coursesTaken` ENABLE KEYS */;
UNLOCK TABLES;

--
-- Table structure for table `app_studentrecord_registeredCourses`
--

DROP TABLE IF EXISTS `app_studentrecord_registeredCourses`;
/*!40101 SET @saved_cs_client     = @@character_set_client */;
/*!40101 SET character_set_client = utf8 */;
CREATE TABLE `app_studentrecord_registeredCourses` (
  `id` int(11) NOT NULL AUTO_INCREMENT,
  `studentrecord_id` int(11) NOT NULL,
  `course_id` varchar(120) NOT NULL,
  PRIMARY KEY (`id`),
  UNIQUE KEY `studentrecord_id` (`studentrecord_id`,`course_id`),
  KEY `app_studentrecord_registeredCourses_e2d76079` (`studentrecord_id`),
  KEY `app_studentrecord_registeredCourses_ea134da7` (`course_id`),
  CONSTRAINT `app_studentreco_course_id_3b8ee8d2001decb6_fk_app_course_deptnum` FOREIGN KEY (`course_id`) REFERENCES `app_course` (`deptnum`),
  CONSTRAINT `app_st_studentrecord_id_24314a55b26ae913_fk_app_studentrecord_id` FOREIGN KEY (`studentrecord_id`) REFERENCES `app_studentrecord` (`id`)
) ENGINE=InnoDB DEFAULT CHARSET=latin1;
/*!40101 SET character_set_client = @saved_cs_client */;

--
-- Dumping data for table `app_studentrecord_registeredCourses`
--

LOCK TABLES `app_studentrecord_registeredCourses` WRITE;
/*!40000 ALTER TABLE `app_studentrecord_registeredCourses` DISABLE KEYS */;
/*!40000 ALTER TABLE `app_studentrecord_registeredCourses` ENABLE KEYS */;
UNLOCK TABLES;

--
-- Table structure for table `app_studentrecord_scheduleCache`
--

DROP TABLE IF EXISTS `app_studentrecord_scheduleCache`;
/*!40101 SET @saved_cs_client     = @@character_set_client */;
/*!40101 SET character_set_client = utf8 */;
CREATE TABLE `app_studentrecord_scheduleCache` (
  `id` int(11) NOT NULL AUTO_INCREMENT,
  `studentrecord_id` int(11) NOT NULL,
  `schedule_id` int(11) NOT NULL,
  PRIMARY KEY (`id`),
  UNIQUE KEY `studentrecord_id` (`studentrecord_id`,`schedule_id`),
  KEY `app_studentrecord_scheduleCache_e2d76079` (`studentrecord_id`),
  KEY `app_studentrecord_scheduleCache_9bc70bb9` (`schedule_id`),
  CONSTRAINT `app_studentrecord_schedule_id_eb83414a8f18fe9_fk_app_schedule_id` FOREIGN KEY (`schedule_id`) REFERENCES `app_schedule` (`id`),
  CONSTRAINT `app_st_studentrecord_id_768407eeb8f12427_fk_app_studentrecord_id` FOREIGN KEY (`studentrecord_id`) REFERENCES `app_studentrecord` (`id`)
) ENGINE=InnoDB AUTO_INCREMENT=61 DEFAULT CHARSET=latin1;
/*!40101 SET character_set_client = @saved_cs_client */;

--
-- Dumping data for table `app_studentrecord_scheduleCache`
--

LOCK TABLES `app_studentrecord_scheduleCache` WRITE;
/*!40000 ALTER TABLE `app_studentrecord_scheduleCache` DISABLE KEYS */;
INSERT INTO `app_studentrecord_scheduleCache` VALUES (8,2,46),(9,2,47),(10,2,48),(11,2,49),(12,2,50),(33,2,135),(34,2,136),(35,2,137),(36,2,138),(37,2,139),(38,2,140),(39,2,141),(40,2,142),(41,2,143),(43,2,144),(42,2,145),(44,2,146),(45,2,147),(46,2,148),(47,2,149),(48,2,150),(49,2,151),(50,2,152),(51,2,153),(52,2,154),(53,2,155),(54,2,156),(55,2,157),(56,2,158),(57,2,159),(58,2,160),(59,2,161),(60,2,162),(3,7,41),(13,10,115),(14,10,116),(15,10,117),(16,10,118),(17,10,119),(18,10,120),(19,10,121),(20,10,122),(21,10,123),(22,10,124),(23,10,125),(24,10,126),(25,10,127),(26,10,128),(27,10,129),(28,10,130),(29,10,131),(30,10,132),(31,10,133),(32,10,134),(1,12,39),(2,12,40),(6,12,44),(4,13,42),(5,13,43);
/*!40000 ALTER TABLE `app_studentrecord_scheduleCache` ENABLE KEYS */;
UNLOCK TABLES;

--
-- Table structure for table `app_tutorial`
--

DROP TABLE IF EXISTS `app_tutorial`;
/*!40101 SET @saved_cs_client     = @@character_set_client */;
/*!40101 SET character_set_client = utf8 */;
CREATE TABLE `app_tutorial` (
  `id` int(11) NOT NULL AUTO_INCREMENT,
  `section` varchar(120) NOT NULL,
  `course_id` varchar(120) DEFAULT NULL,
  `event_id` int(11) DEFAULT NULL,
  `lecture_id` int(11) DEFAULT NULL,
  PRIMARY KEY (`id`),
  UNIQUE KEY `event_id` (`event_id`),
  UNIQUE KEY `app_tutorial_section_63e07094458eb625_uniq` (`section`,`course_id`,`lecture_id`),
  KEY `app_tutorial_ea134da7` (`course_id`),
  KEY `app_tutorial_72a11f01` (`lecture_id`),
  CONSTRAINT `app_tutorial_lecture_id_179fc8f31b2578dc_fk_app_lecture_id` FOREIGN KEY (`lecture_id`) REFERENCES `app_lecture` (`id`),
  CONSTRAINT `app_tutorial_course_id_49ec9ddbe6beb27d_fk_app_course_deptnum` FOREIGN KEY (`course_id`) REFERENCES `app_course` (`deptnum`),
  CONSTRAINT `app_tutorial_event_id_75fe3c5360874dec_fk_app_event_id` FOREIGN KEY (`event_id`) REFERENCES `app_event` (`id`)
) ENGINE=InnoDB AUTO_INCREMENT=782 DEFAULT CHARSET=latin1;
/*!40101 SET character_set_client = @saved_cs_client */;

--
-- Dumping data for table `app_tutorial`
--

LOCK TABLES `app_tutorial` WRITE;
/*!40000 ALTER TABLE `app_tutorial` DISABLE KEYS */;
INSERT INTO `app_tutorial` VALUES (391,'CE','ELEC275',836,300),(392,'CF','ELEC275',839,300),(393,'TA','ELEC275',843,301),(394,'VA','ELEC275',848,302),(395,'VB','ELEC275',851,302),(396,'JA','ELEC275',855,303),(397,'JB','ELEC275',859,303),(398,'AI','ENCS282',864,304),(399,'AJ','ENCS282',865,304),(400,'AK','ENCS282',866,304),(401,'AL','ENCS282',868,305),(402,'AM','ENCS282',869,305),(403,'AN','ENCS282',870,305),(404,'CM','ENCS282',872,306),(405,'CN','ENCS282',873,306),(406,'CO','ENCS282',874,306),(407,'AL','ENCS282',876,307),(408,'AM','ENCS282',877,307),(409,'AN','ENCS282',878,307),(410,'AO','ENCS282',879,307),(411,'BA','ENCS282',881,308),(412,'BB','ENCS282',882,308),(413,'BC','ENCS282',883,308),(414,'BD','ENCS282',884,308),(415,'BN','ENCS282',886,309),(416,'BO','ENCS282',887,309),(417,'BP','ENCS282',888,309),(418,'BQ','ENCS282',889,309),(419,'YA','ENCS282',891,310),(420,'YB','ENCS282',892,310),(421,'YC','ENCS282',893,310),(422,'YD','ENCS282',894,310),(423,'EN','ENCS282',896,311),(424,'EO','ENCS282',897,311),(425,'EP','ENCS282',898,311),(426,'EQ','ENCS282',899,311),(427,'ER','ENCS282',900,311),(428,'AB','ENGR201',902,312),(429,'AC','ENGR201',903,312),(430,'AD','ENGR201',904,312),(431,'AF','ENGR201',905,312),(432,'GA','ENGR201',907,313),(433,'GB','ENGR201',908,313),(434,'GC','ENGR201',909,313),(435,'GD','ENGR201',910,313),(436,'HA','ENGR201',912,314),(437,'HB','ENGR201',913,314),(438,'HC','ENGR201',914,314),(439,'HD','ENGR201',915,314),(440,'QA','ENGR201',917,315),(441,'QB','ENGR201',918,315),(442,'QE','ENGR201',919,315),(443,'QF','ENGR201',920,315),(444,'EA','ENGR201',922,316),(445,'EB','ENGR201',923,316),(446,'EC','ENGR201',924,316),(447,'ED','ENGR201',925,316),(448,'AE','ENGR213',932,322),(449,'AF','ENGR213',933,322),(450,'PA','ENGR213',935,323),(451,'PB','ENGR213',936,323),(452,'RA','ENGR213',938,324),(453,'RB','ENGR213',939,324),(454,'TA','ENGR213',941,325),(455,'TB','ENGR213',942,325),(456,'UA','ENGR213',944,326),(457,'UB','ENGR213',945,326),(458,'VA','ENGR213',947,327),(459,'VB','ENGR213',948,327),(460,'XA','ENGR213',950,328),(461,'XB','ENGR213',951,328),(462,'XE','ENGR213',953,329),(463,'XF','ENGR213',954,329),(464,'FA','ENGR213',956,330),(465,'FB','ENGR213',957,330),(466,'FC','ENGR213',958,330),(467,'FD','ENGR213',959,330),(468,'FE','ENGR213',960,330),(469,'GA','ENGR213',962,331),(470,'GB','ENGR213',963,331),(471,'GC','ENGR213',964,331),(472,'GD','ENGR213',965,331),(473,'GE','ENGR213',966,331),(474,'GF','ENGR213',967,331),(475,'JA','ENGR213',969,332),(476,'JB','ENGR213',970,332),(477,'JC','ENGR213',971,332),(478,'JD','ENGR213',972,332),(479,'CD','ENGR233',974,333),(480,'CE','ENGR233',975,333),(481,'CF','ENGR233',976,333),(482,'CG','ENGR233',977,333),(483,'CH','ENGR233',978,333),(484,'PA','ENGR233',980,334),(485,'PB','ENGR233',981,334),(486,'QA','ENGR233',983,335),(487,'QB','ENGR233',984,335),(488,'JA','ENGR233',986,336),(489,'JB','ENGR233',987,336),(490,'JC','ENGR233',988,336),(491,'RA','ENGR233',990,337),(492,'RB','ENGR233',991,337),(493,'RC','ENGR233',992,337),(494,'SA','ENGR233',994,338),(495,'SB','ENGR233',995,338),(496,'SC','ENGR233',996,338),(497,'TA','ENGR233',998,339),(498,'TB','ENGR233',999,339),(499,'TC','ENGR233',1000,339),(500,'UA','ENGR233',1002,340),(501,'UB','ENGR233',1003,340),(502,'UC','ENGR233',1004,340),(503,'VA','ENGR233',1006,341),(504,'VB','ENGR233',1007,341),(505,'VC','ENGR233',1008,341),(506,'XA','ENGR233',1010,342),(507,'XB','ENGR233',1011,342),(508,'XC','ENGR233',1012,342),(509,'AE','ENGR301',1014,343),(510,'AF','ENGR301',1015,343),(511,'AG','ENGR301',1016,343),(512,'AH','ENGR301',1017,343),(513,'AI','ENGR301',1019,344),(514,'AJ','ENGR301',1020,344),(515,'AK','ENGR301',1021,344),(516,'AL','ENGR301',1022,344),(517,'GA','ENGR301',1024,345),(518,'GB','ENGR301',1025,345),(519,'GC','ENGR301',1026,345),(520,'GD','ENGR301',1027,345),(521,'HA','ENGR301',1029,346),(522,'HB','ENGR301',1030,346),(523,'HC','ENGR301',1031,346),(524,'HD','ENGR301',1032,346),(525,'FA','ENGR301',1034,347),(526,'FB','ENGR301',1035,347),(527,'FC','ENGR301',1036,347),(528,'FD','ENGR301',1037,347),(529,'IA','ENGR301',1039,348),(530,'IB','ENGR301',1040,348),(531,'IC','ENGR301',1041,348),(532,'ID','ENGR301',1042,348),(533,'RA','ENGR301',1044,349),(534,'RB','ENGR301',1045,349),(535,'RC','ENGR301',1046,349),(536,'RD','ENGR301',1047,349),(537,'SA','ENGR301',1049,350),(538,'SB','ENGR301',1050,350),(539,'SC','ENGR301',1051,350),(540,'SD','ENGR301',1052,350),(541,'CE','ENGR371',1054,351),(542,'CF','ENGR371',1055,351),(543,'CG','ENGR371',1056,351),(544,'CE','ENGR371',1058,352),(545,'CF','ENGR371',1059,352),(546,'CG','ENGR371',1060,352),(547,'RA','ENGR371',1062,353),(548,'RB','ENGR371',1063,353),(549,'SA','ENGR371',1065,354),(550,'SB','ENGR371',1066,354),(551,'FA','ENGR371',1068,355),(552,'FB','ENGR371',1069,355),(553,'TA','ENGR371',1071,356),(554,'TB','ENGR371',1072,356),(555,'WA','ENGR371',1074,357),(556,'WB','ENGR371',1075,357),(557,'UA','ENGR371',1077,358),(558,'UB','ENGR371',1078,358),(559,'HA','SOEN228',1089,368),(560,'HB','SOEN228',1092,368),(561,'HC','SOEN228',1095,368),(562,'DA','SOEN228',1099,369),(563,'DB','SOEN228',1102,369),(564,'CE','SOEN287',1107,370),(565,'CF','SOEN287',1108,370),(566,'QA','SOEN287',1110,371),(567,'QB','SOEN287',1111,371),(568,'SA','SOEN287',1113,372),(569,'SB','SOEN287',1114,372),(570,'UA','SOEN287',1116,373),(571,'UB','SOEN287',1117,373),(572,'UC','SOEN287',1118,373),(573,'UD','SOEN287',1119,373),(574,'GA','SOEN321',1121,374),(575,'GB','SOEN321',1122,374),(576,'UA','SOEN331',1124,375),(577,'UB','SOEN331',1125,375),(578,'HA','SOEN341',1127,376),(579,'HB','SOEN341',1128,376),(580,'SA','SOEN341',1130,377),(581,'SB','SOEN341',1131,377),(582,'SC','SOEN341',1132,377),(583,'HA','SOEN342',1134,378),(584,'HB','SOEN342',1135,378),(585,'HA','SOEN343',1137,379),(586,'HB','SOEN343',1138,379),(587,'SA','SOEN344',1140,380),(588,'SA','SOEN345',1142,381),(589,'SB','SOEN345',1143,381),(590,'SA','SOEN357',1145,382),(591,'FA','SOEN384',1147,383),(592,'SA','SOEN385',1149,384),(593,'SB','SOEN385',1150,384),(594,'SC','SOEN385',1151,384),(595,'SA','SOEN390',1153,385),(596,'SB','SOEN390',1155,385),(597,'AE','COMP232',1161,387),(598,'QA','COMP232',1163,388),(599,'QB','COMP232',1164,388),(600,'RA','COMP232',1166,389),(601,'RB','COMP232',1167,389),(602,'DA','COMP232',1169,390),(603,'DB','COMP232',1170,390),(604,'SA','COMP232',1172,391),(605,'SB','COMP232',1173,391),(606,'NA','COMP232',1175,392),(607,'NB','COMP232',1176,392),(608,'AE','COMP248',1178,393),(609,'AF','COMP248',1179,393),(610,'AG','COMP248',1180,393),(611,'QA','COMP248',1182,394),(612,'QB','COMP248',1183,394),(613,'QC','COMP248',1184,394),(614,'QD','COMP248',1185,394),(615,'RA','COMP248',1187,395),(616,'RB','COMP248',1188,395),(617,'RC','COMP248',1189,395),(618,'EA','COMP248',1191,396),(619,'EB','COMP248',1192,396),(620,'EC','COMP248',1193,396),(621,'UA','COMP248',1195,397),(622,'UB','COMP248',1196,397),(623,'WA','COMP248',1198,398),(624,'WB','COMP248',1199,398),(625,'CE','COMP249',1201,399),(626,'CF','COMP249',1202,399),(627,'DA','COMP249',1204,400),(628,'DB','COMP249',1205,400),(629,'SA','COMP249',1207,401),(630,'SB','COMP249',1208,401),(631,'UA','COMP249',1210,402),(632,'UB','COMP249',1211,402),(633,'PA','COMP249',1213,403),(634,'PB','COMP249',1214,403),(635,'PC','COMP249',1215,403),(636,'PD','COMP249',1216,403),(637,'AE','COMP335',1218,404),(638,'AF','COMP335',1219,404),(639,'EA','COMP335',1221,405),(640,'EB','COMP335',1222,405),(641,'GA','COMP335',1224,406),(642,'NA','COMP335',1226,407),(643,'CA','COMP346',1228,408),(644,'CB','COMP346',1230,408),(645,'DA','COMP346',1233,409),(646,'DB','COMP346',1235,409),(647,'NA','COMP346',1238,410),(648,'NB','COMP346',1240,410),(649,'WA','COMP346',1243,411),(650,'WB','COMP346',1245,411),(651,'CE','COMP348',1248,412),(652,'CF','COMP348',1249,412),(653,'CG','COMP348',1250,412),(654,'UA','COMP348',1252,413),(655,'UB','COMP348',1253,413),(656,'DA','COMP348',1255,414),(657,'DB','COMP348',1256,414),(658,'EI','COMP348',1258,415),(659,'EJ','COMP348',1259,415),(660,'AE','COMP352',1261,416),(661,'AF','COMP352',1262,416),(662,'GA','COMP352',1264,417),(663,'GB','COMP352',1265,417),(664,'GC','COMP352',1266,417),(665,'HA','COMP352',1268,418),(666,'HB','COMP352',1269,418),(667,'XA','COMP352',1271,419),(668,'XB','COMP352',1272,419),(669,'AE','ENGR391',1274,420),(670,'AF','ENGR391',1275,420),(671,'CE','ENGR391',1277,421),(672,'CF','ENGR391',1278,421),(673,'FA','ENGR391',1280,422),(674,'FB','ENGR391',1281,422),(675,'MA','ENGR391',1283,423),(676,'MB','ENGR391',1284,423),(677,'MC','ENGR391',1285,423),(678,'SA','ENGR391',1287,424),(679,'SB','ENGR391',1288,424),(680,'VA','ENGR391',1290,425),(681,'VB','ENGR391',1291,425),(682,'XA','ENGR391',1293,426),(683,'XB','ENGR391',1294,426),(684,'UA','ENGR391',1296,427),(685,'UB','ENGR391',1297,427),(686,'DA','COMP361',1299,428),(687,'NA','COMP361',1301,429),(688,'01','BIOL261',1306,433),(689,'02','BIOL261',1307,433),(690,'03','BIOL261',1308,433),(691,'04','BIOL261',1309,433),(692,'05','BIOL261',1310,433),(693,'06','BIOL261',1311,433),(694,'07','BIOL261',1312,433),(695,'08','BIOL261',1313,433),(696,'01','BIOL261',1315,434),(697,'02','BIOL261',1316,434),(698,'03','BIOL261',1317,434),(699,'04','BIOL261',1318,434),(700,'05','BIOL261',1319,434),(701,'06','BIOL261',1320,434),(702,'07','BIOL261',1322,435),(703,'08','BIOL261',1323,435),(704,'09','BIOL261',1324,435),(705,'10','BIOL261',1325,435),(706,'A','ANTH202',1389,454),(707,'B','ANTH202',1390,454),(708,'C','ANTH202',1391,454),(709,'D','ANTH202',1392,454),(710,'E','ANTH202',1393,454),(711,'F','ANTH202',1394,454),(712,'G','ANTH202',1395,454),(713,'H','ANTH202',1396,454),(714,'A','ECON201',1402,459),(715,'B','ECON201',1403,459),(716,'C','ECON201',1404,459),(717,'A','ECON201',1406,460),(718,'B','ECON201',1407,460),(719,'C','ECON201',1408,460),(720,'A','ECON201',1410,461),(721,'B','ECON201',1411,461),(722,'C','ECON201',1412,461),(723,'A','ECON201',1414,462),(724,'B','ECON201',1415,462),(725,'C','ECON201',1416,462),(726,'A','ECON201',1418,463),(727,'A','ECON201',1420,464),(728,'A','ECON201',1423,466),(729,'B','ECON201',1424,466),(730,'C','ECON201',1425,466),(731,'A','ECON201',1427,467),(732,'B','ECON201',1428,467),(733,'C','ECON201',1429,467),(734,'A','ECON201',1431,468),(735,'A','ECON201',1433,469),(736,'A','ECON201',1435,470),(737,'A','ECON201',1437,471),(738,'A','ECON203',1441,474),(739,'B','ECON203',1442,474),(740,'C','ECON203',1443,474),(741,'A','ECON203',1445,475),(742,'B','ECON203',1446,475),(743,'C','ECON203',1447,475),(744,'A','ECON203',1449,476),(745,'A','ECON203',1451,477),(746,'A','ECON203',1454,479),(747,'B','ECON203',1455,479),(748,'C','ECON203',1456,479),(749,'A','ECON203',1458,480),(750,'B','ECON203',1459,480),(751,'C','ECON203',1460,480),(752,'A','ECON203',1462,481),(753,'B','ECON203',1463,481),(754,'C','ECON203',1464,481),(755,'A','ECON203',1466,482),(756,'A','ECON203',1468,483),(757,'A','SOCI203',1503,517),(758,'B','SOCI203',1504,517),(759,'C','SOCI203',1505,517),(760,'D','SOCI203',1506,517),(761,'E','SOCI203',1507,517),(762,'F','SOCI203',1508,517),(763,'G','SOCI203',1509,517),(764,'H','SOCI203',1510,517),(765,'I','SOCI203',1511,517),(766,'J','SOCI203',1512,517),(767,'K','SOCI203',1513,517),(768,'L','SOCI203',1514,517),(769,'CE','COMP353',1570,566),(770,'FA','COMP353',1574,567),(771,'WA','COMP353',1578,568),(772,'WB','COMP353',1580,568),(773,'FA','COMP428',1596,573),(774,'FB','COMP428',1598,573),(775,'NA','COMP465',1610,577),(776,'ME','SOEN422',1636,585),(777,'HA','SOEN423',1640,586),(778,'FA','SOEN387',1663,596),(779,'FB','SOEN387',1664,596),(780,'NA','SOEN487',1666,597),(781,'SA','COEN320',1677,599);
/*!40000 ALTER TABLE `app_tutorial` ENABLE KEYS */;
UNLOCK TABLES;

--
-- Table structure for table `auth_group`
--

DROP TABLE IF EXISTS `auth_group`;
/*!40101 SET @saved_cs_client     = @@character_set_client */;
/*!40101 SET character_set_client = utf8 */;
CREATE TABLE `auth_group` (
  `id` int(11) NOT NULL AUTO_INCREMENT,
  `name` varchar(80) NOT NULL,
  PRIMARY KEY (`id`),
  UNIQUE KEY `name` (`name`)
) ENGINE=InnoDB DEFAULT CHARSET=latin1;
/*!40101 SET character_set_client = @saved_cs_client */;

--
-- Dumping data for table `auth_group`
--

LOCK TABLES `auth_group` WRITE;
/*!40000 ALTER TABLE `auth_group` DISABLE KEYS */;
/*!40000 ALTER TABLE `auth_group` ENABLE KEYS */;
UNLOCK TABLES;

--
-- Table structure for table `auth_group_permissions`
--

DROP TABLE IF EXISTS `auth_group_permissions`;
/*!40101 SET @saved_cs_client     = @@character_set_client */;
/*!40101 SET character_set_client = utf8 */;
CREATE TABLE `auth_group_permissions` (
  `id` int(11) NOT NULL AUTO_INCREMENT,
  `group_id` int(11) NOT NULL,
  `permission_id` int(11) NOT NULL,
  PRIMARY KEY (`id`),
  UNIQUE KEY `group_id` (`group_id`,`permission_id`),
  KEY `auth_group_permissions_0e939a4f` (`group_id`),
  KEY `auth_group_permissions_8373b171` (`permission_id`),
  CONSTRAINT `auth_group_p_permission_id_5ad026a5d9deef9_fk_auth_permission_id` FOREIGN KEY (`permission_id`) REFERENCES `auth_permission` (`id`),
  CONSTRAINT `auth_group_permission_group_id_6f02d62fc6a877ba_fk_auth_group_id` FOREIGN KEY (`group_id`) REFERENCES `auth_group` (`id`)
) ENGINE=InnoDB DEFAULT CHARSET=latin1;
/*!40101 SET character_set_client = @saved_cs_client */;

--
-- Dumping data for table `auth_group_permissions`
--

LOCK TABLES `auth_group_permissions` WRITE;
/*!40000 ALTER TABLE `auth_group_permissions` DISABLE KEYS */;
/*!40000 ALTER TABLE `auth_group_permissions` ENABLE KEYS */;
UNLOCK TABLES;

--
-- Table structure for table `auth_permission`
--

DROP TABLE IF EXISTS `auth_permission`;
/*!40101 SET @saved_cs_client     = @@character_set_client */;
/*!40101 SET character_set_client = utf8 */;
CREATE TABLE `auth_permission` (
  `id` int(11) NOT NULL AUTO_INCREMENT,
  `name` varchar(50) NOT NULL,
  `content_type_id` int(11) NOT NULL,
  `codename` varchar(100) NOT NULL,
  PRIMARY KEY (`id`),
  UNIQUE KEY `content_type_id` (`content_type_id`,`codename`),
  KEY `auth_permission_417f1b1c` (`content_type_id`),
  CONSTRAINT `auth__content_type_id_51708a357086f8b0_fk_django_content_type_id` FOREIGN KEY (`content_type_id`) REFERENCES `django_content_type` (`id`)
) ENGINE=InnoDB AUTO_INCREMENT=55 DEFAULT CHARSET=latin1;
/*!40101 SET character_set_client = @saved_cs_client */;

--
-- Dumping data for table `auth_permission`
--

LOCK TABLES `auth_permission` WRITE;
/*!40000 ALTER TABLE `auth_permission` DISABLE KEYS */;
INSERT INTO `auth_permission` VALUES (1,'Can add log entry',1,'add_logentry'),(2,'Can change log entry',1,'change_logentry'),(3,'Can delete log entry',1,'delete_logentry'),(4,'Can add permission',2,'add_permission'),(5,'Can change permission',2,'change_permission'),(6,'Can delete permission',2,'delete_permission'),(7,'Can add group',3,'add_group'),(8,'Can change group',3,'change_group'),(9,'Can delete group',3,'delete_group'),(10,'Can add user',4,'add_user'),(11,'Can change user',4,'change_user'),(12,'Can delete user',4,'delete_user'),(13,'Can add content type',5,'add_contenttype'),(14,'Can change content type',5,'change_contenttype'),(15,'Can delete content type',5,'delete_contenttype'),(16,'Can add session',6,'add_session'),(17,'Can change session',6,'change_session'),(18,'Can delete session',6,'delete_session'),(19,'Can add course',7,'add_course'),(20,'Can change course',7,'change_course'),(21,'Can delete course',7,'delete_course'),(22,'Can add academic program',8,'add_academicprogram'),(23,'Can change academic program',8,'change_academicprogram'),(24,'Can delete academic program',8,'delete_academicprogram'),(25,'Can add option',9,'add_option'),(26,'Can change option',9,'change_option'),(27,'Can delete option',9,'delete_option'),(28,'Can add event',10,'add_event'),(29,'Can change event',10,'change_event'),(30,'Can delete event',10,'delete_event'),(31,'Can add lecture',11,'add_lecture'),(32,'Can change lecture',11,'change_lecture'),(33,'Can delete lecture',11,'delete_lecture'),(34,'Can add tutorial',12,'add_tutorial'),(35,'Can change tutorial',12,'change_tutorial'),(36,'Can delete tutorial',12,'delete_tutorial'),(37,'Can add lab',13,'add_lab'),(38,'Can change lab',13,'change_lab'),(39,'Can delete lab',13,'delete_lab'),(40,'Can add schedule',14,'add_schedule'),(41,'Can change schedule',14,'change_schedule'),(42,'Can delete schedule',14,'delete_schedule'),(43,'Can add program director',15,'add_programdirector'),(44,'Can change program director',15,'change_programdirector'),(45,'Can delete program director',15,'delete_programdirector'),(46,'Can add professor',16,'add_professor'),(47,'Can change professor',16,'change_professor'),(48,'Can delete professor',16,'delete_professor'),(49,'Can add student record',17,'add_studentrecord'),(50,'Can change student record',17,'change_studentrecord'),(51,'Can delete student record',17,'delete_studentrecord'),(52,'Can add student',18,'add_student'),(53,'Can change student',18,'change_student'),(54,'Can delete student',18,'delete_student');
/*!40000 ALTER TABLE `auth_permission` ENABLE KEYS */;
UNLOCK TABLES;

--
-- Table structure for table `auth_user`
--

DROP TABLE IF EXISTS `auth_user`;
/*!40101 SET @saved_cs_client     = @@character_set_client */;
/*!40101 SET character_set_client = utf8 */;
CREATE TABLE `auth_user` (
  `id` int(11) NOT NULL AUTO_INCREMENT,
  `password` varchar(128) NOT NULL,
  `last_login` datetime NOT NULL,
  `is_superuser` tinyint(1) NOT NULL,
  `username` varchar(30) NOT NULL,
  `first_name` varchar(30) NOT NULL,
  `last_name` varchar(30) NOT NULL,
  `email` varchar(75) NOT NULL,
  `is_staff` tinyint(1) NOT NULL,
  `is_active` tinyint(1) NOT NULL,
  `date_joined` datetime NOT NULL,
  PRIMARY KEY (`id`),
  UNIQUE KEY `username` (`username`)
) ENGINE=InnoDB AUTO_INCREMENT=20 DEFAULT CHARSET=latin1;
/*!40101 SET character_set_client = @saved_cs_client */;

--
-- Dumping data for table `auth_user`
--

LOCK TABLES `auth_user` WRITE;
/*!40000 ALTER TABLE `auth_user` DISABLE KEYS */;
INSERT INTO `auth_user` VALUES (1,'pbkdf2_sha256$12000$A8Uscyhrmapg$QqLDjprrdZs55+VoTsPsskGaem01WnzGrVWw9dWMgLc=','2015-04-13 04:35:54',1,'foxtrot','','','sniperjefz@hotmail.com',1,1,'2015-03-30 00:43:50'),(2,'pbkdf2_sha256$12000$X8VCucCCKFqF$Fp00jfUGpvp7oUH4CkJK3XbiqFQwaSdGI48QTJZgLNA=','2015-04-13 00:02:49',1,'root','','','',1,1,'2015-03-30 00:44:05'),(3,'pbkdf2_sha256$15000$hQ7tRn5blnrs$YP2VlxRc5kfqgVMvTZcM0OjZwFePI+vpS03BN2dROLY=','2015-04-03 01:41:51',0,'testy@coen.com','John','Doe','testy@coen.com',0,1,'2015-04-03 01:41:39'),(4,'pbkdf2_sha256$15000$8ugieo8jOdNI$OayjqepX9XLTFekZ3iAF9BFP2apKHTDBOxPFOvscqzo=','2015-04-17 14:49:07',0,'therealdeal@spam.com','Bug','Buster','therealdeal@spam.com',0,1,'2015-04-03 01:46:32'),(5,'pbkdf2_sha256$15000$rpbJ0bfo7j2d$RJK4EtIyVIXW7zf1IJvk1tubwP1vKmPYf4csw+i6qZc=','2015-04-18 00:03:43',0,'thinesh@test.com','Test','Student','thinesh@test.com',0,1,'2015-04-05 03:04:17'),(6,'pbkdf2_sha256$15000$33iZZ01O9zfD$IiKbNCgr8DbCfayBz6IgLnSGaRZX9wUUuvsY7suN5vk=','2015-04-07 04:26:13',0,'arsalanali18@gmail.com','arsalan','ali','arsalanali18@gmail.com',0,1,'2015-04-05 16:24:14'),(7,'pbkdf2_sha256$15000$TcFwwB2Rl2mC$njX7ZTWSrkeet+p2O/hKojN1juhKtW8PuOIz6YYREcM=','2015-04-13 20:05:52',0,'mirzaman94@gmail.com','Nauman ','Mirza','mirzaman94@gmail.com',0,1,'2015-04-07 02:37:57'),(10,'pbkdf2_sha256$15000$gVdSAWHkaPfr$GLGaflNcSZMgYf10PCXdo1j0we1VLzDYkM0yZ1RJrKA=','2015-04-13 18:10:34',0,'ahmed.popal456@hotmail.com','ahmed','popal','ahmed.popal456@hotmail.com',0,1,'2015-04-07 22:16:32'),(11,'pbkdf2_sha256$15000$BGgQiI54d6O6$1jtOr9C7+ulCG+I9rPPHHGuScV95+TnHrLn8CR5w3cg=','2015-04-13 20:36:58',0,'blabla@bla.com','thinne','tttt','blabla@bla.com',0,1,'2015-04-12 14:02:28'),(12,'pbkdf2_sha256$15000$6SPvLGTeT8R5$4JE3+Nzr8lPP+Tp6nOWZp3wXY9DJ546psxY8dSzHfgg=','2015-04-13 00:14:34',0,'mario@test.com','M. Felipe','F.','mario@test.com',0,1,'2015-04-12 23:36:15'),(13,'pbkdf2_sha256$15000$OqAtBPSVHBf7$hbbsLPCYhSKnVRXBmp8O3CCdC2hDBJh4FJ4pNbdGPKM=','2015-04-13 04:54:45',0,'joey@me.com','joey','me','joey@me.com',0,1,'2015-04-13 04:54:23'),(14,'pbkdf2_sha256$15000$0fWE3vbL8ZYh$MUpN0Ole46JV8Dts7RJuhuQiR2yvpMKBzvXjDpqXNJ0=','2015-04-14 14:10:07',0,'me@eve.com','Evelyn','Eve','me@eve.com',0,1,'2015-04-13 15:31:07'),(15,'pbkdf2_sha256$15000$jGtbOJL1ucvb$fZnjRgqrrBzyaeypSSWifUcWRNcXJjnV9SIjfGif1uU=','2015-04-13 19:17:11',0,'philsylvestreca@gmail.com','phil','s','philsylvestreca@gmail.com',0,1,'2015-04-13 19:16:52'),(16,'pbkdf2_sha256$15000$LfJj0YqZNsbQ$JMbEiBKR0az/6e/9phebBSQAx94r8PONYrq/uSEZhV0=','2015-04-13 20:27:23',0,'nauman@test.com','Ying','Yang','nauman@test.com',0,1,'2015-04-13 20:07:52'),(18,'pbkdf2_sha256$15000$xibuFDN4gUbY$xFsCgZ/YOrP8h51AUz652b6lpe1S9kLZwcHTFrSrnzo=','2015-04-13 20:47:14',0,'sam@me.com','sam','sammy','sam@me.com',0,1,'2015-04-13 20:41:19'),(19,'pbkdf2_sha256$15000$DcSAEMvZ2m79$Rb1g6Ni2a/SyZBmmQYTSKWFuWG35nDlevb9mXDNMfNQ=','2015-04-15 03:50:09',0,'nicolecappadocia@gmail.com','Nicole','Cappuccino','nicolecappadocia@gmail.com',0,1,'2015-04-15 03:49:32');
/*!40000 ALTER TABLE `auth_user` ENABLE KEYS */;
UNLOCK TABLES;

--
-- Table structure for table `auth_user_groups`
--

DROP TABLE IF EXISTS `auth_user_groups`;
/*!40101 SET @saved_cs_client     = @@character_set_client */;
/*!40101 SET character_set_client = utf8 */;
CREATE TABLE `auth_user_groups` (
  `id` int(11) NOT NULL AUTO_INCREMENT,
  `user_id` int(11) NOT NULL,
  `group_id` int(11) NOT NULL,
  PRIMARY KEY (`id`),
  UNIQUE KEY `user_id` (`user_id`,`group_id`),
  KEY `auth_user_groups_e8701ad4` (`user_id`),
  KEY `auth_user_groups_0e939a4f` (`group_id`),
  CONSTRAINT `auth_user_groups_group_id_2a9d6125d5cd2527_fk_auth_group_id` FOREIGN KEY (`group_id`) REFERENCES `auth_group` (`id`),
  CONSTRAINT `auth_user_groups_user_id_22e610f65135a7a8_fk_auth_user_id` FOREIGN KEY (`user_id`) REFERENCES `auth_user` (`id`)
) ENGINE=InnoDB DEFAULT CHARSET=latin1;
/*!40101 SET character_set_client = @saved_cs_client */;

--
-- Dumping data for table `auth_user_groups`
--

LOCK TABLES `auth_user_groups` WRITE;
/*!40000 ALTER TABLE `auth_user_groups` DISABLE KEYS */;
/*!40000 ALTER TABLE `auth_user_groups` ENABLE KEYS */;
UNLOCK TABLES;

--
-- Table structure for table `auth_user_user_permissions`
--

DROP TABLE IF EXISTS `auth_user_user_permissions`;
/*!40101 SET @saved_cs_client     = @@character_set_client */;
/*!40101 SET character_set_client = utf8 */;
CREATE TABLE `auth_user_user_permissions` (
  `id` int(11) NOT NULL AUTO_INCREMENT,
  `user_id` int(11) NOT NULL,
  `permission_id` int(11) NOT NULL,
  PRIMARY KEY (`id`),
  UNIQUE KEY `user_id` (`user_id`,`permission_id`),
  KEY `auth_user_user_permissions_e8701ad4` (`user_id`),
  KEY `auth_user_user_permissions_8373b171` (`permission_id`),
  CONSTRAINT `auth_user_u_permission_id_637bf541bc7a8f51_fk_auth_permission_id` FOREIGN KEY (`permission_id`) REFERENCES `auth_permission` (`id`),
  CONSTRAINT `auth_user_user_permissi_user_id_14ce4264e26cbd33_fk_auth_user_id` FOREIGN KEY (`user_id`) REFERENCES `auth_user` (`id`)
) ENGINE=InnoDB DEFAULT CHARSET=latin1;
/*!40101 SET character_set_client = @saved_cs_client */;

--
-- Dumping data for table `auth_user_user_permissions`
--

LOCK TABLES `auth_user_user_permissions` WRITE;
/*!40000 ALTER TABLE `auth_user_user_permissions` DISABLE KEYS */;
/*!40000 ALTER TABLE `auth_user_user_permissions` ENABLE KEYS */;
UNLOCK TABLES;

--
-- Table structure for table `django_admin_log`
--

DROP TABLE IF EXISTS `django_admin_log`;
/*!40101 SET @saved_cs_client     = @@character_set_client */;
/*!40101 SET character_set_client = utf8 */;
CREATE TABLE `django_admin_log` (
  `id` int(11) NOT NULL AUTO_INCREMENT,
  `action_time` datetime NOT NULL,
  `object_id` longtext,
  `object_repr` varchar(200) NOT NULL,
  `action_flag` smallint(5) unsigned NOT NULL,
  `change_message` longtext NOT NULL,
  `content_type_id` int(11) DEFAULT NULL,
  `user_id` int(11) NOT NULL,
  PRIMARY KEY (`id`),
  KEY `django_admin_log_417f1b1c` (`content_type_id`),
  KEY `django_admin_log_e8701ad4` (`user_id`),
  CONSTRAINT `django_admin_log_user_id_19d4a8d95af315cd_fk_auth_user_id` FOREIGN KEY (`user_id`) REFERENCES `auth_user` (`id`),
  CONSTRAINT `djang_content_type_id_1b2cbe83b79b00ac_fk_django_content_type_id` FOREIGN KEY (`content_type_id`) REFERENCES `django_content_type` (`id`)
) ENGINE=InnoDB AUTO_INCREMENT=5 DEFAULT CHARSET=latin1;
/*!40101 SET character_set_client = @saved_cs_client */;

--
-- Dumping data for table `django_admin_log`
--

LOCK TABLES `django_admin_log` WRITE;
/*!40000 ALTER TABLE `django_admin_log` DISABLE KEYS */;
INSERT INTO `django_admin_log` VALUES (1,'2015-04-04 17:37:23','2','root',2,'Changed password.',4,1),(2,'2015-04-05 19:23:09','4','therealdeal@spam.com',2,'Changed password.',4,2),(3,'2015-04-13 05:03:20','2','root',2,'Changed password.',4,1),(4,'2015-04-13 05:03:33','2','root',2,'Changed email.',4,1);
/*!40000 ALTER TABLE `django_admin_log` ENABLE KEYS */;
UNLOCK TABLES;

--
-- Table structure for table `django_content_type`
--

DROP TABLE IF EXISTS `django_content_type`;
/*!40101 SET @saved_cs_client     = @@character_set_client */;
/*!40101 SET character_set_client = utf8 */;
CREATE TABLE `django_content_type` (
  `id` int(11) NOT NULL AUTO_INCREMENT,
  `name` varchar(100) NOT NULL,
  `app_label` varchar(100) NOT NULL,
  `model` varchar(100) NOT NULL,
  PRIMARY KEY (`id`),
  UNIQUE KEY `django_content_type_app_label_2acafebd5b566adc_uniq` (`app_label`,`model`)
) ENGINE=InnoDB AUTO_INCREMENT=19 DEFAULT CHARSET=latin1;
/*!40101 SET character_set_client = @saved_cs_client */;

--
-- Dumping data for table `django_content_type`
--

LOCK TABLES `django_content_type` WRITE;
/*!40000 ALTER TABLE `django_content_type` DISABLE KEYS */;
INSERT INTO `django_content_type` VALUES (1,'log entry','admin','logentry'),(2,'permission','auth','permission'),(3,'group','auth','group'),(4,'user','auth','user'),(5,'content type','contenttypes','contenttype'),(6,'session','sessions','session'),(7,'course','app','course'),(8,'academic program','app','academicprogram'),(9,'option','app','option'),(10,'event','app','event'),(11,'lecture','app','lecture'),(12,'tutorial','app','tutorial'),(13,'lab','app','lab'),(14,'schedule','app','schedule'),(15,'program director','app','programdirector'),(16,'professor','app','professor'),(17,'student record','app','studentrecord'),(18,'student','app','student');
/*!40000 ALTER TABLE `django_content_type` ENABLE KEYS */;
UNLOCK TABLES;

--
-- Table structure for table `django_migrations`
--

DROP TABLE IF EXISTS `django_migrations`;
/*!40101 SET @saved_cs_client     = @@character_set_client */;
/*!40101 SET character_set_client = utf8 */;
CREATE TABLE `django_migrations` (
  `id` int(11) NOT NULL AUTO_INCREMENT,
  `app` varchar(255) NOT NULL,
  `name` varchar(255) NOT NULL,
  `applied` datetime NOT NULL,
  PRIMARY KEY (`id`)
) ENGINE=InnoDB AUTO_INCREMENT=11 DEFAULT CHARSET=latin1;
/*!40101 SET character_set_client = @saved_cs_client */;

--
-- Dumping data for table `django_migrations`
--

LOCK TABLES `django_migrations` WRITE;
/*!40000 ALTER TABLE `django_migrations` DISABLE KEYS */;
INSERT INTO `django_migrations` VALUES (1,'contenttypes','0001_initial','2015-03-30 00:40:53'),(2,'auth','0001_initial','2015-03-30 00:40:58'),(3,'admin','0001_initial','2015-03-30 00:40:59'),(4,'app','0001_initial','2015-03-30 00:41:35'),(5,'sessions','0001_initial','2015-03-30 00:41:42'),(6,'app','0002_auto_20150329_2348','2015-03-30 03:49:07'),(7,'app','0003_auto_20150330_1617','2015-04-03 01:22:36'),(8,'app','0004_auto_20150402_2023','2015-04-03 01:22:36'),(9,'app','0005_auto_20150402_2131','2015-04-03 01:31:57'),(10,'app','0006_auto_20150405_1536','2015-04-05 19:37:08');
/*!40000 ALTER TABLE `django_migrations` ENABLE KEYS */;
UNLOCK TABLES;

--
-- Table structure for table `django_session`
--

DROP TABLE IF EXISTS `django_session`;
/*!40101 SET @saved_cs_client     = @@character_set_client */;
/*!40101 SET character_set_client = utf8 */;
CREATE TABLE `django_session` (
  `session_key` varchar(40) NOT NULL,
  `session_data` longtext NOT NULL,
  `expire_date` datetime NOT NULL,
  PRIMARY KEY (`session_key`),
  KEY `django_session_de54fa62` (`expire_date`)
) ENGINE=InnoDB DEFAULT CHARSET=latin1;
/*!40101 SET character_set_client = @saved_cs_client */;

--
-- Dumping data for table `django_session`
--

LOCK TABLES `django_session` WRITE;
/*!40000 ALTER TABLE `django_session` DISABLE KEYS */;
INSERT INTO `django_session` VALUES ('0ldi8zu3b340sl828wetsasljhjns0zr','ZGMxNzc0ZGM3OTMzYWEyNDAzNDQ0ZTRmMWUzN2UyZjA5NzI2N2Y4Mjp7Il9hdXRoX3VzZXJfaGFzaCI6IjI0ZGJkODUzYmU4MDA4MTc0NWY5ZGM1MGEyNmU3YzUyNzYxZGU4YjkiLCJfYXV0aF91c2VyX2lkIjo2LCJfYXV0aF91c2VyX2JhY2tlbmQiOiJkamFuZ28uY29udHJpYi5hdXRoLmJhY2tlbmRzLk1vZGVsQmFja2VuZCIsIl9zZXNzaW9uX2V4cGlyeSI6MH0=','2015-04-20 22:22:21'),('0vdfv0hf9qa9hsdxmcb9nktkc8ke8imd','ZTM4MjUwNDMyNmNlYTA4ZjhkZTIxNjU3YTg5N2I2YjY4N2Q3M2NhNDp7Il9hdXRoX3VzZXJfaWQiOjExLCJfYXV0aF91c2VyX2hhc2giOiI3MTFmNmYzNDkyODlkNDIzZWUyZTdlZDJlNDYwMWY4NTU5MGEwZjdkIiwiX2F1dGhfdXNlcl9iYWNrZW5kIjoiZGphbmdvLmNvbnRyaWIuYXV0aC5iYWNrZW5kcy5Nb2RlbEJhY2tlbmQiLCJfc2Vzc2lvbl9leHBpcnkiOjB9','2015-04-26 19:00:33'),('1ddzscr0a04b5qrfv016x49nlorf9rio','ZTU0ZDUzNjVhYjQ3ZjY1Mjg0ODlmY2I2ZmI5OWRjNTRkZWRhZDM0ZTp7Il9hdXRoX3VzZXJfaWQiOjIsIl9hdXRoX3VzZXJfaGFzaCI6ImQ2ZGY5MDQwMGZjMjY0MzBiNWExZDlkM2YwMjAxNjU2ZTBmNjEyZTkiLCJfc2Vzc2lvbl9leHBpcnkiOjAsIl9hdXRoX3VzZXJfYmFja2VuZCI6ImRqYW5nby5jb250cmliLmF1dGguYmFja2VuZHMuTW9kZWxCYWNrZW5kIn0=','2015-04-18 03:16:31'),('1zhyctbxy2rcxwcho65p18h0ui2mn1hw','YWU0ZmYxNzZiMjhlZTVjMWZhOTA0MGE0NTRiNGE0NDRmMGQzNzliODp7Il9hdXRoX3VzZXJfaWQiOjUsIl9zZXNzaW9uX2V4cGlyeSI6MCwiX2F1dGhfdXNlcl9iYWNrZW5kIjoiZGphbmdvLmNvbnRyaWIuYXV0aC5iYWNrZW5kcy5Nb2RlbEJhY2tlbmQiLCJfYXV0aF91c2VyX2hhc2giOiJiNmQwNTg3OGUzMWRlNTYwYWRmNjliZWJhMWYxNTk4Yjk2NTJmZjdmIn0=','2015-04-20 18:59:08'),('229fv0cc7a7pxogytl4gptdpvlsuk0yh','ZjBkZGUzMTdjNmRjNzU3ZGU5ZTkyZWJlNGFkZmIyMGVkZGM5ODk1ZDp7Il9hdXRoX3VzZXJfYmFja2VuZCI6ImRqYW5nby5jb250cmliLmF1dGguYmFja2VuZHMuTW9kZWxCYWNrZW5kIiwiX3Nlc3Npb25fZXhwaXJ5IjowLCJfYXV0aF91c2VyX2hhc2giOiJkNmRmOTA0MDBmYzI2NDMwYjVhMWQ5ZDNmMDIwMTY1NmUwZjYxMmU5IiwiX2F1dGhfdXNlcl9pZCI6Mn0=','2015-04-17 03:48:11'),('2uweedegna5sf6vsl9dlkiirsroabkon','M2RiOWJjZDRkMGYyODRjYTYzNTdmOWIxYmUxMDU1YmE0MzMwOWQyYjp7Il9hdXRoX3VzZXJfYmFja2VuZCI6ImRqYW5nby5jb250cmliLmF1dGguYmFja2VuZHMuTW9kZWxCYWNrZW5kIiwiX2F1dGhfdXNlcl9pZCI6MiwiX2F1dGhfdXNlcl9oYXNoIjoiMWZlMDZiZmRlMDlmZmJhMzIzN2I5NWM5YWE3ZjYyNTc3NDQ4ZDVjYiIsIl9zZXNzaW9uX2V4cGlyeSI6MH0=','2015-04-18 17:42:17'),('34alshj2numvh33yhf19j1l91hdoepwq','NjY0OWM1MTI0ZWU2M2VlMjliNTBiMjlkNTFmNGE3ODhmNjk3ZjhkNDp7Il9hdXRoX3VzZXJfaWQiOjIsIl9zZXNzaW9uX2V4cGlyeSI6MCwiX2F1dGhfdXNlcl9iYWNrZW5kIjoiZGphbmdvLmNvbnRyaWIuYXV0aC5iYWNrZW5kcy5Nb2RlbEJhY2tlbmQiLCJfYXV0aF91c2VyX2hhc2giOiI2MmNhOWIxNmI4MjU2NTlmNmExNzdmMTEzYjI0ODg2OTFlNWEzMTdkIn0=','2015-04-20 20:45:05'),('3cye8ie5n69qqewjvhwkd8fqdz5z9e22','YTI2NDM5ZWI1NTFjNGY1MTc0MzEwM2NiMmNmY2QzODU5ZGY2MGFmNTp7Il9hdXRoX3VzZXJfaWQiOjQsIl9hdXRoX3VzZXJfYmFja2VuZCI6ImRqYW5nby5jb250cmliLmF1dGguYmFja2VuZHMuTW9kZWxCYWNrZW5kIiwiX2F1dGhfdXNlcl9oYXNoIjoiNjg4ZmVmMmZhYzdkYzAzYjNjMjIwYjhmOGY1NGZkYzMyMGMwOGZhYiIsIl9zZXNzaW9uX2V4cGlyeSI6MH0=','2015-04-28 19:57:40'),('3dnsc6s9qpszyjxh7noevj2msvweztxu','ZTU0ZDUzNjVhYjQ3ZjY1Mjg0ODlmY2I2ZmI5OWRjNTRkZWRhZDM0ZTp7Il9hdXRoX3VzZXJfaWQiOjIsIl9hdXRoX3VzZXJfaGFzaCI6ImQ2ZGY5MDQwMGZjMjY0MzBiNWExZDlkM2YwMjAxNjU2ZTBmNjEyZTkiLCJfc2Vzc2lvbl9leHBpcnkiOjAsIl9hdXRoX3VzZXJfYmFja2VuZCI6ImRqYW5nby5jb250cmliLmF1dGguYmFja2VuZHMuTW9kZWxCYWNrZW5kIn0=','2015-04-18 01:47:39'),('3irms8jf4lqawg77nbkk6czm5v558gk7','OTE2ODFkMzUyYmE0M2Q0ZjY2Yzc5YzBhMmZmZWZlNDAzZmZiOTBmMjp7Il9hdXRoX3VzZXJfaGFzaCI6ImI2ZDA1ODc4ZTMxZGU1NjBhZGY2OWJlYmExZjE1OThiOTY1MmZmN2YiLCJfYXV0aF91c2VyX2JhY2tlbmQiOiJkamFuZ28uY29udHJpYi5hdXRoLmJhY2tlbmRzLk1vZGVsQmFja2VuZCIsIl9zZXNzaW9uX2V4cGlyeSI6MCwiX2F1dGhfdXNlcl9pZCI6NX0=','2015-04-19 03:27:41'),('4z4jt0wfzk2dyfo5j6blk5mws33f5i0w','M2I4NzkyYjY5MzlmOWJjY2E1N2NmMjhkMmE5YWZlYjNkNDVhYzM2YTp7Il9hdXRoX3VzZXJfaGFzaCI6ImQ2ZGY5MDQwMGZjMjY0MzBiNWExZDlkM2YwMjAxNjU2ZTBmNjEyZTkiLCJfc2Vzc2lvbl9leHBpcnkiOjAsIl9hdXRoX3VzZXJfYmFja2VuZCI6ImRqYW5nby5jb250cmliLmF1dGguYmFja2VuZHMuTW9kZWxCYWNrZW5kIiwiX2F1dGhfdXNlcl9pZCI6Mn0=','2015-04-18 03:41:32'),('5rmen6pkbnhbn9nt8lq7mg1mg8j5ntt9','ZDdkMTQ2NDQ4MTRhOWQxNDkxYWE1MzhiMWFlNDcxYzYwZmFhNzhlNjp7Il9hdXRoX3VzZXJfaGFzaCI6Ijg5YzQzZWJkZjIwNDhlMjhkNGEyMDRiYTAyOGQzNTQ5MWM5ZDEwMjciLCJfYXV0aF91c2VyX2lkIjo0LCJfYXV0aF91c2VyX2JhY2tlbmQiOiJkamFuZ28uY29udHJpYi5hdXRoLmJhY2tlbmRzLk1vZGVsQmFja2VuZCIsIl9zZXNzaW9uX2V4cGlyeSI6MH0=','2015-04-28 06:27:50'),('62u2kyytkr2y70upqzps8xk4f4cbcg4p','YjkzNDFjNDRlNWU2NTg4M2I2YjI1NjRhZjQ1ZjU0YzRhOWM1MzE4YTp7Il9hdXRoX3VzZXJfaWQiOjIsIl9hdXRoX3VzZXJfaGFzaCI6ImQ2ZGY5MDQwMGZjMjY0MzBiNWExZDlkM2YwMjAxNjU2ZTBmNjEyZTkiLCJfYXV0aF91c2VyX2JhY2tlbmQiOiJkamFuZ28uY29udHJpYi5hdXRoLmJhY2tlbmRzLk1vZGVsQmFja2VuZCJ9','2015-04-13 03:16:56'),('68wwe2zdozcpjzn3r4g0yiejhbi88oz1','ODRlN2RiZDFkOTY2MzgzNjIyYzZlMmU1MTFkMjRhNzEzZDM3YWVjMzp7Il9hdXRoX3VzZXJfaGFzaCI6ImNmNjdkZTVjNWQ1ZmE3MjI5NjAzNjY2Y2U2Mjg1MThkZjZiMmM5MWIiLCJfc2Vzc2lvbl9leHBpcnkiOjAsIl9hdXRoX3VzZXJfaWQiOjUsIl9hdXRoX3VzZXJfYmFja2VuZCI6ImRqYW5nby5jb250cmliLmF1dGguYmFja2VuZHMuTW9kZWxCYWNrZW5kIn0=','2015-04-27 20:08:10'),('69qlonhze8x0y3nhq3wwbd8vvyi6qanv','ZjE3ZjA2YTUyYzY5MTE0NmI1NDRjZjZjZjcxN2ZiNjdhODg0MWVmODp7Il9hdXRoX3VzZXJfaWQiOjUsIl9hdXRoX3VzZXJfaGFzaCI6ImI2ZDA1ODc4ZTMxZGU1NjBhZGY2OWJlYmExZjE1OThiOTY1MmZmN2YiLCJfYXV0aF91c2VyX2JhY2tlbmQiOiJkamFuZ28uY29udHJpYi5hdXRoLmJhY2tlbmRzLk1vZGVsQmFja2VuZCIsIl9zZXNzaW9uX2V4cGlyeSI6MH0=','2015-04-20 19:05:56'),('6rse5zmlxkvj4w1zrjr04d8zhzz0iood','YTY1YjE3OGFkYzU0MTdmNDZlNWIyMjQ3OWEzMmQyNGJlZmFmNDU1MTp7Il9hdXRoX3VzZXJfaWQiOjExLCJfYXV0aF91c2VyX2JhY2tlbmQiOiJkamFuZ28uY29udHJpYi5hdXRoLmJhY2tlbmRzLk1vZGVsQmFja2VuZCIsIl9hdXRoX3VzZXJfaGFzaCI6IjUxZDE2MmNjY2JjNjFhZjkyZTFhZDY1ODJiNDgyNTg0ZWNiYjRmOTgiLCJfc2Vzc2lvbl9leHBpcnkiOjB9','2015-04-26 18:27:28'),('6s5tohekag26hzstmgysfpwvnxvfl3w1','NTA5MGIwYTMwMjQxYWIwNWJjMDI4NDhjMmZiY2IwNTM2OTAyNDFhZjp7Il9hdXRoX3VzZXJfaWQiOjIsIl9hdXRoX3VzZXJfYmFja2VuZCI6ImRqYW5nby5jb250cmliLmF1dGguYmFja2VuZHMuTW9kZWxCYWNrZW5kIiwiX3Nlc3Npb25fZXhwaXJ5IjowLCJfYXV0aF91c2VyX2hhc2giOiIxZmUwNmJmZGUwOWZmYmEzMjM3Yjk1YzlhYTdmNjI1Nzc0NDhkNWNiIn0=','2015-04-18 17:46:27'),('6s8oj5ufcw3jk2faypni04vfc4pih75f','YWMyODBhYjg2MWI3ZGYzYmQ5ZGE2M2RjYjc1YmE2MTYzZjYyMzA3OTp7Il9hdXRoX3VzZXJfaWQiOjYsIl9hdXRoX3VzZXJfaGFzaCI6IjI0ZGJkODUzYmU4MDA4MTc0NWY5ZGM1MGEyNmU3YzUyNzYxZGU4YjkiLCJfYXV0aF91c2VyX2JhY2tlbmQiOiJkamFuZ28uY29udHJpYi5hdXRoLmJhY2tlbmRzLk1vZGVsQmFja2VuZCIsIl9zZXNzaW9uX2V4cGlyeSI6MH0=','2015-04-19 16:37:12'),('6x2ksquxl1p11fcjh2qccj5tzn8ov5xl','MDI2NjJhMWZkYzFjNDk5ZDkzZWQxMzQ2ZGY0ZTE2ZDY2MDliZDJhMjp7fQ==','2015-04-21 21:33:19'),('726y3qhfe7qmgy61rgjvgq11a1t33xs9','M2YyYmIxODljZWUxYzI4MGUzOTIwOTIwZTk4NDRkZDJmN2Y4M2RjYzp7Il9hdXRoX3VzZXJfYmFja2VuZCI6ImRqYW5nby5jb250cmliLmF1dGguYmFja2VuZHMuTW9kZWxCYWNrZW5kIiwiX2F1dGhfdXNlcl9oYXNoIjoiZjY3MmVhOGE1NDJkNTFhNzA4NTc3MjdhNGJjNTViZWU2YzRlN2NiYiIsIl9zZXNzaW9uX2V4cGlyeSI6MCwiX2F1dGhfdXNlcl9pZCI6Mn0=','2015-04-21 04:34:02'),('778myhqmdtz6s6g4bzi718iamk7zm0cg','NDAzODcyMGI4MDM1MTk3YTEzNDZkNDQ4OTEyZTlmMjBlNGYwNjVlODp7Il9hdXRoX3VzZXJfaGFzaCI6IjI0ZGJkODUzYmU4MDA4MTc0NWY5ZGM1MGEyNmU3YzUyNzYxZGU4YjkiLCJfYXV0aF91c2VyX2lkIjo2LCJfc2Vzc2lvbl9leHBpcnkiOjAsIl9hdXRoX3VzZXJfYmFja2VuZCI6ImRqYW5nby5jb250cmliLmF1dGguYmFja2VuZHMuTW9kZWxCYWNrZW5kIn0=','2015-04-20 23:59:32'),('7doeh02kg2n59w8669klwi69fftz3hvm','Nzk0NmJjYjFjMzc1NzUxNGNjZWFhMzA0N2Y5NTJmZDFhYTkxMDJlNzp7Il9zZXNzaW9uX2V4cGlyeSI6MCwiX2F1dGhfdXNlcl9iYWNrZW5kIjoiZGphbmdvLmNvbnRyaWIuYXV0aC5iYWNrZW5kcy5Nb2RlbEJhY2tlbmQiLCJfYXV0aF91c2VyX2lkIjoyLCJfYXV0aF91c2VyX2hhc2giOiJkNmRmOTA0MDBmYzI2NDMwYjVhMWQ5ZDNmMDIwMTY1NmUwZjYxMmU5In0=','2015-04-17 17:00:26'),('7ek5pjhg45y6xpfety4dycjdfextd2tn','MmYxZGQ2NDJjOGNjN2Y2ZTBjYjQ5OGE2NThmY2M5YTExZDU4Zjg4NDp7Il9hdXRoX3VzZXJfYmFja2VuZCI6ImRqYW5nby5jb250cmliLmF1dGguYmFja2VuZHMuTW9kZWxCYWNrZW5kIiwiX2F1dGhfdXNlcl9oYXNoIjoiMWZlMDZiZmRlMDlmZmJhMzIzN2I5NWM5YWE3ZjYyNTc3NDQ4ZDVjYiIsIl9hdXRoX3VzZXJfaWQiOjIsIl9zZXNzaW9uX2V4cGlyeSI6MH0=','2015-04-19 19:13:52'),('7k2r47x6xxleuf867iq5wbaivsl4ghax','MDI2NjJhMWZkYzFjNDk5ZDkzZWQxMzQ2ZGY0ZTE2ZDY2MDliZDJhMjp7fQ==','2015-04-18 18:44:39'),('8mxdntg18fslya5cf3p94dxqq53o8hwh','NTE0MzU2NzAxYjRmNmU5Y2FlMzUwM2M4ZmMxNzYwOTU5OTRlZDUzZTp7Il9hdXRoX3VzZXJfaWQiOjEwLCJfc2Vzc2lvbl9leHBpcnkiOjAsIl9hdXRoX3VzZXJfYmFja2VuZCI6ImRqYW5nby5jb250cmliLmF1dGguYmFja2VuZHMuTW9kZWxCYWNrZW5kIiwiX2F1dGhfdXNlcl9oYXNoIjoiZGJmM2RiMTc5MTkwZGY2Njc5NDFkMWZlMjBhOTViNGU3MGQ0YTBkNSJ9','2015-04-21 22:38:29'),('8vvwtah41pckdxdfw92ogvthuw3rftdt','Yzc3NzQ0NDJiNjExNzA0MGI3MDA2NWYzNGYxNzYwMzUwZGJiZDViMDp7Il9zZXNzaW9uX2V4cGlyeSI6MCwiX2F1dGhfdXNlcl9iYWNrZW5kIjoiZGphbmdvLmNvbnRyaWIuYXV0aC5iYWNrZW5kcy5Nb2RlbEJhY2tlbmQiLCJfYXV0aF91c2VyX2hhc2giOiJiNmQwNTg3OGUzMWRlNTYwYWRmNjliZWJhMWYxNTk4Yjk2NTJmZjdmIiwiX2F1dGhfdXNlcl9pZCI6NX0=','2015-04-19 21:47:50'),('8y6tdfx275fryf58n8jazg3f0t89it8a','NDc4NGM4MWRkMDA1MDU1NTE5MDljNDcwY2UyY2I1YzI5OGZkNjZlMTp7Il9hdXRoX3VzZXJfaGFzaCI6IjFmZjlmNDczZWYxMDQ1OTBhMGI0N2QxZTkyM2RkMWNhNzRmNTQ4MzEiLCJfc2Vzc2lvbl9leHBpcnkiOjAsIl9hdXRoX3VzZXJfaWQiOjE1LCJfYXV0aF91c2VyX2JhY2tlbmQiOiJkamFuZ28uY29udHJpYi5hdXRoLmJhY2tlbmRzLk1vZGVsQmFja2VuZCJ9','2015-04-27 19:17:11'),('95ywqhux2nrspzici1y7w9yzl5fh78da','MjZhNjA2MzdkYTNlMWEzMjBiMDkwYmRiMjU0NDdiNWI2ZjA1YTBjNDp7Il9hdXRoX3VzZXJfYmFja2VuZCI6ImRqYW5nby5jb250cmliLmF1dGguYmFja2VuZHMuTW9kZWxCYWNrZW5kIiwiX2F1dGhfdXNlcl9oYXNoIjoiOTBmYzdjZjM4ZTYxNmE3NzQwMGZlYzM3ZGM2YzlhOGZmNzQwMzNhZiIsIl9hdXRoX3VzZXJfaWQiOjExLCJfc2Vzc2lvbl9leHBpcnkiOjB9','2015-04-27 20:35:18'),('999rdl93jv84fkzxibgn7h47jvwm75b5','YTU4MGE5ODg5NzU0OGIyZjYxZGY3MGJhOTIxMWNlNTlkNGQzYjhhZTp7Il9hdXRoX3VzZXJfaGFzaCI6ImQ2ZGY5MDQwMGZjMjY0MzBiNWExZDlkM2YwMjAxNjU2ZTBmNjEyZTkiLCJfYXV0aF91c2VyX2JhY2tlbmQiOiJkamFuZ28uY29udHJpYi5hdXRoLmJhY2tlbmRzLk1vZGVsQmFja2VuZCIsIl9hdXRoX3VzZXJfaWQiOjJ9','2015-04-13 01:43:52'),('9d6slxrz4v99cs3g5vt5pg8i3b4cpll5','MDI2NjJhMWZkYzFjNDk5ZDkzZWQxMzQ2ZGY0ZTE2ZDY2MDliZDJhMjp7fQ==','2015-04-18 20:32:12'),('9vlvm7453u22wt43o0zj6a8h1va5oipw','ODJlYWI4NDE4NzAxYmE1NzYzY2NlNzMzOTIyODQ2ZGIyYmQ0N2I5Yjp7Il9zZXNzaW9uX2V4cGlyeSI6MCwiX2F1dGhfdXNlcl9iYWNrZW5kIjoiZGphbmdvLmNvbnRyaWIuYXV0aC5iYWNrZW5kcy5Nb2RlbEJhY2tlbmQiLCJfYXV0aF91c2VyX2lkIjo1LCJfYXV0aF91c2VyX2hhc2giOiJmNDBjZTRjNGMwMTQ4ZmE1N2YyN2UzZTI5ZGU4YWFjYWMxNzMwZmMwIn0=','2015-04-21 22:34:42'),('a5463rt5sbuly67m3fb4cqxymvk82tjn','MzM5ODI0OWUyMTY3YzQwYjYxMzRkMWZhYTg4MzZiNWM0MTdlOTY3ZTp7Il9hdXRoX3VzZXJfYmFja2VuZCI6ImRqYW5nby5jb250cmliLmF1dGguYmFja2VuZHMuTW9kZWxCYWNrZW5kIiwiX2F1dGhfdXNlcl9oYXNoIjoiOGJiZTI2YzJkY2ZkYjE4ZDFkZmM2OTYwZGU5NzkzZDYyYTQyYWI1NCIsIl9hdXRoX3VzZXJfaWQiOjQsIl9zZXNzaW9uX2V4cGlyeSI6MH0=','2015-04-21 02:51:52'),('a94sjcy5lb216mie1wrltqs2fxh0tt1k','NjNjZWRkNjhhZDI1NDMyMDE0NTdkZDNiODcwMGMyYWQ1Nzk5ODE3YTp7Il9hdXRoX3VzZXJfYmFja2VuZCI6ImRqYW5nby5jb250cmliLmF1dGguYmFja2VuZHMuTW9kZWxCYWNrZW5kIiwiX2F1dGhfdXNlcl9pZCI6MTIsIl9zZXNzaW9uX2V4cGlyeSI6MCwiX2F1dGhfdXNlcl9oYXNoIjoiZTE5NGEyOGY5ZmY4Y2MwMzkxMzI1NDdkNTA4OWRjODZhYjQwMzk5YiJ9','2015-04-27 00:14:35'),('anuyp7e8u6xfkbuquvbpfnkd4gipd7lb','OGI4NzY5NGNjZjkwZjU5MDRmM2VhZjc3MWVkN2MxM2VlZGVkODJmOTp7Il9zZXNzaW9uX2V4cGlyeSI6MCwiX2F1dGhfdXNlcl9pZCI6MiwiX2F1dGhfdXNlcl9iYWNrZW5kIjoiZGphbmdvLmNvbnRyaWIuYXV0aC5iYWNrZW5kcy5Nb2RlbEJhY2tlbmQiLCJfYXV0aF91c2VyX2hhc2giOiJkNmRmOTA0MDBmYzI2NDMwYjVhMWQ5ZDNmMDIwMTY1NmUwZjYxMmU5In0=','2015-04-17 18:57:17'),('ao2h3n5jejig90dq4bzkq6f5fyo081bj','MDI2NjJhMWZkYzFjNDk5ZDkzZWQxMzQ2ZGY0ZTE2ZDY2MDliZDJhMjp7fQ==','2015-04-30 06:09:44'),('aqknukub0cvleuuhzyx02hixjd0vp7by','MDI2NjJhMWZkYzFjNDk5ZDkzZWQxMzQ2ZGY0ZTE2ZDY2MDliZDJhMjp7fQ==','2015-04-18 17:34:45'),('ay498ckvoiuvkn09hiqmrgm7cj5m3ed7','NGRlZDdhNmY0OGY3ODZiNDQ3MmEwYWJhNDNhZmRmN2JhMmJjOTg2YTp7Il9zZXNzaW9uX2V4cGlyeSI6MCwiX2F1dGhfdXNlcl9iYWNrZW5kIjoiZGphbmdvLmNvbnRyaWIuYXV0aC5iYWNrZW5kcy5Nb2RlbEJhY2tlbmQiLCJfYXV0aF91c2VyX2lkIjo1LCJfYXV0aF91c2VyX2hhc2giOiJjZjY3ZGU1YzVkNWZhNzIyOTYwMzY2NmNlNjI4NTE4ZGY2YjJjOTFiIn0=','2015-05-02 00:03:43'),('ccq7ckf5cqbi32no60k0isjeillgrws2','MDI2NjJhMWZkYzFjNDk5ZDkzZWQxMzQ2ZGY0ZTE2ZDY2MDliZDJhMjp7fQ==','2015-04-18 17:22:06'),('cp6i1hjiyu7asu8a8px4ekux51fg4bm9','OWEzNGMwOGE5MTNhMDA1MTM0NzkzNzBiM2RkYjRlNDA1NjM5N2ZkMTp7Il9hdXRoX3VzZXJfaWQiOjIsIl9zZXNzaW9uX2V4cGlyeSI6MCwiX2F1dGhfdXNlcl9oYXNoIjoiZjY3MmVhOGE1NDJkNTFhNzA4NTc3MjdhNGJjNTViZWU2YzRlN2NiYiIsIl9hdXRoX3VzZXJfYmFja2VuZCI6ImRqYW5nby5jb250cmliLmF1dGguYmFja2VuZHMuTW9kZWxCYWNrZW5kIn0=','2015-04-26 02:30:29'),('d1zlrqn4vi1o0vjm0xr21kxhwideb00e','ZDJkOGRjYzcxMDU5NDQzN2IzNjI2MjJkN2NiNTRmNjA3OGIxYjk5ZDp7Il9zZXNzaW9uX2V4cGlyeSI6MCwiX2F1dGhfdXNlcl9pZCI6MiwiX2F1dGhfdXNlcl9iYWNrZW5kIjoiZGphbmdvLmNvbnRyaWIuYXV0aC5iYWNrZW5kcy5Nb2RlbEJhY2tlbmQiLCJfYXV0aF91c2VyX2hhc2giOiIxZmUwNmJmZGUwOWZmYmEzMjM3Yjk1YzlhYTdmNjI1Nzc0NDhkNWNiIn0=','2015-04-20 01:04:15'),('d6omjzy2wfqyon8g5cbv6fbrrjhzc8qj','NjdhNThkMTEyYmU0NzJlZDA3ZDVjZDBiNWYyYmZlZTBlY2U0NmFkODp7Il9hdXRoX3VzZXJfaGFzaCI6ImRiZjNkYjE3OTE5MGRmNjY3OTQxZDFmZTIwYTk1YjRlNzBkNGEwZDUiLCJfYXV0aF91c2VyX2lkIjoxMCwiX3Nlc3Npb25fZXhwaXJ5IjowLCJfYXV0aF91c2VyX2JhY2tlbmQiOiJkamFuZ28uY29udHJpYi5hdXRoLmJhY2tlbmRzLk1vZGVsQmFja2VuZCJ9','2015-04-26 07:01:22'),('d90e7olpoan5xm289sn6x7vgcszheek6','Y2VhZWMxNTVjMDM5YTk2NjdhZWZmOTZmNjVlNTIzMWY2MTBmNzA1Njp7Il9hdXRoX3VzZXJfaWQiOjQsIl9hdXRoX3VzZXJfaGFzaCI6IjY4OGZlZjJmYWM3ZGMwM2IzYzIyMGI4ZjhmNTRmZGMzMjBjMDhmYWIiLCJfc2Vzc2lvbl9leHBpcnkiOjAsIl9hdXRoX3VzZXJfYmFja2VuZCI6ImRqYW5nby5jb250cmliLmF1dGguYmFja2VuZHMuTW9kZWxCYWNrZW5kIn0=','2015-05-01 12:54:39'),('dbhasp0fd7u1vr6spebufbv30s1n5mck','MDI2NjJhMWZkYzFjNDk5ZDkzZWQxMzQ2ZGY0ZTE2ZDY2MDliZDJhMjp7fQ==','2015-04-27 05:10:56'),('e1jbqdrhp1ylh0i14bqnul0hodxpignd','YWNlYjZhZjA0ZTYyZWJkMDBjNzM3MDRmMTEyYzAwY2Q2Y2Y2YzVhODp7Il9hdXRoX3VzZXJfaWQiOjIsIl9hdXRoX3VzZXJfYmFja2VuZCI6ImRqYW5nby5jb250cmliLmF1dGguYmFja2VuZHMuTW9kZWxCYWNrZW5kIiwiX3Nlc3Npb25fZXhwaXJ5IjowLCJfYXV0aF91c2VyX2hhc2giOiJkNmRmOTA0MDBmYzI2NDMwYjVhMWQ5ZDNmMDIwMTY1NmUwZjYxMmU5In0=','2015-04-17 02:22:09'),('eomhu2hbp3i4esok2ewyjvamla64qhrj','MDAzMmI1OWY0YTZkZDU1NDQ0MDMxN2MzMmFjOTkwNWRlY2MwZmYxMjp7Il9hdXRoX3VzZXJfYmFja2VuZCI6ImRqYW5nby5jb250cmliLmF1dGguYmFja2VuZHMuTW9kZWxCYWNrZW5kIiwiX3Nlc3Npb25fZXhwaXJ5IjowLCJfYXV0aF91c2VyX2hhc2giOiJhNDdiOGI3ODRlNjFhZmUwNWI4MzkyYmI5Y2U0ZGFkNjMxMDgwM2I4IiwiX2F1dGhfdXNlcl9pZCI6NH0=','2015-04-21 13:54:12'),('ex1syk1k3g219pcwdhi0hdax3dd8oq7n','YjVjNDRkODUyM2RmMTY5NGUyNjNjMGZmNGQ4NDcxODU4ZjJiYzA0ZDp7Il9hdXRoX3VzZXJfaGFzaCI6IjcyMTExMWE2MDk2ZGUxOThkYjI5YjFjMTQzMWZiOGRlNGVjMDM1YmUiLCJfYXV0aF91c2VyX2JhY2tlbmQiOiJkamFuZ28uY29udHJpYi5hdXRoLmJhY2tlbmRzLk1vZGVsQmFja2VuZCIsIl9hdXRoX3VzZXJfaWQiOjR9','2015-04-26 03:30:07'),('f8zx4fjev21o1prw4ga1xkasq9yui769','NjY0OWM1MTI0ZWU2M2VlMjliNTBiMjlkNTFmNGE3ODhmNjk3ZjhkNDp7Il9hdXRoX3VzZXJfaWQiOjIsIl9zZXNzaW9uX2V4cGlyeSI6MCwiX2F1dGhfdXNlcl9iYWNrZW5kIjoiZGphbmdvLmNvbnRyaWIuYXV0aC5iYWNrZW5kcy5Nb2RlbEJhY2tlbmQiLCJfYXV0aF91c2VyX2hhc2giOiI2MmNhOWIxNmI4MjU2NTlmNmExNzdmMTEzYjI0ODg2OTFlNWEzMTdkIn0=','2015-04-20 22:19:16'),('frudcwaledovchzuv0xmxnb98khwpymx','MDczZTI2MWFkNmZhZjE1MjI4YTg4NTkyZTIwZWM2NTAyNTM2M2E4MTp7Il9hdXRoX3VzZXJfaGFzaCI6ImIyMWU1YWUwNGVjMDcyYzQxYTc0MjVkMGQ3ZDc4MmJjNTQ5ZTNjMzkiLCJfc2Vzc2lvbl9leHBpcnkiOjAsIl9hdXRoX3VzZXJfaWQiOjQsIl9hdXRoX3VzZXJfYmFja2VuZCI6ImRqYW5nby5jb250cmliLmF1dGguYmFja2VuZHMuTW9kZWxCYWNrZW5kIn0=','2015-04-27 18:21:15'),('fyg1z6ucyuq6poovsd5van50lx9xpos6','ZDBiZDFmYmI1OGNjYmEzYTI3OTQ2YTFjMjliOGJkMWFiNDA4ZmVmNjp7Il9zZXNzaW9uX2V4cGlyeSI6MCwiX2F1dGhfdXNlcl9oYXNoIjoiOTJmODc0YzI2NTE4YmRkZTk3ODFkZWQ5MzY0Nzg0MTgyN2IyMWNmNSIsIl9hdXRoX3VzZXJfYmFja2VuZCI6ImRqYW5nby5jb250cmliLmF1dGguYmFja2VuZHMuTW9kZWxCYWNrZW5kIiwiX2F1dGhfdXNlcl9pZCI6Mn0=','2015-04-20 17:18:44'),('gi1jm7jq5xe8ifn4yawrg4g3nn5fjnsp','NmIyNzI5YTE5YzQwMjkyZmRiMTczNjdmNTA0YjljMTYwMDI0ZGFjMjp7Il9hdXRoX3VzZXJfYmFja2VuZCI6ImRqYW5nby5jb250cmliLmF1dGguYmFja2VuZHMuTW9kZWxCYWNrZW5kIiwiX2F1dGhfdXNlcl9oYXNoIjoiNzIxMTExYTYwOTZkZTE5OGRiMjliMWMxNDMxZmI4ZGU0ZWMwMzViZSIsIl9zZXNzaW9uX2V4cGlyeSI6MCwiX2F1dGhfdXNlcl9pZCI6NH0=','2015-04-21 22:39:16'),('gtaf6an5146qm91xv4f8f25c86kg4sv5','MjJkOGYyNWE5OWE3YjlhYTA2NjFkMWMwZTAwZGE2N2YyNDcwZGQyMzp7Il9hdXRoX3VzZXJfYmFja2VuZCI6ImRqYW5nby5jb250cmliLmF1dGguYmFja2VuZHMuTW9kZWxCYWNrZW5kIiwiX2F1dGhfdXNlcl9pZCI6MiwiX3Nlc3Npb25fZXhwaXJ5IjowLCJfYXV0aF91c2VyX2hhc2giOiIxZmUwNmJmZGUwOWZmYmEzMjM3Yjk1YzlhYTdmNjI1Nzc0NDhkNWNiIn0=','2015-04-19 01:20:33'),('hilmrq6gf1n0aifta9kbbxtowi26v6dw','NjJmNmE1ZDY2MDZkMjk4OGU1ZGY0YWMwOGMxOThhZWFiZjY0OTQ4YTp7Il9zZXNzaW9uX2V4cGlyeSI6MCwiX2F1dGhfdXNlcl9pZCI6MTgsIl9hdXRoX3VzZXJfYmFja2VuZCI6ImRqYW5nby5jb250cmliLmF1dGguYmFja2VuZHMuTW9kZWxCYWNrZW5kIiwiX2F1dGhfdXNlcl9oYXNoIjoiYWUwNjU4ZTNhOTM4ODVjMDUxZTMxYmNiMGU1YjNjNDc2ODdkMTUwMCJ9','2015-04-27 20:47:15'),('hsnm8x7he5ye70em7gju1i1pe7416uee','NDA4ZGZhMTQ3MjY3ZjRhOTIwNzA1MmQ1OTA3MmY5NTVlMjkyZTRhNDp7Il9hdXRoX3VzZXJfYmFja2VuZCI6ImRqYW5nby5jb250cmliLmF1dGguYmFja2VuZHMuTW9kZWxCYWNrZW5kIiwiX2F1dGhfdXNlcl9oYXNoIjoiZDZkZjkwNDAwZmMyNjQzMGI1YTFkOWQzZjAyMDE2NTZlMGY2MTJlOSIsIl9hdXRoX3VzZXJfaWQiOjJ9','2015-04-13 18:44:07'),('hvmf3a1ee5n2bxgqpwqr1c9wr5dlc4pc','ZDJkOGRjYzcxMDU5NDQzN2IzNjI2MjJkN2NiNTRmNjA3OGIxYjk5ZDp7Il9zZXNzaW9uX2V4cGlyeSI6MCwiX2F1dGhfdXNlcl9pZCI6MiwiX2F1dGhfdXNlcl9iYWNrZW5kIjoiZGphbmdvLmNvbnRyaWIuYXV0aC5iYWNrZW5kcy5Nb2RlbEJhY2tlbmQiLCJfYXV0aF91c2VyX2hhc2giOiIxZmUwNmJmZGUwOWZmYmEzMjM3Yjk1YzlhYTdmNjI1Nzc0NDhkNWNiIn0=','2015-04-19 01:00:57'),('hx2st6ima70mjkm8dflh9i3drpmnid7v','MmU5OGFiZGZkNzlhZGU0ZThjZTRkNWE0MmViZTVmYTljY2MxMDBhMDp7Il9hdXRoX3VzZXJfYmFja2VuZCI6ImRqYW5nby5jb250cmliLmF1dGguYmFja2VuZHMuTW9kZWxCYWNrZW5kIiwiX2F1dGhfdXNlcl9oYXNoIjoiOTY5ZTA4MzBkZGFiZDdjNWM4ZmU0NDZmNTQ5MDI3MmRiM2ViOGQwYSIsIl9hdXRoX3VzZXJfaWQiOjE2LCJfc2Vzc2lvbl9leHBpcnkiOjB9','2015-04-27 20:27:23'),('j96euuacadrkfrpg75eqcmk3twyd4chv','ZDg1ZTI2N2E4ZjNiMDk3MzA5ZDNkODEzZDY5YzdkOWJhNTEzZGM1Nzp7Il9hdXRoX3VzZXJfaWQiOjE0LCJfYXV0aF91c2VyX2JhY2tlbmQiOiJkamFuZ28uY29udHJpYi5hdXRoLmJhY2tlbmRzLk1vZGVsQmFja2VuZCIsIl9hdXRoX3VzZXJfaGFzaCI6ImQ0OTliOTQyM2VjNjIwMGRlYzgxODA5ZWU3NTczNjBkOGI0ZjkzM2MiLCJfc2Vzc2lvbl9leHBpcnkiOjB9','2015-04-28 14:10:07'),('jdsyjz7y3cuzpkkz7loifraehx9re16v','NTIwZGFhOWE0MDUzM2RiYzMzNTk3NWI0ZDI1MjczNGI4NjY0M2NjYTp7Il9hdXRoX3VzZXJfYmFja2VuZCI6ImRqYW5nby5jb250cmliLmF1dGguYmFja2VuZHMuTW9kZWxCYWNrZW5kIiwiX2F1dGhfdXNlcl9pZCI6NiwiX3Nlc3Npb25fZXhwaXJ5IjowLCJfYXV0aF91c2VyX2hhc2giOiIyNGRiZDg1M2JlODAwODE3NDVmOWRjNTBhMjZlN2M1Mjc2MWRlOGI5In0=','2015-04-20 17:06:17'),('jry1ahsikcoi9slxz8t7buyyd9tcvgth','NTE0MzU2NzAxYjRmNmU5Y2FlMzUwM2M4ZmMxNzYwOTU5OTRlZDUzZTp7Il9hdXRoX3VzZXJfaWQiOjEwLCJfc2Vzc2lvbl9leHBpcnkiOjAsIl9hdXRoX3VzZXJfYmFja2VuZCI6ImRqYW5nby5jb250cmliLmF1dGguYmFja2VuZHMuTW9kZWxCYWNrZW5kIiwiX2F1dGhfdXNlcl9oYXNoIjoiZGJmM2RiMTc5MTkwZGY2Njc5NDFkMWZlMjBhOTViNGU3MGQ0YTBkNSJ9','2015-04-21 22:17:02'),('ka43dr87bq3hfgkbfqm8po2f2ntnstww','Y2ZmZjEwNTRiYmY5OGNlYTEzNTkzYWQ0YjE0YTA2YjMyNzM1ZDE1ODp7Il9hdXRoX3VzZXJfaGFzaCI6Ijk2OWUwODMwZGRhYmQ3YzVjOGZlNDQ2ZjU0OTAyNzJkYjNlYjhkMGEiLCJfc2Vzc2lvbl9leHBpcnkiOjAsIl9hdXRoX3VzZXJfaWQiOjE2LCJfYXV0aF91c2VyX2JhY2tlbmQiOiJkamFuZ28uY29udHJpYi5hdXRoLmJhY2tlbmRzLk1vZGVsQmFja2VuZCJ9','2015-04-27 20:08:15'),('ki8usc180sl8xjfakv3d964ynwe361wj','OGEwY2EwMjhjZmQ5YzA3NDVmZGY1OTY4YzQ3NDJkMzBiYjg3MDUxYTp7Il9zZXNzaW9uX2V4cGlyeSI6MCwiX2F1dGhfdXNlcl9pZCI6MiwiX2F1dGhfdXNlcl9oYXNoIjoiMWZlMDZiZmRlMDlmZmJhMzIzN2I5NWM5YWE3ZjYyNTc3NDQ4ZDVjYiIsIl9hdXRoX3VzZXJfYmFja2VuZCI6ImRqYW5nby5jb250cmliLmF1dGguYmFja2VuZHMuTW9kZWxCYWNrZW5kIn0=','2015-04-18 18:02:20'),('koo0xggh7n0o9ykw1vl3j1wrxbubzsig','MDI2NjJhMWZkYzFjNDk5ZDkzZWQxMzQ2ZGY0ZTE2ZDY2MDliZDJhMjp7fQ==','2015-04-17 17:13:07'),('kx73bvwa0t6o4v9c21qmtaht5rbifqf0','ZDBiZDFmYmI1OGNjYmEzYTI3OTQ2YTFjMjliOGJkMWFiNDA4ZmVmNjp7Il9zZXNzaW9uX2V4cGlyeSI6MCwiX2F1dGhfdXNlcl9oYXNoIjoiOTJmODc0YzI2NTE4YmRkZTk3ODFkZWQ5MzY0Nzg0MTgyN2IyMWNmNSIsIl9hdXRoX3VzZXJfYmFja2VuZCI6ImRqYW5nby5jb250cmliLmF1dGguYmFja2VuZHMuTW9kZWxCYWNrZW5kIiwiX2F1dGhfdXNlcl9pZCI6Mn0=','2015-04-20 17:17:22'),('l5dt1xrwfiqnpiz05m6i9rsa3dis6n96','MDczZTI2MWFkNmZhZjE1MjI4YTg4NTkyZTIwZWM2NTAyNTM2M2E4MTp7Il9hdXRoX3VzZXJfaGFzaCI6ImIyMWU1YWUwNGVjMDcyYzQxYTc0MjVkMGQ3ZDc4MmJjNTQ5ZTNjMzkiLCJfc2Vzc2lvbl9leHBpcnkiOjAsIl9hdXRoX3VzZXJfaWQiOjQsIl9hdXRoX3VzZXJfYmFja2VuZCI6ImRqYW5nby5jb250cmliLmF1dGguYmFja2VuZHMuTW9kZWxCYWNrZW5kIn0=','2015-04-27 20:06:41'),('lxb1pmhssxwo0bw39esv42svk5uioawo','ZDUxN2EzYWVjZmM2NjVlNDgzYmI2MTQzMTczNjU2ODkwMWU2ODZmMDp7Il9hdXRoX3VzZXJfYmFja2VuZCI6ImRqYW5nby5jb250cmliLmF1dGguYmFja2VuZHMuTW9kZWxCYWNrZW5kIiwiX3Nlc3Npb25fZXhwaXJ5IjowLCJfYXV0aF91c2VyX2lkIjoyLCJfYXV0aF91c2VyX2hhc2giOiIxZmUwNmJmZGUwOWZmYmEzMjM3Yjk1YzlhYTdmNjI1Nzc0NDhkNWNiIn0=','2015-04-18 20:33:50'),('lz8pca2is6md2fctdjvy42z1ta8y8pxr','NmUwM2Y1MjVjMjNjNTE1MTAzNWM3M2Q2NDNhMjQzNjE1MjM5OGFlNDp7Il9hdXRoX3VzZXJfYmFja2VuZCI6ImRqYW5nby5jb250cmliLmF1dGguYmFja2VuZHMuTW9kZWxCYWNrZW5kIiwiX3Nlc3Npb25fZXhwaXJ5IjowLCJfYXV0aF91c2VyX2lkIjoyLCJfYXV0aF91c2VyX2hhc2giOiI3YWQ3MjBmOGNhZjIzNmUzOTE1ZDU3Y2Y2NjRhNTBiZTEwODNiMzE1In0=','2015-04-21 01:18:30'),('m0v22wbm61n41holcs55t6lxe2qpo0yh','NTFlNWZhZTE2NDg2MWU4N2EyZTNhNTBjNzgyYmI1OGQyYTVkZTM0Mzp7Il9hdXRoX3VzZXJfaWQiOjIsIl9hdXRoX3VzZXJfYmFja2VuZCI6ImRqYW5nby5jb250cmliLmF1dGguYmFja2VuZHMuTW9kZWxCYWNrZW5kIiwiX2F1dGhfdXNlcl9oYXNoIjoiZDZkZjkwNDAwZmMyNjQzMGI1YTFkOWQzZjAyMDE2NTZlMGY2MTJlOSJ9','2015-04-13 03:20:56'),('m4km6c9brxjyjelvhdyv3sth4oe6h11d','YjYyZmU1ZjQ4ZjBlYTQ2ZWI3ZjJjNWNmYWVhMjQ2ZjAyYzMxOTlhYzp7Il9zZXNzaW9uX2V4cGlyeSI6MCwiX2F1dGhfdXNlcl9iYWNrZW5kIjoiZGphbmdvLmNvbnRyaWIuYXV0aC5iYWNrZW5kcy5Nb2RlbEJhY2tlbmQiLCJfYXV0aF91c2VyX2lkIjoyLCJfYXV0aF91c2VyX2hhc2giOiIxZmUwNmJmZGUwOWZmYmEzMjM3Yjk1YzlhYTdmNjI1Nzc0NDhkNWNiIn0=','2015-04-18 19:07:52'),('mh59owwp5t8cww5xlrtg8q89u2zbajs4','MjUxZmQ0MTQ1Yzk3ZjZiODk2MjcxOWQwY2M1MGMxZjQ0OTUwNzFjOTp7Il9hdXRoX3VzZXJfaWQiOjIsIl9zZXNzaW9uX2V4cGlyeSI6MCwiX2F1dGhfdXNlcl9oYXNoIjoiMWZlMDZiZmRlMDlmZmJhMzIzN2I5NWM5YWE3ZjYyNTc3NDQ4ZDVjYiIsIl9hdXRoX3VzZXJfYmFja2VuZCI6ImRqYW5nby5jb250cmliLmF1dGguYmFja2VuZHMuTW9kZWxCYWNrZW5kIn0=','2015-04-18 17:38:31'),('mkpt3tkytfxywq2vz8qyxs3bf831ux8f','ODJlYWI4NDE4NzAxYmE1NzYzY2NlNzMzOTIyODQ2ZGIyYmQ0N2I5Yjp7Il9zZXNzaW9uX2V4cGlyeSI6MCwiX2F1dGhfdXNlcl9iYWNrZW5kIjoiZGphbmdvLmNvbnRyaWIuYXV0aC5iYWNrZW5kcy5Nb2RlbEJhY2tlbmQiLCJfYXV0aF91c2VyX2lkIjo1LCJfYXV0aF91c2VyX2hhc2giOiJmNDBjZTRjNGMwMTQ4ZmE1N2YyN2UzZTI5ZGU4YWFjYWMxNzMwZmMwIn0=','2015-04-21 22:36:09'),('myrco3ktljfhxzzvqsqprtjut0wihtqj','YTI2NDM5ZWI1NTFjNGY1MTc0MzEwM2NiMmNmY2QzODU5ZGY2MGFmNTp7Il9hdXRoX3VzZXJfaWQiOjQsIl9hdXRoX3VzZXJfYmFja2VuZCI6ImRqYW5nby5jb250cmliLmF1dGguYmFja2VuZHMuTW9kZWxCYWNrZW5kIiwiX2F1dGhfdXNlcl9oYXNoIjoiNjg4ZmVmMmZhYzdkYzAzYjNjMjIwYjhmOGY1NGZkYzMyMGMwOGZhYiIsIl9zZXNzaW9uX2V4cGlyeSI6MH0=','2015-04-28 14:59:54'),('mz9z4rxr9jkswp4y7bwt3avshjhynb53','YTE1ZjU1YzNkZDY5MDZiMjhhZjdlOGRlNjdmOTZmYzE4YjFiYzc5MDp7Il9hdXRoX3VzZXJfaGFzaCI6IjY4OGZlZjJmYWM3ZGMwM2IzYzIyMGI4ZjhmNTRmZGMzMjBjMDhmYWIiLCJfYXV0aF91c2VyX2JhY2tlbmQiOiJkamFuZ28uY29udHJpYi5hdXRoLmJhY2tlbmRzLk1vZGVsQmFja2VuZCIsIl9zZXNzaW9uX2V4cGlyeSI6MCwiX2F1dGhfdXNlcl9pZCI6NH0=','2015-05-01 14:49:07'),('n6kztl3p8pysycsrqgt08ggw9aw2wikd','NWEyMGJjZjdmYzgwMjI2MWM2MzRkYzRjNTdhMTdmYTY0MTM1YzMyNTp7Il9hdXRoX3VzZXJfaWQiOjExLCJfYXV0aF91c2VyX2hhc2giOiI5MGZjN2NmMzhlNjE2YTc3NDAwZmVjMzdkYzZjOWE4ZmY3NDAzM2FmIiwiX3Nlc3Npb25fZXhwaXJ5IjowLCJfYXV0aF91c2VyX2JhY2tlbmQiOiJkamFuZ28uY29udHJpYi5hdXRoLmJhY2tlbmRzLk1vZGVsQmFja2VuZCJ9','2015-04-26 20:32:53'),('ofz203tqvy0zvw8gnzthd4cvrfb9o11e','MWU4NjM2YzUzOGVmNWQ0OTRiN2M3ODU3NmFkZTM4MWEzNmE0NjNjZjp7Il9hdXRoX3VzZXJfaGFzaCI6ImNmNjdkZTVjNWQ1ZmE3MjI5NjAzNjY2Y2U2Mjg1MThkZjZiMmM5MWIiLCJfYXV0aF91c2VyX2lkIjo1LCJfc2Vzc2lvbl9leHBpcnkiOjAsIl9hdXRoX3VzZXJfYmFja2VuZCI6ImRqYW5nby5jb250cmliLmF1dGguYmFja2VuZHMuTW9kZWxCYWNrZW5kIn0=','2015-04-29 21:10:00'),('ognyimlkb6il2omopn9kd20fyhg7s6te','NWJiNzczZTkxMjBhM2RjNWZmMDI5MzczODYzZWI2ZWY1MTIxYmI1MTp7Il9hdXRoX3VzZXJfaGFzaCI6ImM2NDhhYzFkYjViNjIyZTUzZmJhNjY4YjYxOTU5YzVhYjEyMjdmZjIiLCJfYXV0aF91c2VyX2JhY2tlbmQiOiJkamFuZ28uY29udHJpYi5hdXRoLmJhY2tlbmRzLk1vZGVsQmFja2VuZCIsIl9hdXRoX3VzZXJfaWQiOjQsIl9zZXNzaW9uX2V4cGlyeSI6MH0=','2015-04-27 17:49:38'),('oivtjppe7aruac47inyr0k9r7k1ybedw','YThmMjhhYzM5OTQ5MWY2ZjM4OWUwM2EwYWU4OTgwNTA1ODQ0NjJlNDp7Il9hdXRoX3VzZXJfYmFja2VuZCI6ImRqYW5nby5jb250cmliLmF1dGguYmFja2VuZHMuTW9kZWxCYWNrZW5kIiwiX2F1dGhfdXNlcl9pZCI6MiwiX2F1dGhfdXNlcl9oYXNoIjoiZDZkZjkwNDAwZmMyNjQzMGI1YTFkOWQzZjAyMDE2NTZlMGY2MTJlOSJ9','2015-04-13 19:19:15'),('or8pi3q1xk49egdjo0iwydv8usyv78eb','MjZhNjA2MzdkYTNlMWEzMjBiMDkwYmRiMjU0NDdiNWI2ZjA1YTBjNDp7Il9hdXRoX3VzZXJfYmFja2VuZCI6ImRqYW5nby5jb250cmliLmF1dGguYmFja2VuZHMuTW9kZWxCYWNrZW5kIiwiX2F1dGhfdXNlcl9oYXNoIjoiOTBmYzdjZjM4ZTYxNmE3NzQwMGZlYzM3ZGM2YzlhOGZmNzQwMzNhZiIsIl9hdXRoX3VzZXJfaWQiOjExLCJfc2Vzc2lvbl9leHBpcnkiOjB9','2015-04-27 20:36:58'),('oy06ksmyv4pedp961kpfvxa0eu5rbvk2','OGVkNGNkYWU5YzcxYzMyZDI1NzY2NGE1YmJmNmUxZWExOTE5ODhiMzp7Il9hdXRoX3VzZXJfaWQiOjIsIl9hdXRoX3VzZXJfYmFja2VuZCI6ImRqYW5nby5jb250cmliLmF1dGguYmFja2VuZHMuTW9kZWxCYWNrZW5kIiwiX3Nlc3Npb25fZXhwaXJ5IjowLCJfYXV0aF91c2VyX2hhc2giOiI1ZTcwMTk1ZmI4NjMxYmRlMDNhMzRiMGVjMTViMzk5ZTUxNzRhZDI2In0=','2015-04-20 20:40:16'),('pe91rbojf5c62saa26x7b2euq62glrrv','NDY2NjYyMjI0YTU3M2M5MjhmOWZmY2MyNWVmOWQwYTI3MzcxZjRiMDp7Il9zZXNzaW9uX2V4cGlyeSI6MCwiX2F1dGhfdXNlcl9pZCI6NCwiX2F1dGhfdXNlcl9iYWNrZW5kIjoiZGphbmdvLmNvbnRyaWIuYXV0aC5iYWNrZW5kcy5Nb2RlbEJhY2tlbmQiLCJfYXV0aF91c2VyX2hhc2giOiJhN2E3MGM1MTNlY2E0MWRhN2UyZjRlYTk0ZmFmNjU0NDA4NWZkNWQ5In0=','2015-04-21 11:40:03'),('pk3dxk92dvd97ru9jjxvy87b85hr4cld','ZWViYTRkZWE2OTFkMzkzOGM0MjRjY2RiZTVkY2I5YWZiZjc5N2Q5MDp7Il9hdXRoX3VzZXJfaGFzaCI6ImRiZjNkYjE3OTE5MGRmNjY3OTQxZDFmZTIwYTk1YjRlNzBkNGEwZDUiLCJfYXV0aF91c2VyX2JhY2tlbmQiOiJkamFuZ28uY29udHJpYi5hdXRoLmJhY2tlbmRzLk1vZGVsQmFja2VuZCIsIl9hdXRoX3VzZXJfaWQiOjEwLCJfc2Vzc2lvbl9leHBpcnkiOjB9','2015-04-23 00:35:21'),('pnfxax0qlhm77ojawxpxn4u0v5mfqidt','M2RiOWJjZDRkMGYyODRjYTYzNTdmOWIxYmUxMDU1YmE0MzMwOWQyYjp7Il9hdXRoX3VzZXJfYmFja2VuZCI6ImRqYW5nby5jb250cmliLmF1dGguYmFja2VuZHMuTW9kZWxCYWNrZW5kIiwiX2F1dGhfdXNlcl9pZCI6MiwiX2F1dGhfdXNlcl9oYXNoIjoiMWZlMDZiZmRlMDlmZmJhMzIzN2I5NWM5YWE3ZjYyNTc3NDQ4ZDVjYiIsIl9zZXNzaW9uX2V4cGlyeSI6MH0=','2015-04-18 18:41:29'),('pzmgpe9ty6ga6mrrts4octkryr49h1sh','OWEzNGMwOGE5MTNhMDA1MTM0NzkzNzBiM2RkYjRlNDA1NjM5N2ZkMTp7Il9hdXRoX3VzZXJfaWQiOjIsIl9zZXNzaW9uX2V4cGlyeSI6MCwiX2F1dGhfdXNlcl9oYXNoIjoiZjY3MmVhOGE1NDJkNTFhNzA4NTc3MjdhNGJjNTViZWU2YzRlN2NiYiIsIl9hdXRoX3VzZXJfYmFja2VuZCI6ImRqYW5nby5jb250cmliLmF1dGguYmFja2VuZHMuTW9kZWxCYWNrZW5kIn0=','2015-04-26 02:04:06'),('qdxnmjrijiww2c4n88e93j2bfds2ouy5','ZWJmNGViNWVjMzU5MzlkYjkzMGUyMTAxZjFkNWUwZTlhZTNjMjRhMDp7Il9hdXRoX3VzZXJfaWQiOjUsIl9hdXRoX3VzZXJfaGFzaCI6ImNmNjdkZTVjNWQ1ZmE3MjI5NjAzNjY2Y2U2Mjg1MThkZjZiMmM5MWIiLCJfYXV0aF91c2VyX2JhY2tlbmQiOiJkamFuZ28uY29udHJpYi5hdXRoLmJhY2tlbmRzLk1vZGVsQmFja2VuZCIsIl9zZXNzaW9uX2V4cGlyeSI6MH0=','2015-04-26 23:45:45'),('qx9eyqjtelkq7ym3cx0v6ppezpzbl5k4','MzA4NGFmYjZjYjZhODJmMmMzZmNmZThmZmYxZWRlNzlkOWJiZTZmYzp7Il9hdXRoX3VzZXJfYmFja2VuZCI6ImRqYW5nby5jb250cmliLmF1dGguYmFja2VuZHMuTW9kZWxCYWNrZW5kIiwiX2F1dGhfdXNlcl9pZCI6NSwiX2F1dGhfdXNlcl9oYXNoIjoiY2Y2N2RlNWM1ZDVmYTcyMjk2MDM2NjZjZTYyODUxOGRmNmIyYzkxYiIsIl9zZXNzaW9uX2V4cGlyeSI6MH0=','2015-04-22 01:52:41'),('r4qbr6vtwq8kpq6mx2ia2bus1nb3mu4r','MDI2NjJhMWZkYzFjNDk5ZDkzZWQxMzQ2ZGY0ZTE2ZDY2MDliZDJhMjp7fQ==','2015-04-21 22:16:44'),('riy4g9qtiwyhdx53andgtlhtxlu2vb1n','MmJhMDRkNTdiMTFmYzI4YjdlNjg0ZTcxODNjZmQ5YWFiNjBkMzVhZTp7Il9zZXNzaW9uX2V4cGlyeSI6MCwiX2F1dGhfdXNlcl9pZCI6NCwiX2F1dGhfdXNlcl9oYXNoIjoiNzIxMTExYTYwOTZkZTE5OGRiMjliMWMxNDMxZmI4ZGU0ZWMwMzViZSIsIl9hdXRoX3VzZXJfYmFja2VuZCI6ImRqYW5nby5jb250cmliLmF1dGguYmFja2VuZHMuTW9kZWxCYWNrZW5kIn0=','2015-04-22 05:21:15'),('sq1bbsp07yj4svapumskvfjl9mqi6bgp','NmUwM2Y1MjVjMjNjNTE1MTAzNWM3M2Q2NDNhMjQzNjE1MjM5OGFlNDp7Il9hdXRoX3VzZXJfYmFja2VuZCI6ImRqYW5nby5jb250cmliLmF1dGguYmFja2VuZHMuTW9kZWxCYWNrZW5kIiwiX3Nlc3Npb25fZXhwaXJ5IjowLCJfYXV0aF91c2VyX2lkIjoyLCJfYXV0aF91c2VyX2hhc2giOiI3YWQ3MjBmOGNhZjIzNmUzOTE1ZDU3Y2Y2NjRhNTBiZTEwODNiMzE1In0=','2015-04-21 01:15:39'),('srqnanmqe9fexvwosveimdtnul367at0','NDQ5NzBiNjk5YTUzZDA1MWQ2NzY5YzNhODg0OGU2MTczOTUwNDg2YTp7Il9zZXNzaW9uX2V4cGlyeSI6MCwiX2F1dGhfdXNlcl9iYWNrZW5kIjoiZGphbmdvLmNvbnRyaWIuYXV0aC5iYWNrZW5kcy5Nb2RlbEJhY2tlbmQiLCJfYXV0aF91c2VyX2hhc2giOiI2ODhmZWYyZmFjN2RjMDNiM2MyMjBiOGY4ZjU0ZmRjMzIwYzA4ZmFiIiwiX2F1dGhfdXNlcl9pZCI6NH0=','2015-04-29 13:51:09'),('t671e9xpqu1jazr9teemypw0qmxn68pw','MTljMWU2ZGEwYjI2ZGI4ZWM4ZTM4M2ZjNmQ5OGU3YzBhMWNmMjM5OTp7Il9zZXNzaW9uX2V4cGlyeSI6MCwiX2F1dGhfdXNlcl9pZCI6NCwiX2F1dGhfdXNlcl9oYXNoIjoiNjg4ZmVmMmZhYzdkYzAzYjNjMjIwYjhmOGY1NGZkYzMyMGMwOGZhYiIsIl9hdXRoX3VzZXJfYmFja2VuZCI6ImRqYW5nby5jb250cmliLmF1dGguYmFja2VuZHMuTW9kZWxCYWNrZW5kIn0=','2015-04-30 04:22:25'),('td66p1kh3tttva491lauvcq0asi4jf66','MDI2NjJhMWZkYzFjNDk5ZDkzZWQxMzQ2ZGY0ZTE2ZDY2MDliZDJhMjp7fQ==','2015-04-19 05:18:44'),('tzkcu6p49lkbl5vlvy75au1bhofo0eg2','ZTgxZWZkYmM5N2ZmMjViOTBlMGRjODliZWFlYzI1Y2MzM2IxZjk0YTp7Il9hdXRoX3VzZXJfaWQiOjQsIl9hdXRoX3VzZXJfYmFja2VuZCI6ImRqYW5nby5jb250cmliLmF1dGguYmFja2VuZHMuTW9kZWxCYWNrZW5kIiwiX2F1dGhfdXNlcl9oYXNoIjoiNzIxMTExYTYwOTZkZTE5OGRiMjliMWMxNDMxZmI4ZGU0ZWMwMzViZSIsIl9zZXNzaW9uX2V4cGlyeSI6MH0=','2015-04-26 06:08:29'),('utcqqwnbkn6k8eeug06whnxcnlxnncli','YWMxMTdiMzI1NzVjNTQ5YjY5ZGQxNGZkMjliYmFhZDFhYTg5MTg4Yzp7Il9zZXNzaW9uX2V4cGlyeSI6MCwiX2F1dGhfdXNlcl9oYXNoIjoiZjY3MmVhOGE1NDJkNTFhNzA4NTc3MjdhNGJjNTViZWU2YzRlN2NiYiIsIl9hdXRoX3VzZXJfYmFja2VuZCI6ImRqYW5nby5jb250cmliLmF1dGguYmFja2VuZHMuTW9kZWxCYWNrZW5kIiwiX2F1dGhfdXNlcl9pZCI6Mn0=','2015-04-26 15:16:46'),('uw835ebuyuz4bts8lxf387rn9bnnt5b8','ZjE3ZjA2YTUyYzY5MTE0NmI1NDRjZjZjZjcxN2ZiNjdhODg0MWVmODp7Il9hdXRoX3VzZXJfaWQiOjUsIl9hdXRoX3VzZXJfaGFzaCI6ImI2ZDA1ODc4ZTMxZGU1NjBhZGY2OWJlYmExZjE1OThiOTY1MmZmN2YiLCJfYXV0aF91c2VyX2JhY2tlbmQiOiJkamFuZ28uY29udHJpYi5hdXRoLmJhY2tlbmRzLk1vZGVsQmFja2VuZCIsIl9zZXNzaW9uX2V4cGlyeSI6MH0=','2015-04-21 22:30:06'),('uznwowffoo938wt95udkesrs23hlishp','Y2JkYTgzNDhlYWU4ZGExZWQxMTRjMDNhZWVmZmNlNDg4N2MwYjM0Yjp7Il9hdXRoX3VzZXJfYmFja2VuZCI6ImRqYW5nby5jb250cmliLmF1dGguYmFja2VuZHMuTW9kZWxCYWNrZW5kIiwiX3Nlc3Npb25fZXhwaXJ5IjowLCJfYXV0aF91c2VyX2lkIjo0LCJfYXV0aF91c2VyX2hhc2giOiIwOGQyNjQyNmI0YWUxMGU0MzBkMDU5MzliNTFlZGYyOWY1MmVhYjYyIn0=','2015-04-19 19:26:24'),('v7wbkdjzcnhmazuzp9aux4s3jzt9ky1i','M2I4NzkyYjY5MzlmOWJjY2E1N2NmMjhkMmE5YWZlYjNkNDVhYzM2YTp7Il9hdXRoX3VzZXJfaGFzaCI6ImQ2ZGY5MDQwMGZjMjY0MzBiNWExZDlkM2YwMjAxNjU2ZTBmNjEyZTkiLCJfc2Vzc2lvbl9leHBpcnkiOjAsIl9hdXRoX3VzZXJfYmFja2VuZCI6ImRqYW5nby5jb250cmliLmF1dGguYmFja2VuZHMuTW9kZWxCYWNrZW5kIiwiX2F1dGhfdXNlcl9pZCI6Mn0=','2015-04-17 22:33:04'),('vcfoqzpc8ykdlnuykktawh6qngm2wnga','MDI2NjJhMWZkYzFjNDk5ZDkzZWQxMzQ2ZGY0ZTE2ZDY2MDliZDJhMjp7fQ==','2015-04-26 19:35:16'),('vevnt6g4w0f69hnejw35yd5a5rulyi4p','ZjEzNDAyMzRjMzc5YjA3OTQ3ZWMzYzI4NzhlZThjY2U3ZDRjYmUzNTp7Il9hdXRoX3VzZXJfYmFja2VuZCI6ImRqYW5nby5jb250cmliLmF1dGguYmFja2VuZHMuTW9kZWxCYWNrZW5kIiwiX2F1dGhfdXNlcl9pZCI6NSwiX2F1dGhfdXNlcl9oYXNoIjoiYjZkMDU4NzhlMzFkZTU2MGFkZjY5YmViYTFmMTU5OGI5NjUyZmY3ZiIsIl9zZXNzaW9uX2V4cGlyeSI6MH0=','2015-04-21 22:21:38'),('vkzff0xc3xrwi9bjdxxsyk9yhjh740r1','MDI2NjJhMWZkYzFjNDk5ZDkzZWQxMzQ2ZGY0ZTE2ZDY2MDliZDJhMjp7fQ==','2015-04-22 00:07:41'),('vlpwyad0vbod9qskwuqu2eg7f2znd28d','ODJlYWI4NDE4NzAxYmE1NzYzY2NlNzMzOTIyODQ2ZGIyYmQ0N2I5Yjp7Il9zZXNzaW9uX2V4cGlyeSI6MCwiX2F1dGhfdXNlcl9iYWNrZW5kIjoiZGphbmdvLmNvbnRyaWIuYXV0aC5iYWNrZW5kcy5Nb2RlbEJhY2tlbmQiLCJfYXV0aF91c2VyX2lkIjo1LCJfYXV0aF91c2VyX2hhc2giOiJmNDBjZTRjNGMwMTQ4ZmE1N2YyN2UzZTI5ZGU4YWFjYWMxNzMwZmMwIn0=','2015-04-21 22:42:36'),('vn6vi7wmrt9t0tglvv6i1h8hk2vsdxzu','ZDNkODIyNDQ4ZmQ5YjlkNjc5NTY4MzBiOGM3YzJhZjkxM2M5YjY2OTp7Il9zZXNzaW9uX2V4cGlyeSI6MCwiX2F1dGhfdXNlcl9iYWNrZW5kIjoiZGphbmdvLmNvbnRyaWIuYXV0aC5iYWNrZW5kcy5Nb2RlbEJhY2tlbmQiLCJfYXV0aF91c2VyX2lkIjo2LCJfYXV0aF91c2VyX2hhc2giOiIyNGRiZDg1M2JlODAwODE3NDVmOWRjNTBhMjZlN2M1Mjc2MWRlOGI5In0=','2015-04-20 17:31:11'),('vtyhut13skljgc1mnovp51eh0e4fbz1u','Mzg3NmZkYTIzZjU1MTgwOWM1YmMwOGQzNDUwYjEzMjY0ZDQ2OTJkOTp7Il9hdXRoX3VzZXJfaGFzaCI6ImRiZjNkYjE3OTE5MGRmNjY3OTQxZDFmZTIwYTk1YjRlNzBkNGEwZDUiLCJfc2Vzc2lvbl9leHBpcnkiOjAsIl9hdXRoX3VzZXJfaWQiOjEwLCJfYXV0aF91c2VyX2JhY2tlbmQiOiJkamFuZ28uY29udHJpYi5hdXRoLmJhY2tlbmRzLk1vZGVsQmFja2VuZCJ9','2015-04-27 18:10:34'),('vyi9jzad94wjtq8u1ppya1x4wjn75cia','M2RiOWJjZDRkMGYyODRjYTYzNTdmOWIxYmUxMDU1YmE0MzMwOWQyYjp7Il9hdXRoX3VzZXJfYmFja2VuZCI6ImRqYW5nby5jb250cmliLmF1dGguYmFja2VuZHMuTW9kZWxCYWNrZW5kIiwiX2F1dGhfdXNlcl9pZCI6MiwiX2F1dGhfdXNlcl9oYXNoIjoiMWZlMDZiZmRlMDlmZmJhMzIzN2I5NWM5YWE3ZjYyNTc3NDQ4ZDVjYiIsIl9zZXNzaW9uX2V4cGlyeSI6MH0=','2015-04-18 18:15:09'),('w5y5bxg13ehtkctn05yme7hqkyer9hme','ZTgxZWZkYmM5N2ZmMjViOTBlMGRjODliZWFlYzI1Y2MzM2IxZjk0YTp7Il9hdXRoX3VzZXJfaWQiOjQsIl9hdXRoX3VzZXJfYmFja2VuZCI6ImRqYW5nby5jb250cmliLmF1dGguYmFja2VuZHMuTW9kZWxCYWNrZW5kIiwiX2F1dGhfdXNlcl9oYXNoIjoiNzIxMTExYTYwOTZkZTE5OGRiMjliMWMxNDMxZmI4ZGU0ZWMwMzViZSIsIl9zZXNzaW9uX2V4cGlyeSI6MH0=','2015-04-26 23:59:41'),('x1c0co98r5ts0ps5xh89bq4kgg7j3uof','NWI0ZjJlZWY5YzY4YWJkNzI0YzBiYTRhOTQ2NWI1MDkxNmYyN2E4Mzp7Il9hdXRoX3VzZXJfaGFzaCI6IjFmZTA2YmZkZTA5ZmZiYTMyMzdiOTVjOWFhN2Y2MjU3NzQ0OGQ1Y2IiLCJfc2Vzc2lvbl9leHBpcnkiOjAsIl9hdXRoX3VzZXJfaWQiOjIsIl9hdXRoX3VzZXJfYmFja2VuZCI6ImRqYW5nby5jb250cmliLmF1dGguYmFja2VuZHMuTW9kZWxCYWNrZW5kIn0=','2015-04-20 07:13:40'),('x6c9mlscxss7rgy7amfxd8ebtesze0p9','ZjEzNmVmNGRiNjExMWI2ZTdkZjE2ZTRmM2E2YmZhYzEwMTEwYTg4NDp7Il9hdXRoX3VzZXJfaWQiOjE5LCJfYXV0aF91c2VyX2hhc2giOiJhZWNlN2JiZTUzZDZiNTBiODFjZTg0MWUzMmE0NTNlNjFiMDMyMmU2IiwiX2F1dGhfdXNlcl9iYWNrZW5kIjoiZGphbmdvLmNvbnRyaWIuYXV0aC5iYWNrZW5kcy5Nb2RlbEJhY2tlbmQiLCJfc2Vzc2lvbl9leHBpcnkiOjB9','2015-04-29 03:50:09'),('xllxse2xybtayiiok7px5010ltwgrwre','MWY3ODJmODgwYTBmMjA5ZGRmMjAwNWZjMWJhOWJiNmU0ZWE3YTE3ODp7Il9hdXRoX3VzZXJfaGFzaCI6IjI0ZGJkODUzYmU4MDA4MTc0NWY5ZGM1MGEyNmU3YzUyNzYxZGU4YjkiLCJfc2Vzc2lvbl9leHBpcnkiOjAsIl9hdXRoX3VzZXJfYmFja2VuZCI6ImRqYW5nby5jb250cmliLmF1dGguYmFja2VuZHMuTW9kZWxCYWNrZW5kIiwiX2F1dGhfdXNlcl9pZCI6Nn0=','2015-04-21 04:26:13'),('xrczylwoiqroqtk9fi08za1ghwgvmj5b','MWY3ODJmODgwYTBmMjA5ZGRmMjAwNWZjMWJhOWJiNmU0ZWE3YTE3ODp7Il9hdXRoX3VzZXJfaGFzaCI6IjI0ZGJkODUzYmU4MDA4MTc0NWY5ZGM1MGEyNmU3YzUyNzYxZGU4YjkiLCJfc2Vzc2lvbl9leHBpcnkiOjAsIl9hdXRoX3VzZXJfYmFja2VuZCI6ImRqYW5nby5jb250cmliLmF1dGguYmFja2VuZHMuTW9kZWxCYWNrZW5kIiwiX2F1dGhfdXNlcl9pZCI6Nn0=','2015-04-20 21:08:42'),('yc48i7m3l3s9vo8nhceek9qwd7thzy4b','NDQ3MDdkMTFlOWRhYzUxYjg5YzQ3Mzg0OGI5NDQzOWZlZWEzNTBiYTp7Il9hdXRoX3VzZXJfaGFzaCI6IjFmZTA2YmZkZTA5ZmZiYTMyMzdiOTVjOWFhN2Y2MjU3NzQ0OGQ1Y2IiLCJfYXV0aF91c2VyX2lkIjoyLCJfc2Vzc2lvbl9leHBpcnkiOjAsIl9hdXRoX3VzZXJfYmFja2VuZCI6ImRqYW5nby5jb250cmliLmF1dGguYmFja2VuZHMuTW9kZWxCYWNrZW5kIn0=','2015-04-18 19:30:14'),('yxoiavqhh1a111du0jgxtgyrxya6nnoo','M2RiOWJjZDRkMGYyODRjYTYzNTdmOWIxYmUxMDU1YmE0MzMwOWQyYjp7Il9hdXRoX3VzZXJfYmFja2VuZCI6ImRqYW5nby5jb250cmliLmF1dGguYmFja2VuZHMuTW9kZWxCYWNrZW5kIiwiX2F1dGhfdXNlcl9pZCI6MiwiX2F1dGhfdXNlcl9oYXNoIjoiMWZlMDZiZmRlMDlmZmJhMzIzN2I5NWM5YWE3ZjYyNTc3NDQ4ZDVjYiIsIl9zZXNzaW9uX2V4cGlyeSI6MH0=','2015-04-18 18:08:55'),('z3le3yzv76rn03glb4q2lqwaxnibbjpw','ZTU0ZDUzNjVhYjQ3ZjY1Mjg0ODlmY2I2ZmI5OWRjNTRkZWRhZDM0ZTp7Il9hdXRoX3VzZXJfaWQiOjIsIl9hdXRoX3VzZXJfaGFzaCI6ImQ2ZGY5MDQwMGZjMjY0MzBiNWExZDlkM2YwMjAxNjU2ZTBmNjEyZTkiLCJfc2Vzc2lvbl9leHBpcnkiOjAsIl9hdXRoX3VzZXJfYmFja2VuZCI6ImRqYW5nby5jb250cmliLmF1dGguYmFja2VuZHMuTW9kZWxCYWNrZW5kIn0=','2015-04-18 17:22:14'),('z9ov3knxezbfr5wcbt2r2gcz1olz5rqv','YWJjNDAxMTY2ZTcyZjNhNWYxYmZkMTJhOGQyMjIyOWMxMWI3NDU1MTp7Il9hdXRoX3VzZXJfaWQiOjQsImF1dG9fc2NoZWR1bGVzIjoiW3tcImZpZWxkc1wiOiB7XCJ0dXRvcmlhbExpc3RcIjogWzQzMl0sIFwieWVhclwiOiBcIjFcIiwgXCJzZW1lc3RlclwiOiBcIkZhbGxcIiwgXCJsYWJMaXN0XCI6IFtdLCBcImxlY3R1cmVMaXN0XCI6IFszMTNdfSwgXCJtb2RlbFwiOiBcImFwcC5zY2hlZHVsZVwiLCBcInBrXCI6IDEwOX0sIHtcImZpZWxkc1wiOiB7XCJ0dXRvcmlhbExpc3RcIjogWzQzM10sIFwieWVhclwiOiBcIjFcIiwgXCJzZW1lc3RlclwiOiBcIkZhbGxcIiwgXCJsYWJMaXN0XCI6IFtdLCBcImxlY3R1cmVMaXN0XCI6IFszMTNdfSwgXCJtb2RlbFwiOiBcImFwcC5zY2hlZHVsZVwiLCBcInBrXCI6IDExMH0sIHtcImZpZWxkc1wiOiB7XCJ0dXRvcmlhbExpc3RcIjogWzQzNF0sIFwieWVhclwiOiBcIjFcIiwgXCJzZW1lc3RlclwiOiBcIkZhbGxcIiwgXCJsYWJMaXN0XCI6IFtdLCBcImxlY3R1cmVMaXN0XCI6IFszMTNdfSwgXCJtb2RlbFwiOiBcImFwcC5zY2hlZHVsZVwiLCBcInBrXCI6IDExMX0sIHtcImZpZWxkc1wiOiB7XCJ0dXRvcmlhbExpc3RcIjogWzQzNV0sIFwieWVhclwiOiBcIjFcIiwgXCJzZW1lc3RlclwiOiBcIkZhbGxcIiwgXCJsYWJMaXN0XCI6IFtdLCBcImxlY3R1cmVMaXN0XCI6IFszMTNdfSwgXCJtb2RlbFwiOiBcImFwcC5zY2hlZHVsZVwiLCBcInBrXCI6IDExMn0sIHtcImZpZWxkc1wiOiB7XCJ0dXRvcmlhbExpc3RcIjogWzQzOF0sIFwieWVhclwiOiBcIjFcIiwgXCJzZW1lc3RlclwiOiBcIkZhbGxcIiwgXCJsYWJMaXN0XCI6IFtdLCBcImxlY3R1cmVMaXN0XCI6IFszMTRdfSwgXCJtb2RlbFwiOiBcImFwcC5zY2hlZHVsZVwiLCBcInBrXCI6IDExM30sIHtcImZpZWxkc1wiOiB7XCJ0dXRvcmlhbExpc3RcIjogWzQzOV0sIFwieWVhclwiOiBcIjFcIiwgXCJzZW1lc3RlclwiOiBcIkZhbGxcIiwgXCJsYWJMaXN0XCI6IFtdLCBcImxlY3R1cmVMaXN0XCI6IFszMTRdfSwgXCJtb2RlbFwiOiBcImFwcC5zY2hlZHVsZVwiLCBcInBrXCI6IDExNH1dIiwiX2F1dGhfdXNlcl9oYXNoIjoiODljNDNlYmRmMjA0OGUyOGQ0YTIwNGJhMDI4ZDM1NDkxYzlkMTAyNyIsIl9zZXNzaW9uX2V4cGlyeSI6MCwiX2F1dGhfdXNlcl9iYWNrZW5kIjoiZGphbmdvLmNvbnRyaWIuYXV0aC5iYWNrZW5kcy5Nb2RlbEJhY2tlbmQifQ==','2015-04-28 08:13:20'),('zq9tftiyf858gtl2ycxsj3z9y6hnytuc','ODgxY2YxYTI2YzRlZWRiOGM1NWI5MWY0MWVlMjZhMTViYjllYWQyZDp7Il9hdXRoX3VzZXJfaGFzaCI6ImQ2ZGY5MDQwMGZjMjY0MzBiNWExZDlkM2YwMjAxNjU2ZTBmNjEyZTkiLCJfYXV0aF91c2VyX2JhY2tlbmQiOiJkamFuZ28uY29udHJpYi5hdXRoLmJhY2tlbmRzLk1vZGVsQmFja2VuZCIsIl9hdXRoX3VzZXJfaWQiOjIsIl9zZXNzaW9uX2V4cGlyeSI6MH0=','2015-04-17 04:21:15');
/*!40000 ALTER TABLE `django_session` ENABLE KEYS */;
UNLOCK TABLES;
/*!40103 SET TIME_ZONE=@OLD_TIME_ZONE */;

/*!40101 SET SQL_MODE=@OLD_SQL_MODE */;
/*!40014 SET FOREIGN_KEY_CHECKS=@OLD_FOREIGN_KEY_CHECKS */;
/*!40014 SET UNIQUE_CHECKS=@OLD_UNIQUE_CHECKS */;
/*!40101 SET CHARACTER_SET_CLIENT=@OLD_CHARACTER_SET_CLIENT */;
/*!40101 SET CHARACTER_SET_RESULTS=@OLD_CHARACTER_SET_RESULTS */;
/*!40101 SET COLLATION_CONNECTION=@OLD_COLLATION_CONNECTION */;
/*!40111 SET SQL_NOTES=@OLD_SQL_NOTES */;

-- Dump completed on 2015-04-17 20:33:32
